recv_ts_utc,exch_ts_ms,inst_id,side,pos_side,sz,bk_px,raw_json
2026-08-31T00:00:02.451413Z,1788134400822,SKHYNIX-USDT-SWAP,sell,long,0.139,1160.03,"{""bkLoss"":""0"",""bkPx"":""1160.03"",""ccy"":"""",""posSide"":""long"",""side"":""sell"",""sz"":""0.139"",""ts"":""1788134400822""}"
2026-08-31T00:00:05.392128Z,1788134403227,MVLL-USDT-SWAP,sell,long,0.3,24.34,"{""bkLoss"":""0"",""bkPx"":""24.34"",""ccy"":"""",""posSide"":""long"",""side"":""sell"",""sz"":""0.3"",""ts"":""1788134403227""}"
2026-08-31T00:00:12.500275Z,1788134410989,MVLL-USDT-SWAP,sell,long,3.3,24.25,"{""bkLoss"":""0"",""bkPx"":""24.25"",""ccy"":"""",""posSide"":""long"",""side"":""sell"",""sz"":""3.3"",""ts"":""1788134410989""}"
2026-08-31T00:00:12.817200Z,1788134411380,SOXS-USDT-SWAP,buy,short,1.9,51.18,"{""bkLoss"":""0"",""bkPx"":""51.18"",""ccy"":"""",""posSide"":""short"",""side"":""buy"",""sz"":""1.9"",""ts"":""1788134411380""}"
2026-08-31T00:00:13.990043Z,1788134412815,KORU-USDT-SWAP,sell,long,6.51,20.09,"{""bkLoss"":""0"",""bkPx"":""20.09"",""ccy"":"""",""posSide"":""long"",""side"":""sell"",""sz"":""6.51"",""ts"":""1788134412815""}"
2026-08-31T00:00:15.039540Z,1788134412470,SOL-USDT-SWAP,sell,long,2.33,101.34,"{""bkLoss"":""0"",""bkPx"":""101.34"",""ccy"":"""",""posSide"":""long"",""side"":""sell"",""sz"":""2.33"",""ts"":""1788134412470""}"
2026-08-31T00:00:15.251193Z,1788134413841,KORU-USDT-SWAP,sell,long,4.15,19.99,"{""bkLoss"":""0"",""bkPx"":""19.99"",""ccy"":"""",""posSide"":""long"",""side"":""sell"",""sz"":""4.15"",""ts"":""1788134413841""}"
2026-08-31T00:00:16.292599Z,1788134414924,MRVL-USDT-SWAP,sell,long,1.13,212.76,"{""bkLoss"":""0"",""bkPx"":""212.76"",""ccy"":"""",""posSide"":""long"",""side"":""sell"",""sz"":""1.13"",""ts"":""1788134414924""}"
2026-08-31T00:00:17.719297Z,1788134409435,SOXL-USDT-SWAP,sell,long,117.86,108.55,"{""bkLoss"":""0"",""bkPx"":""108.55"",""ccy"":"""",""posSide"":""long"",""side"":""sell"",""sz"":""117.86"",""ts"":""1788134409435""}"
2026-08-31T00:00:18.488262Z,1788134417622,SOXL-USDT-SWAP,sell,long,1200,108.07,"{""bkLoss"":""0"",""bkPx"":""108.07"",""ccy"":"""",""posSide"":""long"",""side"":""sell"",""sz"":""1200"",""ts"":""1788134417622""}"
2026-08-31T00:00:22.562530Z,1788134421291,KORU-USDT-SWAP,sell,long,22.57,19.97,"{""bkLoss"":""0"",""bkPx"":""19.97"",""ccy"":"""",""posSide"":""long"",""side"":""sell"",""sz"":""22.57"",""ts"":""1788134421291""}"
2026-08-31T00:00:23.435056Z,1788134422521,SOL-USDT-SWAP,sell,long,6.11,101.28,"{""bkLoss"":""0"",""bkPx"":""101.28"",""ccy"":"""",""posSide"":""long"",""side"":""sell"",""sz"":""6.11"",""ts"":""1788134422521""}"
2026-08-31T00:00:23.784753Z,1788134422921,SKHYNIX-USDT-SWAP,sell,long,1.638,1158.12,"{""bkLoss"":""0"",""bkPx"":""1158.12"",""ccy"":"""",""posSide"":""long"",""side"":""sell"",""sz"":""1.638"",""ts"":""1788134422921""}"
2026-08-31T00:00:25.540017Z,1788134424441,SOL-USDT-SWAP,sell,long,0.91,101.22,"{""bkLoss"":""0"",""bkPx"":""101.22"",""ccy"":"""",""posSide"":""long"",""side"":""sell"",""sz"":""0.91"",""ts"":""1788134424441""}"
2026-08-31T00:00:29.133596Z,1788134427749,SKHYNIX-USDT-SWAP,sell,long,0.234,1156.28,"{""bkLoss"":""0"",""bkPx"":""1156.28"",""ccy"":"""",""posSide"":""long"",""side"":""sell"",""sz"":""0.234"",""ts"":""1788134427749""}"
2026-08-31T00:00:29.181934Z,1788134427956,SOL-USDT-SWAP,sell,long,0.66,101.17,"{""bkLoss"":""0"",""bkPx"":""101.17"",""ccy"":"""",""posSide"":""long"",""side"":""sell"",""sz"":""0.66"",""ts"":""1788134427956""}"
2026-08-31T00:00:30.307021Z,1788134429106,SOXL-USDT-SWAP,sell,long,7.58,107.96,"{""bkLoss"":""0"",""bkPx"":""107.96"",""ccy"":"""",""posSide"":""long"",""side"":""sell"",""sz"":""7.58"",""ts"":""1788134429106""}"
2026-08-31T00:00:30.337052Z,1788134429477,KORU-USDT-SWAP,sell,long,0.06,19.86,"{""bkLoss"":""0"",""bkPx"":""19.86"",""ccy"":"""",""posSide"":""long"",""side"":""sell"",""sz"":""0.06"",""ts"":""1788134429477""}"
2026-08-31T00:00:30.941613Z,1788134430009,INTC-USDT-SWAP,sell,long,4.5,87.83,"{""bkLoss"":""0"",""bkPx"":""87.83"",""ccy"":"""",""posSide"":""long"",""side"":""sell"",""sz"":""4.5"",""ts"":""1788134430009""}"
2026-08-31T00:00:31.120000Z,1788134430283,MU-USDT-SWAP,sell,long,0.67,915.68,"{""bkLoss"":""0"",""bkPx"":""915.68"",""ccy"":"""",""posSide"":""long"",""side"":""sell"",""sz"":""0.67"",""ts"":""1788134430283""}"
2026-08-31T00:00:31.127549Z,1788134430283,SNDK-USDT-SWAP,sell,long,0.42,1451.25,"{""bkLoss"":""0"",""bkPx"":""1451.25"",""ccy"":"""",""posSide"":""long"",""side"":""sell"",""sz"":""0.42"",""ts"":""1788134430283""}"
2026-08-31T00:00:31.135544Z,1788134430283,SKHYNIX-USDT-SWAP,sell,long,0.513,1156.24,"{""bkLoss"":""0"",""bkPx"":""1156.24"",""ccy"":"""",""posSide"":""long"",""side"":""sell"",""sz"":""0.513"",""ts"":""1788134430283""}"
2026-08-31T00:00:31.934273Z,1788134430599,WDC-USDT-SWAP,sell,long,3.93,453,"{""bkLoss"":""0"",""bkPx"":""453"",""ccy"":"""",""posSide"":""long"",""side"":""sell"",""sz"":""3.93"",""ts"":""1788134430599""}"
2026-08-31T00:00:32.020341Z,1788134423735,MRVL-USDT-SWAP,sell,long,0.19,212.48,"{""bkLoss"":""0"",""bkPx"":""212.48"",""ccy"":"""",""posSide"":""long"",""side"":""sell"",""sz"":""0.19"",""ts"":""1788134423735""}"
2026-08-31T00:00:37.444816Z,1788134427697,KORU-USDT-SWAP,sell,long,6.38,19.91,"{""bkLoss"":""0"",""bkPx"":""19.91"",""ccy"":"""",""posSide"":""long"",""side"":""sell"",""sz"":""6.38"",""ts"":""1788134427697""}"
2026-08-31T00:00:38.471525Z,1788134437208,NVDA-USDT-SWAP,sell,long,1.93,216.46,"{""bkLoss"":""0"",""bkPx"":""216.46"",""ccy"":"""",""posSide"":""long"",""side"":""sell"",""sz"":""1.93"",""ts"":""1788134437208""}"
2026-08-31T00:00:41.258419Z,1788134438922,SOXL-USDT-SWAP,sell,long,0.19,107.7,"{""bkLoss"":""0"",""bkPx"":""107.7"",""ccy"":"""",""posSide"":""long"",""side"":""sell"",""sz"":""0.19"",""ts"":""1788134438922""}"
2026-08-31T00:00:41.421898Z,1788134440570,NVDL-USDT-SWAP,sell,long,110.7,32.99,"{""bkLoss"":""0"",""bkPx"":""32.99"",""ccy"":"""",""posSide"":""long"",""side"":""sell"",""sz"":""110.7"",""ts"":""1788134440570""}"
2026-08-31T00:00:43.228126Z,1788134441781,KORU-USDT-SWAP,sell,long,0.13,19.8,"{""bkLoss"":""0"",""bkPx"":""19.8"",""ccy"":"""",""posSide"":""long"",""side"":""sell"",""sz"":""0.13"",""ts"":""1788134441781""}"
2026-08-31T00:00:44.561246Z,1788134441056,NVDL-USDT-SWAP,sell,long,25.1,33.25,"{""bkLoss"":""0"",""bkPx"":""33.25"",""ccy"":"""",""posSide"":""long"",""side"":""sell"",""sz"":""25.1"",""ts"":""1788134441056""}"
2026-08-31T00:00:45.582909Z,1788134433056,COHR-USDT-SWAP,sell,long,3.85,276.69,"{""bkLoss"":""0"",""bkPx"":""276.69"",""ccy"":"""",""posSide"":""long"",""side"":""sell"",""sz"":""3.85"",""ts"":""1788134433056""}"
2026-08-31T00:00:45.593111Z,1788134434085,ZKP-USDT-SWAP,buy,short,844,0.05309,"{""bkLoss"":""0"",""bkPx"":""0.05309"",""ccy"":"""",""posSide"":""short"",""side"":""buy"",""sz"":""844"",""ts"":""1788134434085""}"
2026-08-31T00:00:46.517289Z,1788134445585,MRVL-USDT-SWAP,sell,long,0.42,212.32,"{""bkLoss"":""0"",""bkPx"":""212.32"",""ccy"":"""",""posSide"":""long"",""side"":""sell"",""sz"":""0.42"",""ts"":""1788134445585""}"
2026-08-31T00:00:47.673706Z,1788134446839,SOL-USDT-SWAP,sell,long,14.89,101.14,"{""bkLoss"":""0"",""bkPx"":""101.14"",""ccy"":"""",""posSide"":""long"",""side"":""sell"",""sz"":""14.89"",""ts"":""1788134446839""}"
2026-08-31T00:00:48.151157Z,1788134431371,SKHYNIX-USDT-SWAP,sell,long,10.765,1155.92,"{""bkLoss"":""0"",""bkPx"":""1155.92"",""ccy"":"""",""posSide"":""long"",""side"":""sell"",""sz"":""10.765"",""ts"":""1788134431371""}"
2026-08-31T00:00:48.784727Z,1788134447260,SOL-USDT-SWAP,sell,long,11.23,101.13,"{""bkLoss"":""0"",""bkPx"":""101.13"",""ccy"":"""",""posSide"":""long"",""side"":""sell"",""sz"":""11.23"",""ts"":""1788134447260""}"
2026-08-31T00:00:48.814123Z,1788134447864,OUST-USDT-SWAP,sell,long,5.7,34.53,"{""bkLoss"":""0"",""bkPx"":""34.53"",""ccy"":"""",""posSide"":""long"",""side"":""sell"",""sz"":""5.7"",""ts"":""1788134447864""}"
2026-08-31T00:00:50.880005Z,1788134433507,AMAT-USDT-SWAP,sell,long,0.39,459.84,"{""bkLoss"":""0"",""bkPx"":""459.84"",""ccy"":"""",""posSide"":""long"",""side"":""sell"",""sz"":""0.39"",""ts"":""1788134433507""}"
2026-08-31T00:00:51.431248Z,1788134450666,MVLL-USDT-SWAP,sell,long,1.1,24.06,"{""bkLoss"":""0"",""bkPx"":""24.06"",""ccy"":"""",""posSide"":""long"",""side"":""sell"",""sz"":""1.1"",""ts"":""1788134450666""}"
2026-08-31T00:00:52.066994Z,1788134451279,MVLL-USDT-SWAP,sell,long,66.6,24.02,"{""bkLoss"":""0"",""bkPx"":""24.02"",""ccy"":"""",""posSide"":""long"",""side"":""sell"",""sz"":""66.6"",""ts"":""1788134451279""}"
2026-08-31T00:00:52.514631Z,1788134451612,ANIME-USDT-SWAP,buy,short,832,0.002841,"{""bkLoss"":""0"",""bkPx"":""0.002841"",""ccy"":"""",""posSide"":""short"",""side"":""buy"",""sz"":""832"",""ts"":""1788134451612""}"
2026-08-31T00:00:55.735991Z,1788134454464,NOK-USDT-SWAP,sell,long,45.5,10.128,"{""bkLoss"":""0"",""bkPx"":""10.128"",""ccy"":"""",""posSide"":""long"",""side"":""sell"",""sz"":""45.5"",""ts"":""1788134454464""}"
2026-08-31T00:00:56.091477Z,1788134454951,SOXL-USDT-SWAP,sell,long,0.9,107.25,"{""bkLoss"":""0"",""bkPx"":""107.25"",""ccy"":"""",""posSide"":""long"",""side"":""sell"",""sz"":""0.9"",""ts"":""1788134454951""}"
2026-08-31T00:00:56.783735Z,1788134443979,MRVL-USDT-SWAP,sell,long,3.03,212.4,"{""bkLoss"":""0"",""bkPx"":""212.4"",""ccy"":"""",""posSide"":""long"",""side"":""sell"",""sz"":""3.03"",""ts"":""1788134443979""}"
2026-08-31T00:00:56.790227Z,1788134443979,DOS-USDT-SWAP,buy,short,13,0.3066,"{""bkLoss"":""0"",""bkPx"":""0.3066"",""ccy"":"""",""posSide"":""short"",""side"":""buy"",""sz"":""13"",""ts"":""1788134443979""}"
2026-08-31T00:00:56.824085Z,1788134445364,SOXL-USDT-SWAP,sell,long,16.87,107.45,"{""bkLoss"":""0"",""bkPx"":""107.45"",""ccy"":"""",""posSide"":""long"",""side"":""sell"",""sz"":""16.87"",""ts"":""1788134445364""}"
2026-08-31T00:00:57.135163Z,1788134438867,NVDA-USDT-SWAP,sell,long,0.62,216.31,"{""bkLoss"":""0"",""bkPx"":""216.31"",""ccy"":"""",""posSide"":""long"",""side"":""sell"",""sz"":""0.62"",""ts"":""1788134438867""}"
2026-08-31T00:01:01.633135Z,1788134443518,SOXL-USDT-SWAP,sell,long,11.66,107.56,"{""bkLoss"":""0"",""bkPx"":""107.56"",""ccy"":"""",""posSide"":""long"",""side"":""sell"",""sz"":""11.66"",""ts"":""1788134443518""}"
2026-08-31T00:01:02.232063Z,1788134454166,INTC-USDT-SWAP,sell,long,7.4,87.62,"{""bkLoss"":""0"",""bkPx"":""87.62"",""ccy"":"""",""posSide"":""long"",""side"":""sell"",""sz"":""7.4"",""ts"":""1788134454166""}"
2026-08-31T00:01:02.243423Z,1788134454960,SAMSUNG-USDT-SWAP,sell,long,0.03,180.5,"{""bkLoss"":""0"",""bkPx"":""180.5"",""ccy"":"""",""posSide"":""long"",""side"":""sell"",""sz"":""0.03"",""ts"":""1788134454960""}"
2026-08-31T00:01:03.265135Z,1788134462601,SOL-USDT-SWAP,sell,long,0.66,101.12,"{""bkLoss"":""0"",""bkPx"":""101.12"",""ccy"":"""",""posSide"":""long"",""side"":""sell"",""sz"":""0.66"",""ts"":""1788134462601""}"
2026-08-31T00:01:06.451037Z,1788134465029,KORU-USDT-SWAP,sell,long,108.96,19.61,"{""bkLoss"":""0"",""bkPx"":""19.61"",""ccy"":"""",""posSide"":""long"",""side"":""sell"",""sz"":""108.96"",""ts"":""1788134465029""}"
2026-08-31T00:01:09.989748Z,1788134468396,KORU-USDT-SWAP,sell,long,26.11,19.52,"{""bkLoss"":""0"",""bkPx"":""19.52"",""ccy"":"""",""posSide"":""long"",""side"":""sell"",""sz"":""26.11"",""ts"":""1788134468396""}"
2026-08-31T00:01:10.095994Z,1788134469048,SKHYNIX-USDT-SWAP,sell,long,2.148,1154.86,"{""bkLoss"":""0"",""bkPx"":""1154.86"",""ccy"":"""",""posSide"":""long"",""side"":""sell"",""sz"":""2.148"",""ts"":""1788134469048""}"
2026-08-31T00:01:12.250307Z,1788134471253,SKHY-USDT-SWAP,sell,long,9.78,155.92,"{""bkLoss"":""0"",""bkPx"":""155.92"",""ccy"":"""",""posSide"":""long"",""side"":""sell"",""sz"":""9.78"",""ts"":""1788134471253""}"
2026-08-31T00:01:12.262063Z,1788134471111,SKHYNIX-USDT-SWAP,sell,long,0.249,1152.96,"{""bkLoss"":""0"",""bkPx"":""1152.96"",""ccy"":"""",""posSide"":""long"",""side"":""sell"",""sz"":""0.249"",""ts"":""1788134471111""}"
2026-08-31T00:01:12.606354Z,1788134464490,KORU-USDT-SWAP,sell,long,2000,19.63,"{""bkLoss"":""0"",""bkPx"":""19.63"",""ccy"":"""",""posSide"":""long"",""side"":""sell"",""sz"":""2000"",""ts"":""1788134464490""}"
2026-08-31T00:01:13.909887Z,1788134472793,SKHYNIX-USDT-SWAP,sell,long,0.441,1152.48,"{""bkLoss"":""0"",""bkPx"":""1152.48"",""ccy"":"""",""posSide"":""long"",""side"":""sell"",""sz"":""0.441"",""ts"":""1788134472793""}"
2026-08-31T00:01:18.809604Z,1788134477924,AMD-USDT-SWAP,sell,long,0.07,461.73,"{""bkLoss"":""0"",""bkPx"":""461.73"",""ccy"":"""",""posSide"":""long"",""side"":""sell"",""sz"":""0.07"",""ts"":""1788134477924""}"
2026-08-31T00:01:20.784751Z,1788134472619,SOL-USDT-SWAP,sell,long,1692.94,101.06,"{""bkLoss"":""0"",""bkPx"":""101.06"",""ccy"":"""",""posSide"":""long"",""side"":""sell"",""sz"":""1692.94"",""ts"":""1788134472619""}"
2026-08-31T00:01:34.251784Z,1788134493472,KORU-USDT-SWAP,sell,long,82.98,19.33,"{""bkLoss"":""0"",""bkPx"":""19.33"",""ccy"":"""",""posSide"":""long"",""side"":""sell"",""sz"":""82.98"",""ts"":""1788134493472""}"
2026-08-31T00:01:38.467632Z,1788134497395,SNDK-USDT-SWAP,sell,long,0.099,1450.36,"{""bkLoss"":""0"",""bkPx"":""1450.36"",""ccy"":"""",""posSide"":""long"",""side"":""sell"",""sz"":""0.099"",""ts"":""1788134497395""}"
2026-08-31T00:01:39.105899Z,1788134491378,KORU-USDT-SWAP,sell,long,130,19.39,"{""bkLoss"":""0"",""bkPx"":""19.39"",""ccy"":"""",""posSide"":""long"",""side"":""sell"",""sz"":""130"",""ts"":""1788134491378""}"
2026-08-31T00:01:40.028880Z,1788134498992,SKHYNIX-USDT-SWAP,sell,long,80,1151.37,"{""bkLoss"":""0"",""bkPx"":""1151.37"",""ccy"":"""",""posSide"":""long"",""side"":""sell"",""sz"":""80"",""ts"":""1788134498992""}"
2026-08-31T00:01:40.725549Z,1788134499114,SKHYNIX-USDT-SWAP,sell,long,0.32,1151.37,"{""bkLoss"":""0"",""bkPx"":""1151.37"",""ccy"":"""",""posSide"":""long"",""side"":""sell"",""sz"":""0.32"",""ts"":""1788134499114""}"
2026-08-31T00:01:42.598325Z,1788134501626,AUCTION-USDT-SWAP,buy,short,825,3.8,"{""bkLoss"":""0"",""bkPx"":""3.8"",""ccy"":"""",""posSide"":""short"",""side"":""buy"",""sz"":""825"",""ts"":""1788134501626""}"
2026-08-31T00:01:43.336058Z,1788134502248,APLD-USDT-SWAP,sell,long,3.8,25.05,"{""bkLoss"":""0"",""bkPx"":""25.05"",""ccy"":"""",""posSide"":""long"",""side"":""sell"",""sz"":""3.8"",""ts"":""1788134502248""}"
2026-08-31T00:01:45.068045Z,1788134503796,KORU-USDT-SWAP,sell,long,92.74,19.27,"{""bkLoss"":""0"",""bkPx"":""19.27"",""ccy"":"""",""posSide"":""long"",""side"":""sell"",""sz"":""92.74"",""ts"":""1788134503796""}"
2026-08-31T00:01:45.673885Z,1788134504634,KORU-USDT-SWAP,sell,long,17.91,19.26,"{""bkLoss"":""0"",""bkPx"":""19.26"",""ccy"":"""",""posSide"":""long"",""side"":""sell"",""sz"":""17.91"",""ts"":""1788134504634""}"
2026-08-31T00:01:48.475896Z,1788134506747,KORU-USDT-SWAP,sell,long,52.76,19.25,"{""bkLoss"":""0"",""bkPx"":""19.25"",""ccy"":"""",""posSide"":""long"",""side"":""sell"",""sz"":""52.76"",""ts"":""1788134506747""}"
2026-08-31T00:01:48.919791Z,1788134507821,NVDA-USDT-SWAP,sell,long,0.09,216.02,"{""bkLoss"":""0"",""bkPx"":""216.02"",""ccy"":"""",""posSide"":""long"",""side"":""sell"",""sz"":""0.09"",""ts"":""1788134507821""}"
2026-08-31T00:01:53.656040Z,1788133818928,ZEC-USDT-SWAP,buy,short,36,830.36,"{""bkLoss"":""0"",""bkPx"":""830.36"",""ccy"":"""",""posSide"":""short"",""side"":""buy"",""sz"":""36"",""ts"":""1788133818928""}"
2026-08-31T00:01:54.966205Z,1788134513632,SKHY-USDT-SWAP,sell,long,2.62,155.77,"{""bkLoss"":""0"",""bkPx"":""155.77"",""ccy"":"""",""posSide"":""long"",""side"":""sell"",""sz"":""2.62"",""ts"":""1788134513632""}"
2026-08-31T00:02:02.036352Z,1788134520749,WDC-USDT-SWAP,sell,long,1.3,452.17,"{""bkLoss"":""0"",""bkPx"":""452.17"",""ccy"":"""",""posSide"":""long"",""side"":""sell"",""sz"":""1.3"",""ts"":""1788134520749""}"
2026-08-31T00:02:04.149515Z,1788134522969,ZEC-USDT-SWAP,buy,short,26,838,"{""bkLoss"":""0"",""bkPx"":""838"",""ccy"":"""",""posSide"":""short"",""side"":""buy"",""sz"":""26"",""ts"":""1788134522969""}"
2026-08-31T00:02:05.660697Z,1788134524367,TRUMP-USDT-SWAP,buy,short,444,2.351,"{""bkLoss"":""0"",""bkPx"":""2.351"",""ccy"":"""",""posSide"":""short"",""side"":""buy"",""sz"":""444"",""ts"":""1788134524367""}"
2026-08-31T00:02:05.779012Z,1788134523518,ZEC-USDT-SWAP,buy,short,11511,838.1,"{""bkLoss"":""0"",""bkPx"":""838.1"",""ccy"":"""",""posSide"":""short"",""side"":""buy"",""sz"":""11511"",""ts"":""1788134523518""}"
2026-08-31T00:02:07.328144Z,1788134525944,KORU-USDT-SWAP,sell,long,1393.99,19.22,"{""bkLoss"":""0"",""bkPx"":""19.22"",""ccy"":"""",""posSide"":""long"",""side"":""sell"",""sz"":""1393.99"",""ts"":""1788134525944""}"
2026-08-31T00:02:08.790803Z,1788134199851,ETH-USDT-SWAP,buy,short,2.38,2417.1,"{""bkLoss"":""0"",""bkPx"":""2417.1"",""ccy"":"""",""posSide"":""short"",""side"":""buy"",""sz"":""2.38"",""ts"":""1788134199851""}"
2026-08-31T00:02:10.380297Z,1788134528844,KORU-USDT-SWAP,sell,long,37.56,19.18,"{""bkLoss"":""0"",""bkPx"":""19.18"",""ccy"":"""",""posSide"":""long"",""side"":""sell"",""sz"":""37.56"",""ts"":""1788134528844""}"
2026-08-31T00:02:12.882872Z,1788134530415,SKDD-USDT-SWAP,buy,short,1.9,10.84,"{""bkLoss"":""0"",""bkPx"":""10.84"",""ccy"":"""",""posSide"":""short"",""side"":""buy"",""sz"":""1.9"",""ts"":""1788134530415""}"
2026-08-31T00:02:32.530501Z,1788134232301,ETH-USDT-SWAP,buy,short,0.08,2418.61,"{""bkLoss"":""0"",""bkPx"":""2418.61"",""ccy"":"""",""posSide"":""short"",""side"":""buy"",""sz"":""0.08"",""ts"":""1788134232301""}"
2026-08-31T00:02:35.858310Z,1788134554704,AXTI-USDT-SWAP,sell,long,1.8,56.81,"{""bkLoss"":""0"",""bkPx"":""56.81"",""ccy"":"""",""posSide"":""long"",""side"":""sell"",""sz"":""1.8"",""ts"":""1788134554704""}"
2026-08-31T00:02:37.778958Z,1788134556545,TRUMP-USDT-SWAP,buy,short,7519,2.354,"{""bkLoss"":""0"",""bkPx"":""2.354"",""ccy"":"""",""posSide"":""short"",""side"":""buy"",""sz"":""7519"",""ts"":""1788134556545""}"
2026-08-31T00:02:38.409616Z,1788134557420,TRUMP-USDT-SWAP,buy,short,823,2.356,"{""bkLoss"":""0"",""bkPx"":""2.356"",""ccy"":"""",""posSide"":""short"",""side"":""buy"",""sz"":""823"",""ts"":""1788134557420""}"
2026-08-31T00:02:45.669663Z,1788134564665,TRUMP-USDT-SWAP,buy,short,72,2.358,"{""bkLoss"":""0"",""bkPx"":""2.358"",""ccy"":"""",""posSide"":""short"",""side"":""buy"",""sz"":""72"",""ts"":""1788134564665""}"
2026-08-31T00:02:51.465182Z,1788134570398,TRUMP-USDT-SWAP,buy,short,2122,2.362,"{""bkLoss"":""0"",""bkPx"":""2.362"",""ccy"":"""",""posSide"":""short"",""side"":""buy"",""sz"":""2122"",""ts"":""1788134570398""}"
2026-08-31T00:02:58.926298Z,1788134570431,BTC-USDT-SWAP,buy,short,4.16,77704.8,"{""bkLoss"":""0"",""bkPx"":""77704.8"",""ccy"":"""",""posSide"":""short"",""side"":""buy"",""sz"":""4.16"",""ts"":""1788134570431""}"
2026-08-31T00:03:00.592941Z,1788134578537,BTC-USDT-SWAP,buy,short,0.11,77723.2,"{""bkLoss"":""0"",""bkPx"":""77723.2"",""ccy"":"""",""posSide"":""short"",""side"":""buy"",""sz"":""0.11"",""ts"":""1788134578537""}"
2026-08-31T00:03:01.820534Z,1788134580912,ONDS-USDT-SWAP,sell,long,44,7.842,"{""bkLoss"":""0"",""bkPx"":""7.842"",""ccy"":"""",""posSide"":""long"",""side"":""sell"",""sz"":""44"",""ts"":""1788134580912""}"
2026-08-31T00:03:05.665096Z,1788134584692,ZORA-USDT-SWAP,sell,long,185,0.007561,"{""bkLoss"":""0"",""bkPx"":""0.007561"",""ccy"":"""",""posSide"":""long"",""side"":""sell"",""sz"":""185"",""ts"":""1788134584692""}"
2026-08-31T00:03:06.123094Z,1788134585297,ZORA-USDT-SWAP,sell,long,3626,0.007556,"{""bkLoss"":""0"",""bkPx"":""0.007556"",""ccy"":"""",""posSide"":""long"",""side"":""sell"",""sz"":""3626"",""ts"":""1788134585297""}"
2026-08-31T00:03:07.479306Z,1788134586375,ZORA-USDT-SWAP,sell,long,8,0.007534,"{""bkLoss"":""0"",""bkPx"":""0.007534"",""ccy"":"""",""posSide"":""long"",""side"":""sell"",""sz"":""8"",""ts"":""1788134586375""}"
2026-08-31T00:03:11.234300Z,1788134590011,TRUMP-USDT-SWAP,buy,short,2272,2.363,"{""bkLoss"":""0"",""bkPx"":""2.363"",""ccy"":"""",""posSide"":""short"",""side"":""buy"",""sz"":""2272"",""ts"":""1788134590011""}"
2026-08-31T00:03:18.826475Z,1788134597824,TRUMP-USDT-SWAP,buy,short,821,2.366,"{""bkLoss"":""0"",""bkPx"":""2.366"",""ccy"":"""",""posSide"":""short"",""side"":""buy"",""sz"":""821"",""ts"":""1788134597824""}"
2026-08-31T00:03:25.221508Z,1788134604336,TRUMP-USDT-SWAP,buy,short,1951,2.368,"{""bkLoss"":""0"",""bkPx"":""2.368"",""ccy"":"""",""posSide"":""short"",""side"":""buy"",""sz"":""1951"",""ts"":""1788134604336""}"
2026-08-31T00:03:37.695480Z,1788134616547,AMAT-USDT-SWAP,sell,long,4,457.13,"{""bkLoss"":""0"",""bkPx"":""457.13"",""ccy"":"""",""posSide"":""long"",""side"":""sell"",""sz"":""4"",""ts"":""1788134616547""}"
2026-08-31T00:03:43.852089Z,1788134623029,AXTI-USDT-SWAP,sell,long,1.97,56.76,"{""bkLoss"":""0"",""bkPx"":""56.76"",""ccy"":"""",""posSide"":""long"",""side"":""sell"",""sz"":""1.97"",""ts"":""1788134623029""}"
2026-08-31T00:03:43.858473Z,1788134623029,AMAT-USDT-SWAP,sell,long,0.2,457.18,"{""bkLoss"":""0"",""bkPx"":""457.18"",""ccy"":"""",""posSide"":""long"",""side"":""sell"",""sz"":""0.2"",""ts"":""1788134623029""}"
2026-08-31T00:03:43.861908Z,1788134623029,SNDK-USDT-SWAP,sell,long,0.067,1451.5,"{""bkLoss"":""0"",""bkPx"":""1451.5"",""ccy"":"""",""posSide"":""long"",""side"":""sell"",""sz"":""0.067"",""ts"":""1788134623029""}"
2026-08-31T00:04:01.524006Z,1788134640442,TRUMP-USDT-SWAP,buy,short,994,2.372,"{""bkLoss"":""0"",""bkPx"":""2.372"",""ccy"":"""",""posSide"":""short"",""side"":""buy"",""sz"":""994"",""ts"":""1788134640442""}"
2026-08-31T00:04:14.416333Z,1788134653328,POET-USDT-SWAP,sell,long,95.3,7.459,"{""bkLoss"":""0"",""bkPx"":""7.459"",""ccy"":"""",""posSide"":""long"",""side"":""sell"",""sz"":""95.3"",""ts"":""1788134653328""}"
2026-08-31T00:04:19.015811Z,1788134657971,TRUMP-USDT-SWAP,buy,short,10000,2.374,"{""bkLoss"":""0"",""bkPx"":""2.374"",""ccy"":"""",""posSide"":""short"",""side"":""buy"",""sz"":""10000"",""ts"":""1788134657971""}"
2026-08-31T00:04:19.663807Z,1788134658675,TRUMP-USDT-SWAP,buy,short,18151,2.375,"{""bkLoss"":""0"",""bkPx"":""2.375"",""ccy"":"""",""posSide"":""short"",""side"":""buy"",""sz"":""18151"",""ts"":""1788134658675""}"
2026-08-31T00:04:22.775543Z,1788134661964,SKDD-USDT-SWAP,buy,short,0.5,10.85,"{""bkLoss"":""0"",""bkPx"":""10.85"",""ccy"":"""",""posSide"":""short"",""side"":""buy"",""sz"":""0.5"",""ts"":""1788134661964""}"
2026-08-31T00:04:27.681911Z,1788133931081,ETH-USDT-SWAP,buy,short,0.01,2409.99,"{""bkLoss"":""0"",""bkPx"":""2409.99"",""ccy"":"""",""posSide"":""short"",""side"":""buy"",""sz"":""0.01"",""ts"":""1788133931081""}"
2026-08-31T00:04:31.359410Z,1788134670111,GRVT-USDT-SWAP,buy,short,19,0.17737,"{""bkLoss"":""0"",""bkPx"":""0.17737"",""ccy"":"""",""posSide"":""short"",""side"":""buy"",""sz"":""19"",""ts"":""1788134670111""}"
2026-08-31T00:04:33.953063Z,1788134672596,MU-USDT-SWAP,sell,long,0.09,913.74,"{""bkLoss"":""0"",""bkPx"":""913.74"",""ccy"":"""",""posSide"":""long"",""side"":""sell"",""sz"":""0.09"",""ts"":""1788134672596""}"
2026-08-31T00:04:38.596136Z,1788134677670,AEVO-USDT-SWAP,sell,long,129934,0.02087,"{""bkLoss"":""0"",""bkPx"":""0.02087"",""ccy"":"""",""posSide"":""long"",""side"":""sell"",""sz"":""129934"",""ts"":""1788134677670""}"
2026-08-31T00:04:39.634047Z,1788134678142,AXTI-USDT-SWAP,sell,long,35,56.48,"{""bkLoss"":""0"",""bkPx"":""56.48"",""ccy"":"""",""posSide"":""long"",""side"":""sell"",""sz"":""35"",""ts"":""1788134678142""}"
2026-08-31T00:04:43.152992Z,1788134682168,AAOI-USDT-SWAP,sell,long,2.2,103.89,"{""bkLoss"":""0"",""bkPx"":""103.89"",""ccy"":"""",""posSide"":""long"",""side"":""sell"",""sz"":""2.2"",""ts"":""1788134682168""}"
2026-08-31T00:04:49.561915Z,1788134688891,KORU-USDT-SWAP,sell,long,87.6,19.05,"{""bkLoss"":""0"",""bkPx"":""19.05"",""ccy"":"""",""posSide"":""long"",""side"":""sell"",""sz"":""87.6"",""ts"":""1788134688891""}"
2026-08-31T00:04:50.255257Z,1788134689171,SOL-USDT-SWAP,buy,short,0.19,101.78,"{""bkLoss"":""0"",""bkPx"":""101.78"",""ccy"":"""",""posSide"":""short"",""side"":""buy"",""sz"":""0.19"",""ts"":""1788134689171""}"
2026-08-31T00:04:51.638405Z,1788134690647,ETH-USDT-SWAP,buy,short,0.06,2420.44,"{""bkLoss"":""0"",""bkPx"":""2420.44"",""ccy"":"""",""posSide"":""short"",""side"":""buy"",""sz"":""0.06"",""ts"":""1788134690647""}"
2026-08-31T00:04:51.645337Z,1788134690384,BTC-USDT-SWAP,buy,short,23.59,77758,"{""bkLoss"":""0"",""bkPx"":""77758"",""ccy"":"""",""posSide"":""short"",""side"":""buy"",""sz"":""23.59"",""ts"":""1788134690384""}"
2026-08-31T00:04:51.656105Z,1788134690249,KR200-USDT-SWAP,sell,long,2.73,1024.38,"{""bkLoss"":""0"",""bkPx"":""1024.38"",""ccy"":"""",""posSide"":""long"",""side"":""sell"",""sz"":""2.73"",""ts"":""1788134690249""}"
2026-08-31T00:04:52.414875Z,1788134691516,XRP-USDT-SWAP,buy,short,0.01,1.3615,"{""bkLoss"":""0"",""bkPx"":""1.3615"",""ccy"":"""",""posSide"":""short"",""side"":""buy"",""sz"":""0.01"",""ts"":""1788134691516""}"
2026-08-31T00:04:52.660315Z,1788134691602,GIGGLE-USDT-SWAP,buy,short,947,38.48,"{""bkLoss"":""0"",""bkPx"":""38.48"",""ccy"":"""",""posSide"":""short"",""side"":""buy"",""sz"":""947"",""ts"":""1788134691602""}"
2026-08-31T00:04:53.342942Z,1788134692291,BTC-USDT-SWAP,buy,short,0.67,77765.4,"{""bkLoss"":""0"",""bkPx"":""77765.4"",""ccy"":"""",""posSide"":""short"",""side"":""buy"",""sz"":""0.67"",""ts"":""1788134692291""}"
2026-08-31T00:04:54.558386Z,1788134693620,AXTI-USDT-SWAP,sell,long,7.95,56.25,"{""bkLoss"":""0"",""bkPx"":""56.25"",""ccy"":"""",""posSide"":""long"",""side"":""sell"",""sz"":""7.95"",""ts"":""1788134693620""}"
2026-08-31T00:05:01.311146Z,1788134699849,PUMP-USDT-SWAP,buy,short,18,0.004506,"{""bkLoss"":""0"",""bkPx"":""0.004506"",""ccy"":"""",""posSide"":""short"",""side"":""buy"",""sz"":""18"",""ts"":""1788134699849""}"
2026-08-31T00:05:06.977175Z,1788134706192,SKHY-USDT-SWAP,sell,long,483.73,155.41,"{""bkLoss"":""0"",""bkPx"":""155.41"",""ccy"":"""",""posSide"":""long"",""side"":""sell"",""sz"":""483.73"",""ts"":""1788134706192""}"
2026-08-31T00:05:13.390007Z,1788134712414,NVDA-USDT-SWAP,sell,long,10.91,216.3,"{""bkLoss"":""0"",""bkPx"":""216.3"",""ccy"":"""",""posSide"":""long"",""side"":""sell"",""sz"":""10.91"",""ts"":""1788134712414""}"
2026-08-31T00:05:13.396792Z,1788134712414,IREN-USDT-SWAP,sell,long,100,34.88,"{""bkLoss"":""0"",""bkPx"":""34.88"",""ccy"":"""",""posSide"":""long"",""side"":""sell"",""sz"":""100"",""ts"":""1788134712414""}"
2026-08-31T00:05:36.528551Z,1788134735585,SOL-USDT-SWAP,buy,short,3.52,101.85,"{""bkLoss"":""0"",""bkPx"":""101.85"",""ccy"":"""",""posSide"":""short"",""side"":""buy"",""sz"":""3.52"",""ts"":""1788134735585""}"
2026-08-31T00:05:38.600393Z,1788134737356,UNI-USDT-SWAP,buy,short,2,5.161,"{""bkLoss"":""0"",""bkPx"":""5.161"",""ccy"":"""",""posSide"":""short"",""side"":""buy"",""sz"":""2"",""ts"":""1788134737356""}"
2026-08-31T00:05:50.717696Z,1788134460767,SKUU-USDT-SWAP,sell,long,0.4,21.35,"{""bkLoss"":""0"",""bkPx"":""21.35"",""ccy"":"""",""posSide"":""long"",""side"":""sell"",""sz"":""0.4"",""ts"":""1788134460767""}"
2026-08-31T00:06:03.657617Z,1788134762374,SKHYNIX-USDT-SWAP,sell,long,0.032,1147.96,"{""bkLoss"":""0"",""bkPx"":""1147.96"",""ccy"":"""",""posSide"":""long"",""side"":""sell"",""sz"":""0.032"",""ts"":""1788134762374""}"
2026-08-31T00:06:05.795282Z,1788134764056,SKHYNIX-USDT-SWAP,sell,long,0.54,1147.34,"{""bkLoss"":""0"",""bkPx"":""1147.34"",""ccy"":"""",""posSide"":""long"",""side"":""sell"",""sz"":""0.54"",""ts"":""1788134764056""}"
2026-08-31T00:06:06.145284Z,1788134765261,SKHYNIX-USDT-SWAP,sell,long,0.1,1147.07,"{""bkLoss"":""0"",""bkPx"":""1147.07"",""ccy"":"""",""posSide"":""long"",""side"":""sell"",""sz"":""0.1"",""ts"":""1788134765261""}"
2026-08-31T00:06:08.315204Z,1788134767277,KORU-USDT-SWAP,sell,long,0.1,19.01,"{""bkLoss"":""0"",""bkPx"":""19.01"",""ccy"":"""",""posSide"":""long"",""side"":""sell"",""sz"":""0.1"",""ts"":""1788134767277""}"
2026-08-31T00:06:08.582291Z,1788134767396,COHR-USDT-SWAP,sell,long,10.41,273.84,"{""bkLoss"":""0"",""bkPx"":""273.84"",""ccy"":"""",""posSide"":""long"",""side"":""sell"",""sz"":""10.41"",""ts"":""1788134767396""}"
2026-08-31T00:06:16.838736Z,1788134775856,SKHYNIX-USDT-SWAP,sell,long,1,1146.18,"{""bkLoss"":""0"",""bkPx"":""1146.18"",""ccy"":"""",""posSide"":""long"",""side"":""sell"",""sz"":""1"",""ts"":""1788134775856""}"
2026-08-31T00:06:22.323061Z,1788134781366,SKHYNIX-USDT-SWAP,sell,long,11.331,1145.89,"{""bkLoss"":""0"",""bkPx"":""1145.89"",""ccy"":"""",""posSide"":""long"",""side"":""sell"",""sz"":""11.331"",""ts"":""1788134781366""}"
2026-08-31T00:06:23.386356Z,1788134782496,AEHR-USDT-SWAP,sell,long,0.5,80.05,"{""bkLoss"":""0"",""bkPx"":""80.05"",""ccy"":"""",""posSide"":""long"",""side"":""sell"",""sz"":""0.5"",""ts"":""1788134782496""}"
2026-08-31T00:06:26.998699Z,1788134492057,KORU-USDT-SWAP,sell,long,283.12,19.37,"{""bkLoss"":""0"",""bkPx"":""19.37"",""ccy"":"""",""posSide"":""long"",""side"":""sell"",""sz"":""283.12"",""ts"":""1788134492057""}"
2026-08-31T00:07:12.804421Z,1788134831989,CRCL-USDT-SWAP,sell,long,67.3,86.58,"{""bkLoss"":""0"",""bkPx"":""86.58"",""ccy"":"""",""posSide"":""long"",""side"":""sell"",""sz"":""67.3"",""ts"":""1788134831989""}"
2026-08-31T00:07:36.304527Z,1788134855453,OL-USDT-SWAP,sell,long,566,0.004441,"{""bkLoss"":""0"",""bkPx"":""0.004441"",""ccy"":"""",""posSide"":""long"",""side"":""sell"",""sz"":""566"",""ts"":""1788134855453""}"
2026-08-31T00:07:37.219560Z,1788134855440,LAB-USDT-SWAP,sell,long,168.5,0.07466,"{""bkLoss"":""0"",""bkPx"":""0.07466"",""ccy"":"""",""posSide"":""long"",""side"":""sell"",""sz"":""168.5"",""ts"":""1788134855440""}"
2026-08-31T00:07:38.725737Z,1788134857642,OL-USDT-SWAP,sell,long,700,0.004436,"{""bkLoss"":""0"",""bkPx"":""0.004436"",""ccy"":"""",""posSide"":""long"",""side"":""sell"",""sz"":""700"",""ts"":""1788134857642""}"
2026-08-31T00:07:42.737883Z,1788134861282,TRUMP-USDT-SWAP,sell,long,958,2.355,"{""bkLoss"":""0"",""bkPx"":""2.355"",""ccy"":"""",""posSide"":""long"",""side"":""sell"",""sz"":""958"",""ts"":""1788134861282""}"
2026-08-31T00:07:49.396814Z,1788134868548,OL-USDT-SWAP,sell,long,89,0.004399,"{""bkLoss"":""0"",""bkPx"":""0.004399"",""ccy"":"""",""posSide"":""long"",""side"":""sell"",""sz"":""89"",""ts"":""1788134868548""}"
2026-08-31T00:07:55.670392Z,1788134874744,OL-USDT-SWAP,sell,long,103,0.004346,"{""bkLoss"":""0"",""bkPx"":""0.004346"",""ccy"":"""",""posSide"":""long"",""side"":""sell"",""sz"":""103"",""ts"":""1788134874744""}"
2026-08-31T00:07:58.505198Z,1788134877375,OL-USDT-SWAP,sell,long,2,0.004321,"{""bkLoss"":""0"",""bkPx"":""0.004321"",""ccy"":"""",""posSide"":""long"",""side"":""sell"",""sz"":""2"",""ts"":""1788134877375""}"
2026-08-31T00:08:09.858761Z,1788134887812,XRP-USDT-SWAP,sell,long,76.89,1.3528,"{""bkLoss"":""0"",""bkPx"":""1.3528"",""ccy"":"""",""posSide"":""long"",""side"":""sell"",""sz"":""76.89"",""ts"":""1788134887812""}"
2026-08-31T00:08:26.411046Z,1788134905423,OL-USDT-SWAP,sell,long,4177,0.00423,"{""bkLoss"":""0"",""bkPx"":""0.00423"",""ccy"":"""",""posSide"":""long"",""side"":""sell"",""sz"":""4177"",""ts"":""1788134905423""}"
2026-08-31T00:08:38.345012Z,1788134916691,OL-USDT-SWAP,sell,long,9,0.004195,"{""bkLoss"":""0"",""bkPx"":""0.004195"",""ccy"":"""",""posSide"":""long"",""side"":""sell"",""sz"":""9"",""ts"":""1788134916691""}"
2026-08-31T00:08:40.306705Z,1788134919051,LIT-USDT-SWAP,sell,long,2,3.4941,"{""bkLoss"":""0"",""bkPx"":""3.4941"",""ccy"":"""",""posSide"":""long"",""side"":""sell"",""sz"":""2"",""ts"":""1788134919051""}"
2026-08-31T00:08:44.080126Z,1788134196196,ETH-USDT-SWAP,buy,short,1.57,2416.8,"{""bkLoss"":""0"",""bkPx"":""2416.8"",""ccy"":"""",""posSide"":""short"",""side"":""buy"",""sz"":""1.57"",""ts"":""1788134196196""}"
2026-08-31T00:08:45.575691Z,1788134924694,LIT-USDT-SWAP,sell,long,1,3.4873,"{""bkLoss"":""0"",""bkPx"":""3.4873"",""ccy"":"""",""posSide"":""long"",""side"":""sell"",""sz"":""1"",""ts"":""1788134924694""}"
2026-08-31T00:08:48.732791Z,1788134927786,OL-USDT-SWAP,sell,long,57,0.004167,"{""bkLoss"":""0"",""bkPx"":""0.004167"",""ccy"":"""",""posSide"":""long"",""side"":""sell"",""sz"":""57"",""ts"":""1788134927786""}"
2026-08-31T00:09:02.082899Z,1788134941144,POET-USDT-SWAP,sell,long,180,7.396,"{""bkLoss"":""0"",""bkPx"":""7.396"",""ccy"":"""",""posSide"":""long"",""side"":""sell"",""sz"":""180"",""ts"":""1788134941144""}"
2026-08-31T00:09:15.219579Z,1788134954152,CRCL-USDT-SWAP,sell,long,60,86.3,"{""bkLoss"":""0"",""bkPx"":""86.3"",""ccy"":"""",""posSide"":""long"",""side"":""sell"",""sz"":""60"",""ts"":""1788134954152""}"
2026-08-31T00:09:16.812669Z,1788134955787,SOL-USDT-SWAP,sell,long,41.3,101.24,"{""bkLoss"":""0"",""bkPx"":""101.24"",""ccy"":"""",""posSide"":""long"",""side"":""sell"",""sz"":""41.3"",""ts"":""1788134955787""}"
2026-08-31T00:09:18.276665Z,1788134957563,CRCL-USDT-SWAP,sell,long,0.2,85.87,"{""bkLoss"":""0"",""bkPx"":""85.87"",""ccy"":"""",""posSide"":""long"",""side"":""sell"",""sz"":""0.2"",""ts"":""1788134957563""}"
2026-08-31T00:09:31.442081Z,1788134970511,UNI-USDT-SWAP,sell,long,596,5.099,"{""bkLoss"":""0"",""bkPx"":""5.099"",""ccy"":"""",""posSide"":""long"",""side"":""sell"",""sz"":""596"",""ts"":""1788134970511""}"
2026-08-31T00:09:33.289755Z,1788134972011,ETH-USDT-SWAP,sell,long,2.1,2406.39,"{""bkLoss"":""0"",""bkPx"":""2406.39"",""ccy"":"""",""posSide"":""long"",""side"":""sell"",""sz"":""2.1"",""ts"":""1788134972011""}"
2026-08-31T00:09:33.638649Z,1788134971969,XRP-USDT-SWAP,sell,long,0.01,1.3516,"{""bkLoss"":""0"",""bkPx"":""1.3516"",""ccy"":"""",""posSide"":""long"",""side"":""sell"",""sz"":""0.01"",""ts"":""1788134971969""}"
2026-08-31T00:09:33.697365Z,1788134972901,TRUMP-USDT-SWAP,sell,long,500,2.349,"{""bkLoss"":""0"",""bkPx"":""2.349"",""ccy"":"""",""posSide"":""long"",""side"":""sell"",""sz"":""500"",""ts"":""1788134972901""}"
2026-08-31T00:09:34.115485Z,1788134971633,ENA-USDT-SWAP,sell,long,379,0.1469,"{""bkLoss"":""0"",""bkPx"":""0.1469"",""ccy"":"""",""posSide"":""long"",""side"":""sell"",""sz"":""379"",""ts"":""1788134971633""}"
2026-08-31T00:09:34.256291Z,1788134971589,SOL-USDT-SWAP,sell,long,4.91,101.2,"{""bkLoss"":""0"",""bkPx"":""101.2"",""ccy"":"""",""posSide"":""long"",""side"":""sell"",""sz"":""4.91"",""ts"":""1788134971589""}"
2026-08-31T00:09:34.355843Z,1788134973080,TRUMP-USDT-SWAP,sell,long,2703,2.346,"{""bkLoss"":""0"",""bkPx"":""2.346"",""ccy"":"""",""posSide"":""long"",""side"":""sell"",""sz"":""2703"",""ts"":""1788134973080""}"
2026-08-31T00:09:34.441882Z,1788134971744,UNI-USDT-SWAP,sell,long,109,5.097,"{""bkLoss"":""0"",""bkPx"":""5.097"",""ccy"":"""",""posSide"":""long"",""side"":""sell"",""sz"":""109"",""ts"":""1788134971744""}"
2026-08-31T00:09:38.002424Z,1788134976593,UNI-USDT-SWAP,sell,long,84,5.092,"{""bkLoss"":""0"",""bkPx"":""5.092"",""ccy"":"""",""posSide"":""long"",""side"":""sell"",""sz"":""84"",""ts"":""1788134976593""}"
2026-08-31T00:09:38.784695Z,1788134977859,UNI-USDT-SWAP,sell,long,524,5.091,"{""bkLoss"":""0"",""bkPx"":""5.091"",""ccy"":"""",""posSide"":""long"",""side"":""sell"",""sz"":""524"",""ts"":""1788134977859""}"
2026-08-31T00:09:57.655382Z,1788134691198,ETH-USDT-SWAP,buy,short,0.07,2420.58,"{""bkLoss"":""0"",""bkPx"":""2420.58"",""ccy"":"""",""posSide"":""short"",""side"":""buy"",""sz"":""0.07"",""ts"":""1788134691198""}"
2026-08-31T00:09:58.760912Z,1788134997548,SOL-USDT-SWAP,sell,long,0.95,101.13,"{""bkLoss"":""0"",""bkPx"":""101.13"",""ccy"":"""",""posSide"":""long"",""side"":""sell"",""sz"":""0.95"",""ts"":""1788134997548""}"
2026-08-31T00:09:59.155079Z,1788134998217,PUMP-USDT-SWAP,sell,long,1,0.004451,"{""bkLoss"":""0"",""bkPx"":""0.004451"",""ccy"":"""",""posSide"":""long"",""side"":""sell"",""sz"":""1"",""ts"":""1788134998217""}"
2026-08-31T00:10:00.940320Z,1788134999774,PUMP-USDT-SWAP,sell,long,62,0.004442,"{""bkLoss"":""0"",""bkPx"":""0.004442"",""ccy"":"""",""posSide"":""long"",""side"":""sell"",""sz"":""62"",""ts"":""1788134999774""}"
2026-08-31T00:10:17.526783Z,1788135015819,SKHYNIX-USDT-SWAP,buy,short,0.527,1158.27,"{""bkLoss"":""0"",""bkPx"":""1158.27"",""ccy"":"""",""posSide"":""short"",""side"":""buy"",""sz"":""0.527"",""ts"":""1788135015819""}"
2026-08-31T00:10:35.601073Z,1788135034935,PURR-USDT-SWAP,sell,long,5,11.64,"{""bkLoss"":""0"",""bkPx"":""11.64"",""ccy"":"""",""posSide"":""long"",""side"":""sell"",""sz"":""5"",""ts"":""1788135034935""}"
2026-08-31T00:10:42.545685Z,1788135041146,PURR-USDT-SWAP,sell,long,1.6,11.55,"{""bkLoss"":""0"",""bkPx"":""11.55"",""ccy"":"""",""posSide"":""long"",""side"":""sell"",""sz"":""1.6"",""ts"":""1788135041146""}"
2026-08-31T00:10:43.494919Z,1788135042110,PURR-USDT-SWAP,sell,long,0.1,11.54,"{""bkLoss"":""0"",""bkPx"":""11.54"",""ccy"":"""",""posSide"":""long"",""side"":""sell"",""sz"":""0.1"",""ts"":""1788135042110""}"
2026-08-31T00:10:45.218182Z,1788134742093,UNI-USDT-SWAP,buy,short,194,5.169,"{""bkLoss"":""0"",""bkPx"":""5.169"",""ccy"":"""",""posSide"":""short"",""side"":""buy"",""sz"":""194"",""ts"":""1788134742093""}"
2026-08-31T00:10:48.216105Z,1788135047016,TAO-USDT-SWAP,sell,long,6563,225.3,"{""bkLoss"":""0"",""bkPx"":""225.3"",""ccy"":"""",""posSide"":""long"",""side"":""sell"",""sz"":""6563"",""ts"":""1788135047016""}"
2026-08-31T00:11:29.247519Z,1788135088402,SNDK-USDT-SWAP,buy,short,0.5,1460.58,"{""bkLoss"":""0"",""bkPx"":""1460.58"",""ccy"":"""",""posSide"":""short"",""side"":""buy"",""sz"":""0.5"",""ts"":""1788135088402""}"
2026-08-31T00:11:29.878528Z,1788135089064,0G-USDT-SWAP,buy,short,16,0.1684,"{""bkLoss"":""0"",""bkPx"":""0.1684"",""ccy"":"""",""posSide"":""short"",""side"":""buy"",""sz"":""16"",""ts"":""1788135089064""}"
2026-08-31T00:11:41.985223Z,1788135100855,O-USDT-SWAP,buy,short,28,0.55,"{""bkLoss"":""0"",""bkPx"":""0.55"",""ccy"":"""",""posSide"":""short"",""side"":""buy"",""sz"":""28"",""ts"":""1788135100855""}"
2026-08-31T00:11:54.388780Z,1788135113239,SNDK-USDT-SWAP,buy,short,0.441,1462.94,"{""bkLoss"":""0"",""bkPx"":""1462.94"",""ccy"":"""",""posSide"":""short"",""side"":""buy"",""sz"":""0.441"",""ts"":""1788135113239""}"
2026-08-31T00:11:55.889443Z,1788135114832,ANIME-USDT-SWAP,buy,short,239,0.002897,"{""bkLoss"":""0"",""bkPx"":""0.002897"",""ccy"":"""",""posSide"":""short"",""side"":""buy"",""sz"":""239"",""ts"":""1788135114832""}"
2026-08-31T00:12:09.033710Z,1788134411408,KORU-USDT-SWAP,sell,long,0.02,20.13,"{""bkLoss"":""0"",""bkPx"":""20.13"",""ccy"":"""",""posSide"":""long"",""side"":""sell"",""sz"":""0.02"",""ts"":""1788134411408""}"
2026-08-31T00:12:16.324618Z,1788135135396,ZEC-USDT-SWAP,sell,long,456,829.6,"{""bkLoss"":""0"",""bkPx"":""829.6"",""ccy"":"""",""posSide"":""long"",""side"":""sell"",""sz"":""456"",""ts"":""1788135135396""}"
2026-08-31T00:12:24.546875Z,1788135143514,ZEC-USDT-SWAP,sell,long,339,828.72,"{""bkLoss"":""0"",""bkPx"":""828.72"",""ccy"":"""",""posSide"":""long"",""side"":""sell"",""sz"":""339"",""ts"":""1788135143514""}"
2026-08-31T00:12:41.559694Z,1788135160641,ZORA-USDT-SWAP,sell,long,745,0.007487,"{""bkLoss"":""0"",""bkPx"":""0.007487"",""ccy"":"""",""posSide"":""long"",""side"":""sell"",""sz"":""745"",""ts"":""1788135160641""}"
2026-08-31T00:12:48.151200Z,1788134433848,SOXL-USDT-SWAP,sell,long,38.79,107.79,"{""bkLoss"":""0"",""bkPx"":""107.79"",""ccy"":"""",""posSide"":""long"",""side"":""sell"",""sz"":""38.79"",""ts"":""1788134433848""}"
2026-08-31T00:13:14.540141Z,1788135193284,SNDK-USDT-SWAP,buy,short,0.02,1463.91,"{""bkLoss"":""0"",""bkPx"":""1463.91"",""ccy"":"""",""posSide"":""short"",""side"":""buy"",""sz"":""0.02"",""ts"":""1788135193284""}"
2026-08-31T00:13:26.264054Z,1788135205382,SNDK-USDT-SWAP,buy,short,0.057,1465.09,"{""bkLoss"":""0"",""bkPx"":""1465.09"",""ccy"":"""",""posSide"":""short"",""side"":""buy"",""sz"":""0.057"",""ts"":""1788135205382""}"
2026-08-31T00:13:27.506603Z,1788135206268,SNDK-USDT-SWAP,buy,short,1.982,1465.32,"{""bkLoss"":""0"",""bkPx"":""1465.32"",""ccy"":"""",""posSide"":""short"",""side"":""buy"",""sz"":""1.982"",""ts"":""1788135206268""}"
2026-08-31T00:13:28.205778Z,1788135207085,SNDK-USDT-SWAP,buy,short,10,1465.94,"{""bkLoss"":""0"",""bkPx"":""1465.94"",""ccy"":"""",""posSide"":""short"",""side"":""buy"",""sz"":""10"",""ts"":""1788135207085""}"
2026-08-31T00:14:02.172690Z,1788134975604,TRX-USDT-SWAP,sell,long,0.01,0.33513,"{""bkLoss"":""0"",""bkPx"":""0.33513"",""ccy"":"""",""posSide"":""long"",""side"":""sell"",""sz"":""0.01"",""ts"":""1788134975604""}"
2026-08-31T00:14:20.839084Z,1788135260010,ZORA-USDT-SWAP,sell,long,18,0.007479,"{""bkLoss"":""0"",""bkPx"":""0.007479"",""ccy"":"""",""posSide"":""long"",""side"":""sell"",""sz"":""18"",""ts"":""1788135260010""}"
2026-08-31T00:14:35.684993Z,1788134499080,SNDK-USDT-SWAP,sell,long,0.274,1450.11,"{""bkLoss"":""0"",""bkPx"":""1450.11"",""ccy"":"""",""posSide"":""long"",""side"":""sell"",""sz"":""0.274"",""ts"":""1788134499080""}"
2026-08-31T00:14:50.668998Z,1788135289856,ZORA-USDT-SWAP,sell,long,7865,0.007445,"{""bkLoss"":""0"",""bkPx"":""0.007445"",""ccy"":"""",""posSide"":""long"",""side"":""sell"",""sz"":""7865"",""ts"":""1788135289856""}"
2026-08-31T00:14:52.536757Z,1788135291564,LIT-USDT-SWAP,buy,short,391,3.5464,"{""bkLoss"":""0"",""bkPx"":""3.5464"",""ccy"":"""",""posSide"":""short"",""side"":""buy"",""sz"":""391"",""ts"":""1788135291564""}"
2026-08-31T00:14:58.733712Z,1788135297783,LIT-USDT-SWAP,buy,short,170,3.5508,"{""bkLoss"":""0"",""bkPx"":""3.5508"",""ccy"":"""",""posSide"":""short"",""side"":""buy"",""sz"":""170"",""ts"":""1788135297783""}"
2026-08-31T00:15:11.707256Z,1788135310381,ETH-USDT-SWAP,buy,short,0.93,2420.75,"{""bkLoss"":""0"",""bkPx"":""2420.75"",""ccy"":"""",""posSide"":""short"",""side"":""buy"",""sz"":""0.93"",""ts"":""1788135310381""}"
2026-08-31T00:15:12.080747Z,1788135311135,SOL-USDT-SWAP,buy,short,18.82,101.76,"{""bkLoss"":""0"",""bkPx"":""101.76"",""ccy"":"""",""posSide"":""short"",""side"":""buy"",""sz"":""18.82"",""ts"":""1788135311135""}"
2026-08-31T00:15:54.202407Z,1788135353071,BZ-USDT-SWAP,sell,long,1117,89.27,"{""bkLoss"":""0"",""bkPx"":""89.27"",""ccy"":"""",""posSide"":""long"",""side"":""sell"",""sz"":""1117"",""ts"":""1788135353071""}"
2026-08-31T00:15:54.510372Z,1788135353408,ETH-USDT-SWAP,buy,short,7.94,2421.76,"{""bkLoss"":""0"",""bkPx"":""2421.76"",""ccy"":"""",""posSide"":""short"",""side"":""buy"",""sz"":""7.94"",""ts"":""1788135353408""}"
2026-08-31T00:16:00.084947Z,1788135358951,ETH-USDT-SWAP,buy,short,3.18,2422.35,"{""bkLoss"":""0"",""bkPx"":""2422.35"",""ccy"":"""",""posSide"":""short"",""side"":""buy"",""sz"":""3.18"",""ts"":""1788135358951""}"
2026-08-31T00:16:01.134419Z,1788135360297,ETH-USDT-SWAP,buy,short,10.57,2423.09,"{""bkLoss"":""0"",""bkPx"":""2423.09"",""ccy"":"""",""posSide"":""short"",""side"":""buy"",""sz"":""10.57"",""ts"":""1788135360297""}"
2026-08-31T00:16:14.739616Z,1788135373643,ETH-USDT-SWAP,buy,short,0.01,2423.7,"{""bkLoss"":""0"",""bkPx"":""2423.7"",""ccy"":"""",""posSide"":""short"",""side"":""buy"",""sz"":""0.01"",""ts"":""1788135373643""}"
2026-08-31T00:16:16.619158Z,1788135375627,ETH-USDT-SWAP,buy,short,0.19,2423.95,"{""bkLoss"":""0"",""bkPx"":""2423.95"",""ccy"":"""",""posSide"":""short"",""side"":""buy"",""sz"":""0.19"",""ts"":""1788135375627""}"
2026-08-31T00:16:19.204654Z,1788135378380,ETH-USDT-SWAP,buy,short,4.53,2424.72,"{""bkLoss"":""0"",""bkPx"":""2424.72"",""ccy"":"""",""posSide"":""short"",""side"":""buy"",""sz"":""4.53"",""ts"":""1788135378380""}"
2026-08-31T00:16:22.151955Z,1788135380737,SKHYNIX-USDT-SWAP,buy,short,0.204,1165.14,"{""bkLoss"":""0"",""bkPx"":""1165.14"",""ccy"":"""",""posSide"":""short"",""side"":""buy"",""sz"":""0.204"",""ts"":""1788135380737""}"
2026-08-31T00:16:22.288668Z,1788135380904,ETH-USDT-SWAP,buy,short,0.98,2424.92,"{""bkLoss"":""0"",""bkPx"":""2424.92"",""ccy"":"""",""posSide"":""short"",""side"":""buy"",""sz"":""0.98"",""ts"":""1788135380904""}"
2026-08-31T00:16:22.509832Z,1788135381408,BTC-USDT-SWAP,buy,short,0.81,77798.7,"{""bkLoss"":""0"",""bkPx"":""77798.7"",""ccy"":"""",""posSide"":""short"",""side"":""buy"",""sz"":""0.81"",""ts"":""1788135381408""}"
2026-08-31T00:16:22.706173Z,1788135381199,ETH-USDT-SWAP,buy,short,4.29,2425.32,"{""bkLoss"":""0"",""bkPx"":""2425.32"",""ccy"":"""",""posSide"":""short"",""side"":""buy"",""sz"":""4.29"",""ts"":""1788135381199""}"
2026-08-31T00:16:23.533734Z,1788135382310,ETH-USDT-SWAP,buy,short,19.73,2425.68,"{""bkLoss"":""0"",""bkPx"":""2425.68"",""ccy"":"""",""posSide"":""short"",""side"":""buy"",""sz"":""19.73"",""ts"":""1788135382310""}"
2026-08-31T00:16:25.426641Z,1788135384328,BTC-USDT-SWAP,buy,short,1.06,77818.9,"{""bkLoss"":""0"",""bkPx"":""77818.9"",""ccy"":"""",""posSide"":""short"",""side"":""buy"",""sz"":""1.06"",""ts"":""1788135384328""}"
2026-08-31T00:16:28.014916Z,1788135386854,BTC-USDT-SWAP,buy,short,0.02,77838.1,"{""bkLoss"":""0"",""bkPx"":""77838.1"",""ccy"":"""",""posSide"":""short"",""side"":""buy"",""sz"":""0.02"",""ts"":""1788135386854""}"
2026-08-31T00:16:28.017187Z,1788135386591,ETH-USDT-SWAP,buy,short,8.55,2426.69,"{""bkLoss"":""0"",""bkPx"":""2426.69"",""ccy"":"""",""posSide"":""short"",""side"":""buy"",""sz"":""8.55"",""ts"":""1788135386591""}"
2026-08-31T00:16:28.316617Z,1788135387045,SNDK-USDT-SWAP,buy,short,0.113,1466.49,"{""bkLoss"":""0"",""bkPx"":""1466.49"",""ccy"":"""",""posSide"":""short"",""side"":""buy"",""sz"":""0.113"",""ts"":""1788135387045""}"
2026-08-31T00:16:33.566127Z,1788135392221,GPS-USDT-SWAP,buy,short,29,0.009816,"{""bkLoss"":""0"",""bkPx"":""0.009816"",""ccy"":"""",""posSide"":""short"",""side"":""buy"",""sz"":""29"",""ts"":""1788135392221""}"
2026-08-31T00:16:37.066034Z,1788135396112,GIGGLE-USDT-SWAP,buy,short,4866,38.8,"{""bkLoss"":""0"",""bkPx"":""38.8"",""ccy"":"""",""posSide"":""short"",""side"":""buy"",""sz"":""4866"",""ts"":""1788135396112""}"
2026-08-31T00:16:38.980290Z,1788135397935,GIGGLE-USDT-SWAP,buy,short,2128,38.82,"{""bkLoss"":""0"",""bkPx"":""38.82"",""ccy"":"""",""posSide"":""short"",""side"":""buy"",""sz"":""2128"",""ts"":""1788135397935""}"
2026-08-31T00:16:42.159890Z,1788135401034,SOL-USDT-SWAP,buy,short,5.64,101.97,"{""bkLoss"":""0"",""bkPx"":""101.97"",""ccy"":"""",""posSide"":""short"",""side"":""buy"",""sz"":""5.64"",""ts"":""1788135401034""}"
2026-08-31T00:16:42.181654Z,1788135401124,TRUMP-USDT-SWAP,buy,short,4324,2.385,"{""bkLoss"":""0"",""bkPx"":""2.385"",""ccy"":"""",""posSide"":""short"",""side"":""buy"",""sz"":""4324"",""ts"":""1788135401124""}"
2026-08-31T00:16:42.220812Z,1788135400820,ETH-USDT-SWAP,buy,short,24.75,2426.98,"{""bkLoss"":""0"",""bkPx"":""2426.98"",""ccy"":"""",""posSide"":""short"",""side"":""buy"",""sz"":""24.75"",""ts"":""1788135400820""}"
2026-08-31T00:16:51.700665Z,1788135410592,ETH-USDT-SWAP,buy,short,0.12,2427.06,"{""bkLoss"":""0"",""bkPx"":""2427.06"",""ccy"":"""",""posSide"":""short"",""side"":""buy"",""sz"":""0.12"",""ts"":""1788135410592""}"
2026-08-31T00:16:51.896293Z,1788135411069,ETH-USDT-SWAP,buy,short,2.33,2428,"{""bkLoss"":""0"",""bkPx"":""2428"",""ccy"":"""",""posSide"":""short"",""side"":""buy"",""sz"":""2.33"",""ts"":""1788135411069""}"
2026-08-31T00:16:52.150087Z,1788135411091,XRP-USDT-SWAP,buy,short,3.16,1.3622,"{""bkLoss"":""0"",""bkPx"":""1.3622"",""ccy"":"""",""posSide"":""short"",""side"":""buy"",""sz"":""3.16"",""ts"":""1788135411091""}"
2026-08-31T00:16:55.731648Z,1788135414438,SNDK-USDT-SWAP,buy,short,0.354,1467.89,"{""bkLoss"":""0"",""bkPx"":""1467.89"",""ccy"":"""",""posSide"":""short"",""side"":""buy"",""sz"":""0.354"",""ts"":""1788135414438""}"
2026-08-31T00:16:56.328634Z,1788135414926,ETH-USDT-SWAP,buy,short,2.17,2428.05,"{""bkLoss"":""0"",""bkPx"":""2428.05"",""ccy"":"""",""posSide"":""short"",""side"":""buy"",""sz"":""2.17"",""ts"":""1788135414926""}"
2026-08-31T00:16:56.335505Z,1788135415051,SNDK-USDT-SWAP,buy,short,0.254,1467.97,"{""bkLoss"":""0"",""bkPx"":""1467.97"",""ccy"":"""",""posSide"":""short"",""side"":""buy"",""sz"":""0.254"",""ts"":""1788135415051""}"
2026-08-31T00:16:56.735529Z,1788135415381,BTC-USDT-SWAP,buy,short,0.71,77856,"{""bkLoss"":""0"",""bkPx"":""77856"",""ccy"":"""",""posSide"":""short"",""side"":""buy"",""sz"":""0.71"",""ts"":""1788135415381""}"
2026-08-31T00:16:56.846158Z,1788135415782,UNI-USDT-SWAP,buy,short,10,5.179,"{""bkLoss"":""0"",""bkPx"":""5.179"",""ccy"":"""",""posSide"":""short"",""side"":""buy"",""sz"":""10"",""ts"":""1788135415782""}"
2026-08-31T00:17:05.926687Z,1788135425101,ETH-USDT-SWAP,buy,short,1,2428.5,"{""bkLoss"":""0"",""bkPx"":""2428.5"",""ccy"":"""",""posSide"":""short"",""side"":""buy"",""sz"":""1"",""ts"":""1788135425101""}"
2026-08-31T00:17:06.020656Z,1788135424963,ETH-USDT-SWAP,buy,short,17.9,2428.5,"{""bkLoss"":""0"",""bkPx"":""2428.5"",""ccy"":"""",""posSide"":""short"",""side"":""buy"",""sz"":""17.9"",""ts"":""1788135424963""}"
2026-08-31T00:17:17.852509Z,1788135437085,ETH-USDT-SWAP,buy,short,0.39,2429.53,"{""bkLoss"":""0"",""bkPx"":""2429.53"",""ccy"":"""",""posSide"":""short"",""side"":""buy"",""sz"":""0.39"",""ts"":""1788135437085""}"
2026-08-31T00:17:17.961541Z,1788135436624,ETH-USDT-SWAP,buy,short,0.02,2429.48,"{""bkLoss"":""0"",""bkPx"":""2429.48"",""ccy"":"""",""posSide"":""short"",""side"":""buy"",""sz"":""0.02"",""ts"":""1788135436624""}"
2026-08-31T00:17:17.977628Z,1788135436706,KAITO-USDT-SWAP,buy,short,3,0.2989,"{""bkLoss"":""0"",""bkPx"":""0.2989"",""ccy"":"""",""posSide"":""short"",""side"":""buy"",""sz"":""3"",""ts"":""1788135436706""}"
2026-08-31T00:17:24.481133Z,1788135443076,BTC-USDT-SWAP,buy,short,2.48,77867.1,"{""bkLoss"":""0"",""bkPx"":""77867.1"",""ccy"":"""",""posSide"":""short"",""side"":""buy"",""sz"":""2.48"",""ts"":""1788135443076""}"
2026-08-31T00:17:24.483176Z,1788135443076,BICO-USDT-SWAP,buy,short,415,0.02145,"{""bkLoss"":""0"",""bkPx"":""0.02145"",""ccy"":"""",""posSide"":""short"",""side"":""buy"",""sz"":""415"",""ts"":""1788135443076""}"
2026-08-31T00:17:37.707611Z,1788135456577,ZKP-USDT-SWAP,buy,short,368,0.05303,"{""bkLoss"":""0"",""bkPx"":""0.05303"",""ccy"":"""",""posSide"":""short"",""side"":""buy"",""sz"":""368"",""ts"":""1788135456577""}"
2026-08-31T00:17:45.492380Z,1788134625719,AXTI-USDT-SWAP,sell,long,223.45,56.69,"{""bkLoss"":""0"",""bkPx"":""56.69"",""ccy"":"""",""posSide"":""long"",""side"":""sell"",""sz"":""223.45"",""ts"":""1788134625719""}"
2026-08-31T00:17:45.519210Z,1788134626374,AXTI-USDT-SWAP,sell,long,0.55,56.6,"{""bkLoss"":""0"",""bkPx"":""56.6"",""ccy"":"""",""posSide"":""long"",""side"":""sell"",""sz"":""0.55"",""ts"":""1788134626374""}"
2026-08-31T00:17:48.189422Z,1788135467203,UNI-USDT-SWAP,buy,short,39,5.187,"{""bkLoss"":""0"",""bkPx"":""5.187"",""ccy"":"""",""posSide"":""short"",""side"":""buy"",""sz"":""39"",""ts"":""1788135467203""}"
2026-08-31T00:18:52.142541Z,1788134684885,TRUMP-USDT-SWAP,buy,short,96,2.378,"{""bkLoss"":""0"",""bkPx"":""2.378"",""ccy"":"""",""posSide"":""short"",""side"":""buy"",""sz"":""96"",""ts"":""1788134684885""}"
2026-08-31T00:18:55.360027Z,1788135534158,TRUMP-USDT-SWAP,buy,short,20000,2.386,"{""bkLoss"":""0"",""bkPx"":""2.386"",""ccy"":"""",""posSide"":""short"",""side"":""buy"",""sz"":""20000"",""ts"":""1788135534158""}"
2026-08-31T00:18:56.527118Z,1788135535366,TRUMP-USDT-SWAP,buy,short,18835,2.387,"{""bkLoss"":""0"",""bkPx"":""2.387"",""ccy"":"""",""posSide"":""short"",""side"":""buy"",""sz"":""18835"",""ts"":""1788135535366""}"
2026-08-31T00:19:44.471617Z,1788135583722,GRVT-USDT-SWAP,buy,short,4,0.17825,"{""bkLoss"":""0"",""bkPx"":""0.17825"",""ccy"":"""",""posSide"":""short"",""side"":""buy"",""sz"":""4"",""ts"":""1788135583722""}"
2026-08-31T00:20:25.927416Z,1788135624622,SOL-USDT-SWAP,buy,short,9.02,102.12,"{""bkLoss"":""0"",""bkPx"":""102.12"",""ccy"":"""",""posSide"":""short"",""side"":""buy"",""sz"":""9.02"",""ts"":""1788135624622""}"
2026-08-31T00:20:31.409121Z,1788135630255,BTC-USDT-SWAP,buy,short,16.38,77876.5,"{""bkLoss"":""0"",""bkPx"":""77876.5"",""ccy"":"""",""posSide"":""short"",""side"":""buy"",""sz"":""16.38"",""ts"":""1788135630255""}"
2026-08-31T00:20:36.209026Z,1788135634868,BTC-USDT-SWAP,buy,short,0.4,77889.7,"{""bkLoss"":""0"",""bkPx"":""77889.7"",""ccy"":"""",""posSide"":""short"",""side"":""buy"",""sz"":""0.4"",""ts"":""1788135634868""}"
2026-08-31T00:20:43.682522Z,1788135642736,BTC-USDT-SWAP,buy,short,3.68,77896.4,"{""bkLoss"":""0"",""bkPx"":""77896.4"",""ccy"":"""",""posSide"":""short"",""side"":""buy"",""sz"":""3.68"",""ts"":""1788135642736""}"
2026-08-31T00:20:43.698808Z,1788135642662,ZEC-USDT-SWAP,buy,short,63,839.36,"{""bkLoss"":""0"",""bkPx"":""839.36"",""ccy"":"""",""posSide"":""short"",""side"":""buy"",""sz"":""63"",""ts"":""1788135642662""}"
2026-08-31T00:20:44.737183Z,1788135643605,BTC-USDT-SWAP,buy,short,2.5,77897.6,"{""bkLoss"":""0"",""bkPx"":""77897.6"",""ccy"":"""",""posSide"":""short"",""side"":""buy"",""sz"":""2.5"",""ts"":""1788135643605""}"
2026-08-31T00:20:45.161910Z,1788135644250,BTC-USDT-SWAP,buy,short,3.15,77898.8,"{""bkLoss"":""0"",""bkPx"":""77898.8"",""ccy"":"""",""posSide"":""short"",""side"":""buy"",""sz"":""3.15"",""ts"":""1788135644250""}"
2026-08-31T00:20:49.714905Z,1788135648729,ANIME-USDT-SWAP,buy,short,17470,0.002945,"{""bkLoss"":""0"",""bkPx"":""0.002945"",""ccy"":"""",""posSide"":""short"",""side"":""buy"",""sz"":""17470"",""ts"":""1788135648729""}"
2026-08-31T00:21:07.853218Z,1788135666917,HYPE-USDT-SWAP,buy,short,1210,80.371,"{""bkLoss"":""0"",""bkPx"":""80.371"",""ccy"":"""",""posSide"":""short"",""side"":""buy"",""sz"":""1210"",""ts"":""1788135666917""}"
2026-08-31T00:21:08.446496Z,1788135667274,UNI-USDT-SWAP,buy,short,62,5.201,"{""bkLoss"":""0"",""bkPx"":""5.201"",""ccy"":"""",""posSide"":""short"",""side"":""buy"",""sz"":""62"",""ts"":""1788135667274""}"
2026-08-31T00:21:08.527200Z,1788135667462,BTC-USDT-SWAP,buy,short,0.25,77918.3,"{""bkLoss"":""0"",""bkPx"":""77918.3"",""ccy"":"""",""posSide"":""short"",""side"":""buy"",""sz"":""0.25"",""ts"":""1788135667462""}"
2026-08-31T00:21:08.531170Z,1788135667462,XRP-USDT-SWAP,buy,short,0.87,1.3626,"{""bkLoss"":""0"",""bkPx"":""1.3626"",""ccy"":"""",""posSide"":""short"",""side"":""buy"",""sz"":""0.87"",""ts"":""1788135667462""}"
2026-08-31T00:21:08.535954Z,1788135667462,ETH-USDT-SWAP,buy,short,0.61,2428.58,"{""bkLoss"":""0"",""bkPx"":""2428.58"",""ccy"":"""",""posSide"":""short"",""side"":""buy"",""sz"":""0.61"",""ts"":""1788135667462""}"
2026-08-31T00:21:09.313012Z,1788135668374,HYPE-USDT-SWAP,buy,short,25,80.397,"{""bkLoss"":""0"",""bkPx"":""80.397"",""ccy"":"""",""posSide"":""short"",""side"":""buy"",""sz"":""25"",""ts"":""1788135668374""}"
2026-08-31T00:21:09.611336Z,1788135668016,ASTER-USDT-SWAP,buy,short,96,0.6866,"{""bkLoss"":""0"",""bkPx"":""0.6866"",""ccy"":"""",""posSide"":""short"",""side"":""buy"",""sz"":""96"",""ts"":""1788135668016""}"
2026-08-31T00:21:10.870633Z,1788135669219,UNI-USDT-SWAP,buy,short,217,5.206,"{""bkLoss"":""0"",""bkPx"":""5.206"",""ccy"":"""",""posSide"":""short"",""side"":""buy"",""sz"":""217"",""ts"":""1788135669219""}"
2026-08-31T00:21:12.807506Z,1788135671615,DOGE-USDT-SWAP,buy,short,1.06,0.08232,"{""bkLoss"":""0"",""bkPx"":""0.08232"",""ccy"":"""",""posSide"":""short"",""side"":""buy"",""sz"":""1.06"",""ts"":""1788135671615""}"
2026-08-31T00:21:14.576072Z,1788135673484,SOL-USDT-SWAP,buy,short,0.87,102.27,"{""bkLoss"":""0"",""bkPx"":""102.27"",""ccy"":"""",""posSide"":""short"",""side"":""buy"",""sz"":""0.87"",""ts"":""1788135673484""}"
2026-08-31T00:21:21.015052Z,1788135679565,BTC-USDT-SWAP,buy,short,0.13,77924.4,"{""bkLoss"":""0"",""bkPx"":""77924.4"",""ccy"":"""",""posSide"":""short"",""side"":""buy"",""sz"":""0.13"",""ts"":""1788135679565""}"
2026-08-31T00:21:22.332555Z,1788135681675,ANIME-USDT-SWAP,buy,short,82,0.002964,"{""bkLoss"":""0"",""bkPx"":""0.002964"",""ccy"":"""",""posSide"":""short"",""side"":""buy"",""sz"":""82"",""ts"":""1788135681675""}"
2026-08-31T00:21:23.848361Z,1788135669845,O-USDT-SWAP,buy,short,3,0.5547,"{""bkLoss"":""0"",""bkPx"":""0.5547"",""ccy"":"""",""posSide"":""short"",""side"":""buy"",""sz"":""3"",""ts"":""1788135669845""}"
2026-08-31T00:21:26.508253Z,1788135684978,ANIME-USDT-SWAP,buy,short,74236,0.002968,"{""bkLoss"":""0"",""bkPx"":""0.002968"",""ccy"":"""",""posSide"":""short"",""side"":""buy"",""sz"":""74236"",""ts"":""1788135684978""}"
2026-08-31T00:21:28.178007Z,1788135674583,BTC-USDT-SWAP,buy,short,2.45,77920.5,"{""bkLoss"":""0"",""bkPx"":""77920.5"",""ccy"":"""",""posSide"":""short"",""side"":""buy"",""sz"":""2.45"",""ts"":""1788135674583""}"
2026-08-31T00:21:28.591970Z,1788135687337,SNDK-USDT-SWAP,buy,short,0.627,1468.6,"{""bkLoss"":""0"",""bkPx"":""1468.6"",""ccy"":"""",""posSide"":""short"",""side"":""buy"",""sz"":""0.627"",""ts"":""1788135687337""}"
2026-08-31T00:21:31.184903Z,1788135690448,TRUMP-USDT-SWAP,buy,short,2300,2.39,"{""bkLoss"":""0"",""bkPx"":""2.39"",""ccy"":"""",""posSide"":""short"",""side"":""buy"",""sz"":""2300"",""ts"":""1788135690448""}"
2026-08-31T00:21:35.802741Z,1788135694620,CRV-USDT-SWAP,buy,short,99,0.3002,"{""bkLoss"":""0"",""bkPx"":""0.3002"",""ccy"":"""",""posSide"":""short"",""side"":""buy"",""sz"":""99"",""ts"":""1788135694620""}"
2026-08-31T00:21:44.747521Z,1788135703557,ANIME-USDT-SWAP,buy,short,17228,0.002988,"{""bkLoss"":""0"",""bkPx"":""0.002988"",""ccy"":"""",""posSide"":""short"",""side"":""buy"",""sz"":""17228"",""ts"":""1788135703557""}"
2026-08-31T00:21:59.244602Z,1788134834019,OL-USDT-SWAP,sell,long,819,0.004539,"{""bkLoss"":""0"",""bkPx"":""0.004539"",""ccy"":"""",""posSide"":""long"",""side"":""sell"",""sz"":""819"",""ts"":""1788134834019""}"
2026-08-31T00:22:18.246539Z,1788135737013,CRV-USDT-SWAP,buy,short,1355,0.3014,"{""bkLoss"":""0"",""bkPx"":""0.3014"",""ccy"":"""",""posSide"":""short"",""side"":""buy"",""sz"":""1355"",""ts"":""1788135737013""}"
2026-08-31T00:22:26.826150Z,1788135745413,HYPE-USDT-SWAP,buy,short,25,80.468,"{""bkLoss"":""0"",""bkPx"":""80.468"",""ccy"":"""",""posSide"":""short"",""side"":""buy"",""sz"":""25"",""ts"":""1788135745413""}"
2026-08-31T00:22:35.197142Z,1788134862844,OL-USDT-SWAP,sell,long,158,0.004405,"{""bkLoss"":""0"",""bkPx"":""0.004405"",""ccy"":"""",""posSide"":""long"",""side"":""sell"",""sz"":""158"",""ts"":""1788134862844""}"
2026-08-31T00:22:57.852209Z,1788135776529,ANIME-USDT-SWAP,buy,short,1974,0.002996,"{""bkLoss"":""0"",""bkPx"":""0.002996"",""ccy"":"""",""posSide"":""short"",""side"":""buy"",""sz"":""1974"",""ts"":""1788135776529""}"
2026-08-31T00:23:00.309274Z,1788135779100,ANIME-USDT-SWAP,buy,short,7080,0.002998,"{""bkLoss"":""0"",""bkPx"":""0.002998"",""ccy"":"""",""posSide"":""short"",""side"":""buy"",""sz"":""7080"",""ts"":""1788135779100""}"
2026-08-31T00:23:09.714729Z,1788135788643,SKHYNIX-USDT-SWAP,buy,short,9.328,1172.97,"{""bkLoss"":""0"",""bkPx"":""1172.97"",""ccy"":"""",""posSide"":""short"",""side"":""buy"",""sz"":""9.328"",""ts"":""1788135788643""}"
2026-08-31T00:23:11.537220Z,1788135789778,ANIME-USDT-SWAP,buy,short,4431,0.003,"{""bkLoss"":""0"",""bkPx"":""0.003"",""ccy"":"""",""posSide"":""short"",""side"":""buy"",""sz"":""4431"",""ts"":""1788135789778""}"
2026-08-31T00:23:34.887622Z,1788135813777,O-USDT-SWAP,buy,short,111,0.5613,"{""bkLoss"":""0"",""bkPx"":""0.5613"",""ccy"":"""",""posSide"":""short"",""side"":""buy"",""sz"":""111"",""ts"":""1788135813777""}"
2026-08-31T00:23:39.959710Z,1788135819077,ZEC-USDT-SWAP,buy,short,100,840.54,"{""bkLoss"":""0"",""bkPx"":""840.54"",""ccy"":"""",""posSide"":""short"",""side"":""buy"",""sz"":""100"",""ts"":""1788135819077""}"
2026-08-31T00:23:41.922155Z,1788135820589,ZEC-USDT-SWAP,buy,short,2,840.71,"{""bkLoss"":""0"",""bkPx"":""840.71"",""ccy"":"""",""posSide"":""short"",""side"":""buy"",""sz"":""2"",""ts"":""1788135820589""}"
2026-08-31T00:23:45.603605Z,1788135824753,UNI-USDT-SWAP,buy,short,39,5.215,"{""bkLoss"":""0"",""bkPx"":""5.215"",""ccy"":"""",""posSide"":""short"",""side"":""buy"",""sz"":""39"",""ts"":""1788135824753""}"
2026-08-31T00:23:49.144655Z,1788135828189,SNDK-USDT-SWAP,buy,short,0.313,1468.12,"{""bkLoss"":""0"",""bkPx"":""1468.12"",""ccy"":"""",""posSide"":""short"",""side"":""buy"",""sz"":""0.313"",""ts"":""1788135828189""}"
2026-08-31T00:23:49.162316Z,1788135828189,ETH-USDT-SWAP,buy,short,7.63,2429.46,"{""bkLoss"":""0"",""bkPx"":""2429.46"",""ccy"":"""",""posSide"":""short"",""side"":""buy"",""sz"":""7.63"",""ts"":""1788135828189""}"
2026-08-31T00:23:49.167534Z,1788135828189,SOL-USDT-SWAP,buy,short,19.84,102.26,"{""bkLoss"":""0"",""bkPx"":""102.26"",""ccy"":"""",""posSide"":""short"",""side"":""buy"",""sz"":""19.84"",""ts"":""1788135828189""}"
2026-08-31T00:23:53.958019Z,1788135832920,ETH-USDT-SWAP,buy,short,5.65,2430.14,"{""bkLoss"":""0"",""bkPx"":""2430.14"",""ccy"":"""",""posSide"":""short"",""side"":""buy"",""sz"":""5.65"",""ts"":""1788135832920""}"
2026-08-31T00:23:56.922007Z,1788135835855,SKHYNIX-USDT-SWAP,buy,short,0.136,1174.51,"{""bkLoss"":""0"",""bkPx"":""1174.51"",""ccy"":"""",""posSide"":""short"",""side"":""buy"",""sz"":""0.136"",""ts"":""1788135835855""}"
2026-08-31T00:24:01.700335Z,1788135840224,BTC-USDT-SWAP,buy,short,1.54,77934.9,"{""bkLoss"":""0"",""bkPx"":""77934.9"",""ccy"":"""",""posSide"":""short"",""side"":""buy"",""sz"":""1.54"",""ts"":""1788135840224""}"
2026-08-31T00:24:03.046559Z,1788135841883,BTC-USDT-SWAP,buy,short,14.54,77936,"{""bkLoss"":""0"",""bkPx"":""77936"",""ccy"":"""",""posSide"":""short"",""side"":""buy"",""sz"":""14.54"",""ts"":""1788135841883""}"
2026-08-31T00:24:04.443320Z,1788135843231,BTC-USDT-SWAP,buy,short,2.58,77936.9,"{""bkLoss"":""0"",""bkPx"":""77936.9"",""ccy"":"""",""posSide"":""short"",""side"":""buy"",""sz"":""2.58"",""ts"":""1788135843231""}"
2026-08-31T00:24:08.507636Z,1788135847392,CAP-USDT-SWAP,buy,short,529,0.06942,"{""bkLoss"":""0"",""bkPx"":""0.06942"",""ccy"":"""",""posSide"":""short"",""side"":""buy"",""sz"":""529"",""ts"":""1788135847392""}"
2026-08-31T00:24:15.036789Z,1788135853960,BTC-USDT-SWAP,buy,short,0.09,77941,"{""bkLoss"":""0"",""bkPx"":""77941"",""ccy"":"""",""posSide"":""short"",""side"":""buy"",""sz"":""0.09"",""ts"":""1788135853960""}"
2026-08-31T00:24:15.042232Z,1788135854050,ETH-USDT-SWAP,buy,short,3,2431.05,"{""bkLoss"":""0"",""bkPx"":""2431.05"",""ccy"":"""",""posSide"":""short"",""side"":""buy"",""sz"":""3"",""ts"":""1788135854050""}"
2026-08-31T00:24:17.397278Z,1788135856419,BTC-USDT-SWAP,buy,short,0.02,77946,"{""bkLoss"":""0"",""bkPx"":""77946"",""ccy"":"""",""posSide"":""short"",""side"":""buy"",""sz"":""0.02"",""ts"":""1788135856419""}"
2026-08-31T00:24:18.665411Z,1788135857193,ETH-USDT-SWAP,buy,short,0.61,2431.07,"{""bkLoss"":""0"",""bkPx"":""2431.07"",""ccy"":"""",""posSide"":""short"",""side"":""buy"",""sz"":""0.61"",""ts"":""1788135857193""}"
2026-08-31T00:24:18.668916Z,1788135857193,ZEC-USDT-SWAP,buy,short,1,840.74,"{""bkLoss"":""0"",""bkPx"":""840.74"",""ccy"":"""",""posSide"":""short"",""side"":""buy"",""sz"":""1"",""ts"":""1788135857193""}"
2026-08-31T00:24:32.226204Z,1788135870849,O-USDT-SWAP,buy,short,22,0.5633,"{""bkLoss"":""0"",""bkPx"":""0.5633"",""ccy"":"""",""posSide"":""short"",""side"":""buy"",""sz"":""22"",""ts"":""1788135870849""}"
2026-08-31T00:24:35.596100Z,1788135874498,SKHYNIX-USDT-SWAP,buy,short,0.526,1174.72,"{""bkLoss"":""0"",""bkPx"":""1174.72"",""ccy"":"""",""posSide"":""short"",""side"":""buy"",""sz"":""0.526"",""ts"":""1788135874498""}"
2026-08-31T00:24:42.325947Z,1788135881081,SNDK-USDT-SWAP,buy,short,0.26,1469.41,"{""bkLoss"":""0"",""bkPx"":""1469.41"",""ccy"":"""",""posSide"":""short"",""side"":""buy"",""sz"":""0.26"",""ts"":""1788135881081""}"
2026-08-31T00:25:04.048693Z,1788135903082,SNDK-USDT-SWAP,buy,short,1,1471.4,"{""bkLoss"":""0"",""bkPx"":""1471.4"",""ccy"":"""",""posSide"":""short"",""side"":""buy"",""sz"":""1"",""ts"":""1788135903082""}"
2026-08-31T00:26:04.336911Z,1788135963191,UNI-USDT-SWAP,buy,short,150,5.22,"{""bkLoss"":""0"",""bkPx"":""5.22"",""ccy"":"""",""posSide"":""short"",""side"":""buy"",""sz"":""150"",""ts"":""1788135963191""}"
2026-08-31T00:27:08.353280Z,1788136027035,UNI-USDT-SWAP,buy,short,33,5.235,"{""bkLoss"":""0"",""bkPx"":""5.235"",""ccy"":"""",""posSide"":""short"",""side"":""buy"",""sz"":""33"",""ts"":""1788136027035""}"
2026-08-31T00:27:08.356274Z,1788136026949,UNI-USDT-SWAP,buy,short,302,5.235,"{""bkLoss"":""0"",""bkPx"":""5.235"",""ccy"":"""",""posSide"":""short"",""side"":""buy"",""sz"":""302"",""ts"":""1788136026949""}"
2026-08-31T00:27:09.218407Z,1788136028163,UNI-USDT-SWAP,buy,short,284,5.238,"{""bkLoss"":""0"",""bkPx"":""5.238"",""ccy"":"""",""posSide"":""short"",""side"":""buy"",""sz"":""284"",""ts"":""1788136028163""}"
2026-08-31T00:27:14.876415Z,1788136033784,ENA-USDT-SWAP,buy,short,2,0.1489,"{""bkLoss"":""0"",""bkPx"":""0.1489"",""ccy"":"""",""posSide"":""short"",""side"":""buy"",""sz"":""2"",""ts"":""1788136033784""}"
2026-08-31T00:28:21.895226Z,1788135191628,TRUMP-USDT-SWAP,buy,short,976,2.37,"{""bkLoss"":""0"",""bkPx"":""2.37"",""ccy"":"""",""posSide"":""short"",""side"":""buy"",""sz"":""976"",""ts"":""1788135191628""}"
2026-08-31T00:29:31.430292Z,1788136170266,AUCTION-USDT-SWAP,sell,long,50,3.661,"{""bkLoss"":""0"",""bkPx"":""3.661"",""ccy"":"""",""posSide"":""long"",""side"":""sell"",""sz"":""50"",""ts"":""1788136170266""}"
2026-08-31T00:29:37.545763Z,1788136176679,AUCTION-USDT-SWAP,sell,long,1170,3.654,"{""bkLoss"":""0"",""bkPx"":""3.654"",""ccy"":"""",""posSide"":""long"",""side"":""sell"",""sz"":""1170"",""ts"":""1788136176679""}"
2026-08-31T00:29:48.621705Z,1788136187345,TRX-USDT-SWAP,sell,long,0.43,0.33497,"{""bkLoss"":""0"",""bkPx"":""0.33497"",""ccy"":"""",""posSide"":""long"",""side"":""sell"",""sz"":""0.43"",""ts"":""1788136187345""}"
2026-08-31T00:30:03.928368Z,1788135312340,ETH-USDT-SWAP,buy,short,0.71,2421.18,"{""bkLoss"":""0"",""bkPx"":""2421.18"",""ccy"":"""",""posSide"":""short"",""side"":""buy"",""sz"":""0.71"",""ts"":""1788135312340""}"
2026-08-31T00:30:08.371498Z,1788136207157,ANIME-USDT-SWAP,buy,short,1514,0.003034,"{""bkLoss"":""0"",""bkPx"":""0.003034"",""ccy"":"""",""posSide"":""short"",""side"":""buy"",""sz"":""1514"",""ts"":""1788136207157""}"
2026-08-31T00:30:08.784725Z,1788136208075,ANIME-USDT-SWAP,buy,short,12818,0.00304,"{""bkLoss"":""0"",""bkPx"":""0.00304"",""ccy"":"""",""posSide"":""short"",""side"":""buy"",""sz"":""12818"",""ts"":""1788136208075""}"
2026-08-31T00:30:10.902522Z,1788136209728,ANIME-USDT-SWAP,buy,short,769,0.003066,"{""bkLoss"":""0"",""bkPx"":""0.003066"",""ccy"":"""",""posSide"":""short"",""side"":""buy"",""sz"":""769"",""ts"":""1788136209728""}"
2026-08-31T00:30:11.106686Z,1788136210090,ANIME-USDT-SWAP,buy,short,1959,0.00307,"{""bkLoss"":""0"",""bkPx"":""0.00307"",""ccy"":"""",""posSide"":""short"",""side"":""buy"",""sz"":""1959"",""ts"":""1788136210090""}"
2026-08-31T00:30:16.196461Z,1788136214822,ANIME-USDT-SWAP,buy,short,104841,0.003077,"{""bkLoss"":""0"",""bkPx"":""0.003077"",""ccy"":"""",""posSide"":""short"",""side"":""buy"",""sz"":""104841"",""ts"":""1788136214822""}"
2026-08-31T00:30:17.106179Z,1788136215814,ANIME-USDT-SWAP,buy,short,101,0.00308,"{""bkLoss"":""0"",""bkPx"":""0.00308"",""ccy"":"""",""posSide"":""short"",""side"":""buy"",""sz"":""101"",""ts"":""1788136215814""}"
2026-08-31T00:30:17.436611Z,1788136216089,ANIME-USDT-SWAP,buy,short,15770,0.003083,"{""bkLoss"":""0"",""bkPx"":""0.003083"",""ccy"":"""",""posSide"":""short"",""side"":""buy"",""sz"":""15770"",""ts"":""1788136216089""}"
2026-08-31T00:30:32.817427Z,1788136231207,AUCTION-USDT-SWAP,sell,long,405,3.643,"{""bkLoss"":""0"",""bkPx"":""3.643"",""ccy"":"""",""posSide"":""long"",""side"":""sell"",""sz"":""405"",""ts"":""1788136231207""}"
2026-08-31T00:30:39.317821Z,1788136238494,ANIME-USDT-SWAP,buy,short,2106,0.003103,"{""bkLoss"":""0"",""bkPx"":""0.003103"",""ccy"":"""",""posSide"":""short"",""side"":""buy"",""sz"":""2106"",""ts"":""1788136238494""}"
2026-08-31T00:30:52.650649Z,1788136251027,AUCTION-USDT-SWAP,sell,long,485,3.632,"{""bkLoss"":""0"",""bkPx"":""3.632"",""ccy"":"""",""posSide"":""long"",""side"":""sell"",""sz"":""485"",""ts"":""1788136251027""}"
2026-08-31T00:30:56.254763Z,1788136254970,AUCTION-USDT-SWAP,sell,long,46,3.625,"{""bkLoss"":""0"",""bkPx"":""3.625"",""ccy"":"""",""posSide"":""long"",""side"":""sell"",""sz"":""46"",""ts"":""1788136254970""}"
2026-08-31T00:30:57.215411Z,1788136255499,AUCTION-USDT-SWAP,sell,long,418,3.616,"{""bkLoss"":""0"",""bkPx"":""3.616"",""ccy"":"""",""posSide"":""long"",""side"":""sell"",""sz"":""418"",""ts"":""1788136255499""}"
2026-08-31T00:31:09.955930Z,1788136268744,AUCTION-USDT-SWAP,sell,long,35,3.61,"{""bkLoss"":""0"",""bkPx"":""3.61"",""ccy"":"""",""posSide"":""long"",""side"":""sell"",""sz"":""35"",""ts"":""1788136268744""}"
2026-08-31T00:31:16.409645Z,1788136275635,ZEN-USDT-SWAP,buy,short,454,5.353,"{""bkLoss"":""0"",""bkPx"":""5.353"",""ccy"":"""",""posSide"":""short"",""side"":""buy"",""sz"":""454"",""ts"":""1788136275635""}"
2026-08-31T00:31:37.858611Z,1788136296374,SKHYNIX-USDT-SWAP,buy,short,1.554,1182.49,"{""bkLoss"":""0"",""bkPx"":""1182.49"",""ccy"":"""",""posSide"":""short"",""side"":""buy"",""sz"":""1.554"",""ts"":""1788136296374""}"
2026-08-31T00:31:40.102321Z,1788135406223,O-USDT-SWAP,buy,short,140,0.5512,"{""bkLoss"":""0"",""bkPx"":""0.5512"",""ccy"":"""",""posSide"":""short"",""side"":""buy"",""sz"":""140"",""ts"":""1788135406223""}"
2026-08-31T00:31:42.392315Z,1788136301087,NG-USDT-SWAP,sell,long,34,2.842,"{""bkLoss"":""0"",""bkPx"":""2.842"",""ccy"":"""",""posSide"":""long"",""side"":""sell"",""sz"":""34"",""ts"":""1788136301087""}"
2026-08-31T00:32:22.726721Z,1788136342008,ZKP-USDT-SWAP,buy,short,5000,0.05393,"{""bkLoss"":""0"",""bkPx"":""0.05393"",""ccy"":"""",""posSide"":""short"",""side"":""buy"",""sz"":""5000"",""ts"":""1788136342008""}"
2026-08-31T00:32:23.075400Z,1788136341859,ZKP-USDT-SWAP,buy,short,520,0.05394,"{""bkLoss"":""0"",""bkPx"":""0.05394"",""ccy"":"""",""posSide"":""short"",""side"":""buy"",""sz"":""520"",""ts"":""1788136341859""}"
2026-08-31T00:32:51.005050Z,1788136369625,O-USDT-SWAP,sell,long,15,0.543,"{""bkLoss"":""0"",""bkPx"":""0.543"",""ccy"":"""",""posSide"":""long"",""side"":""sell"",""sz"":""15"",""ts"":""1788136369625""}"
2026-08-31T00:32:51.675620Z,1788136370382,ZKP-USDT-SWAP,buy,short,1497,0.05477,"{""bkLoss"":""0"",""bkPx"":""0.05477"",""ccy"":"""",""posSide"":""short"",""side"":""buy"",""sz"":""1497"",""ts"":""1788136370382""}"
2026-08-31T00:32:54.222295Z,1788136373462,SKDD-USDT-SWAP,sell,long,1.5,10.52,"{""bkLoss"":""0"",""bkPx"":""10.52"",""ccy"":"""",""posSide"":""long"",""side"":""sell"",""sz"":""1.5"",""ts"":""1788136373462""}"
2026-08-31T00:32:57.146788Z,1788136376207,O-USDT-SWAP,sell,long,66,0.5406,"{""bkLoss"":""0"",""bkPx"":""0.5406"",""ccy"":"""",""posSide"":""long"",""side"":""sell"",""sz"":""66"",""ts"":""1788136376207""}"
2026-08-31T00:32:59.522677Z,1788136378241,ZKP-USDT-SWAP,buy,short,1875,0.05498,"{""bkLoss"":""0"",""bkPx"":""0.05498"",""ccy"":"""",""posSide"":""short"",""side"":""buy"",""sz"":""1875"",""ts"":""1788136378241""}"
2026-08-31T00:33:00.636639Z,1788136379375,TRUMP-USDT-SWAP,sell,long,5162,2.363,"{""bkLoss"":""0"",""bkPx"":""2.363"",""ccy"":"""",""posSide"":""long"",""side"":""sell"",""sz"":""5162"",""ts"":""1788136379375""}"
2026-08-31T00:33:01.058473Z,1788136379900,ANIME-USDT-SWAP,sell,long,18287,0.002995,"{""bkLoss"":""0"",""bkPx"":""0.002995"",""ccy"":"""",""posSide"":""long"",""side"":""sell"",""sz"":""18287"",""ts"":""1788136379900""}"
2026-08-31T00:33:01.200236Z,1788136380016,ANIME-USDT-SWAP,sell,long,5487,0.002995,"{""bkLoss"":""0"",""bkPx"":""0.002995"",""ccy"":"""",""posSide"":""long"",""side"":""sell"",""sz"":""5487"",""ts"":""1788136380016""}"
2026-08-31T00:33:02.706507Z,1788136381616,ANIME-USDT-SWAP,sell,long,2091,0.002974,"{""bkLoss"":""0"",""bkPx"":""0.002974"",""ccy"":"""",""posSide"":""long"",""side"":""sell"",""sz"":""2091"",""ts"":""1788136381616""}"
2026-08-31T00:33:14.381948Z,1788136393633,ZKP-USDT-SWAP,buy,short,453,0.05529,"{""bkLoss"":""0"",""bkPx"":""0.05529"",""ccy"":"""",""posSide"":""short"",""side"":""buy"",""sz"":""453"",""ts"":""1788136393633""}"
2026-08-31T00:33:20.596288Z,1788136399434,TRUMP-USDT-SWAP,sell,long,19,2.361,"{""bkLoss"":""0"",""bkPx"":""2.361"",""ccy"":"""",""posSide"":""long"",""side"":""sell"",""sz"":""19"",""ts"":""1788136399434""}"
2026-08-31T00:33:32.194193Z,1788136410856,TRUMP-USDT-SWAP,sell,long,162,2.36,"{""bkLoss"":""0"",""bkPx"":""2.36"",""ccy"":"""",""posSide"":""long"",""side"":""sell"",""sz"":""162"",""ts"":""1788136410856""}"
2026-08-31T00:33:33.433592Z,1788136412201,ZKP-USDT-SWAP,buy,short,20,0.05554,"{""bkLoss"":""0"",""bkPx"":""0.05554"",""ccy"":"""",""posSide"":""short"",""side"":""buy"",""sz"":""20"",""ts"":""1788136412201""}"
2026-08-31T00:33:57.935626Z,1788136436414,SNDK-USDT-SWAP,buy,short,1.27,1472.75,"{""bkLoss"":""0"",""bkPx"":""1472.75"",""ccy"":"""",""posSide"":""short"",""side"":""buy"",""sz"":""1.27"",""ts"":""1788136436414""}"
2026-08-31T00:34:12.557305Z,1788136451609,ZKP-USDT-SWAP,buy,short,17,0.05591,"{""bkLoss"":""0"",""bkPx"":""0.05591"",""ccy"":"""",""posSide"":""short"",""side"":""buy"",""sz"":""17"",""ts"":""1788136451609""}"
2026-08-31T00:34:12.890581Z,1788136451861,DOGE-USDT-SWAP,buy,short,1.27,0.08242,"{""bkLoss"":""0"",""bkPx"":""0.08242"",""ccy"":"""",""posSide"":""short"",""side"":""buy"",""sz"":""1.27"",""ts"":""1788136451861""}"
2026-08-31T00:35:04.059672Z,1788136502760,ETH-USDT-SWAP,buy,short,10.03,2432.07,"{""bkLoss"":""0"",""bkPx"":""2432.07"",""ccy"":"""",""posSide"":""short"",""side"":""buy"",""sz"":""10.03"",""ts"":""1788136502760""}"
2026-08-31T00:35:04.373837Z,1788136503393,APR-USDT-SWAP,sell,long,3,0.1912,"{""bkLoss"":""0"",""bkPx"":""0.1912"",""ccy"":"""",""posSide"":""long"",""side"":""sell"",""sz"":""3"",""ts"":""1788136503393""}"
2026-08-31T00:35:04.378506Z,1788136503393,ETH-USDT-SWAP,buy,short,0.39,2432.19,"{""bkLoss"":""0"",""bkPx"":""2432.19"",""ccy"":"""",""posSide"":""short"",""side"":""buy"",""sz"":""0.39"",""ts"":""1788136503393""}"
2026-08-31T00:35:05.652073Z,1788136504445,ETH-USDT-SWAP,buy,short,1.79,2432.25,"{""bkLoss"":""0"",""bkPx"":""2432.25"",""ccy"":"""",""posSide"":""short"",""side"":""buy"",""sz"":""1.79"",""ts"":""1788136504445""}"
2026-08-31T00:35:07.404750Z,1788136506085,ETH-USDT-SWAP,buy,short,1,2432.79,"{""bkLoss"":""0"",""bkPx"":""2432.79"",""ccy"":"""",""posSide"":""short"",""side"":""buy"",""sz"":""1"",""ts"":""1788136506085""}"
2026-08-31T00:35:11.317055Z,1788136510472,ETH-USDT-SWAP,buy,short,0.9,2433.06,"{""bkLoss"":""0"",""bkPx"":""2433.06"",""ccy"":"""",""posSide"":""short"",""side"":""buy"",""sz"":""0.9"",""ts"":""1788136510472""}"
2026-08-31T00:35:11.655130Z,1788136510690,BTC-USDT-SWAP,buy,short,2.05,77969.4,"{""bkLoss"":""0"",""bkPx"":""77969.4"",""ccy"":"""",""posSide"":""short"",""side"":""buy"",""sz"":""2.05"",""ts"":""1788136510690""}"
2026-08-31T00:35:12.112028Z,1788136511093,ETH-USDT-SWAP,buy,short,1.35,2433.17,"{""bkLoss"":""0"",""bkPx"":""2433.17"",""ccy"":"""",""posSide"":""short"",""side"":""buy"",""sz"":""1.35"",""ts"":""1788136511093""}"
2026-08-31T00:35:16.406739Z,1788136515299,DOGE-USDT-SWAP,buy,short,0.86,0.08251,"{""bkLoss"":""0"",""bkPx"":""0.08251"",""ccy"":"""",""posSide"":""short"",""side"":""buy"",""sz"":""0.86"",""ts"":""1788136515299""}"
2026-08-31T00:35:26.689626Z,1788136524280,BTC-USDT-SWAP,buy,short,0.13,77986.8,"{""bkLoss"":""0"",""bkPx"":""77986.8"",""ccy"":"""",""posSide"":""short"",""side"":""buy"",""sz"":""0.13"",""ts"":""1788136524280""}"
2026-08-31T00:35:27.216696Z,1788136524757,ETH-USDT-SWAP,buy,short,5.53,2434.44,"{""bkLoss"":""0"",""bkPx"":""2434.44"",""ccy"":"""",""posSide"":""short"",""side"":""buy"",""sz"":""5.53"",""ts"":""1788136524757""}"
2026-08-31T00:35:27.259598Z,1788136525356,BTC-USDT-SWAP,buy,short,0.07,78090.6,"{""bkLoss"":""0"",""bkPx"":""78090.6"",""ccy"":"""",""posSide"":""short"",""side"":""buy"",""sz"":""0.07"",""ts"":""1788136525356""}"
2026-08-31T00:35:27.681364Z,1788136524697,BZ-USDT-SWAP,sell,long,78,89.01,"{""bkLoss"":""0"",""bkPx"":""89.01"",""ccy"":"""",""posSide"":""long"",""side"":""sell"",""sz"":""78"",""ts"":""1788136524697""}"
2026-08-31T00:35:28.745696Z,1788136527233,ZORA-USDT-SWAP,buy,short,6171,0.007825,"{""bkLoss"":""0"",""bkPx"":""0.007825"",""ccy"":"""",""posSide"":""short"",""side"":""buy"",""sz"":""6171"",""ts"":""1788136527233""}"
2026-08-31T00:35:29.435652Z,1788136524689,SOL-USDT-SWAP,buy,short,1.99,102.36,"{""bkLoss"":""0"",""bkPx"":""102.36"",""ccy"":"""",""posSide"":""short"",""side"":""buy"",""sz"":""1.99"",""ts"":""1788136524689""}"
2026-08-31T00:35:30.393205Z,1788136529307,ZORA-USDT-SWAP,buy,short,15,0.007851,"{""bkLoss"":""0"",""bkPx"":""0.007851"",""ccy"":"""",""posSide"":""short"",""side"":""buy"",""sz"":""15"",""ts"":""1788136529307""}"
2026-08-31T00:35:31.106262Z,1788136529759,ETH-USDT-SWAP,buy,short,10.21,2435.52,"{""bkLoss"":""0"",""bkPx"":""2435.52"",""ccy"":"""",""posSide"":""short"",""side"":""buy"",""sz"":""10.21"",""ts"":""1788136529759""}"
2026-08-31T00:35:35.090157Z,1788136526234,BTC-USDT-SWAP,buy,short,81.98,78132.5,"{""bkLoss"":""0"",""bkPx"":""78132.5"",""ccy"":"""",""posSide"":""short"",""side"":""buy"",""sz"":""81.98"",""ts"":""1788136526234""}"
2026-08-31T00:36:22.125172Z,1788136580500,XPL-USDT-SWAP,buy,short,254,0.0861,"{""bkLoss"":""0"",""bkPx"":""0.0861"",""ccy"":"""",""posSide"":""short"",""side"":""buy"",""sz"":""254"",""ts"":""1788136580500""}"
2026-08-31T00:36:22.689058Z,1788136581673,XPL-USDT-SWAP,buy,short,4514,0.08627,"{""bkLoss"":""0"",""bkPx"":""0.08627"",""ccy"":"""",""posSide"":""short"",""side"":""buy"",""sz"":""4514"",""ts"":""1788136581673""}"
2026-08-31T00:36:23.093329Z,1788136582079,XPL-USDT-SWAP,buy,short,4,0.08629,"{""bkLoss"":""0"",""bkPx"":""0.08629"",""ccy"":"""",""posSide"":""short"",""side"":""buy"",""sz"":""4"",""ts"":""1788136582079""}"
2026-08-31T00:36:25.855828Z,1788136584903,XPL-USDT-SWAP,buy,short,632,0.08646,"{""bkLoss"":""0"",""bkPx"":""0.08646"",""ccy"":"""",""posSide"":""short"",""side"":""buy"",""sz"":""632"",""ts"":""1788136584903""}"
2026-08-31T00:36:28.089816Z,1788136587110,ETH-USDT-SWAP,buy,short,6.78,2435.81,"{""bkLoss"":""0"",""bkPx"":""2435.81"",""ccy"":"""",""posSide"":""short"",""side"":""buy"",""sz"":""6.78"",""ts"":""1788136587110""}"
2026-08-31T00:36:31.908043Z,1788136590958,ETH-USDT-SWAP,buy,short,32.58,2435.86,"{""bkLoss"":""0"",""bkPx"":""2435.86"",""ccy"":"""",""posSide"":""short"",""side"":""buy"",""sz"":""32.58"",""ts"":""1788136590958""}"
2026-08-31T00:36:33.486375Z,1788136592420,XRP-USDT-SWAP,buy,short,14.8,1.3685,"{""bkLoss"":""0"",""bkPx"":""1.3685"",""ccy"":"""",""posSide"":""short"",""side"":""buy"",""sz"":""14.8"",""ts"":""1788136592420""}"
2026-08-31T00:36:44.174645Z,1788136603442,ETH-USDT-SWAP,buy,short,0.1,2436.51,"{""bkLoss"":""0"",""bkPx"":""2436.51"",""ccy"":"""",""posSide"":""short"",""side"":""buy"",""sz"":""0.1"",""ts"":""1788136603442""}"
2026-08-31T00:36:44.181361Z,1788136603442,SOL-USDT-SWAP,buy,short,0.14,102.47,"{""bkLoss"":""0"",""bkPx"":""102.47"",""ccy"":"""",""posSide"":""short"",""side"":""buy"",""sz"":""0.14"",""ts"":""1788136603442""}"
2026-08-31T00:36:44.186949Z,1788136603442,BTC-USDT-SWAP,buy,short,0.05,78130.5,"{""bkLoss"":""0"",""bkPx"":""78130.5"",""ccy"":"""",""posSide"":""short"",""side"":""buy"",""sz"":""0.05"",""ts"":""1788136603442""}"
2026-08-31T00:36:50.205787Z,1788136609340,BTC-USDT-SWAP,buy,short,1,78153.6,"{""bkLoss"":""0"",""bkPx"":""78153.6"",""ccy"":"""",""posSide"":""short"",""side"":""buy"",""sz"":""1"",""ts"":""1788136609340""}"
2026-08-31T00:36:50.227376Z,1788136608984,ETH-USDT-SWAP,buy,short,0.25,2437.74,"{""bkLoss"":""0"",""bkPx"":""2437.74"",""ccy"":"""",""posSide"":""short"",""side"":""buy"",""sz"":""0.25"",""ts"":""1788136608984""}"
2026-08-31T00:36:50.276115Z,1788136609344,ETH-USDT-SWAP,buy,short,16.12,2438.49,"{""bkLoss"":""0"",""bkPx"":""2438.49"",""ccy"":"""",""posSide"":""short"",""side"":""buy"",""sz"":""16.12"",""ts"":""1788136609344""}"
2026-08-31T00:36:50.437909Z,1788136609712,XRP-USDT-SWAP,buy,short,0.04,1.3698,"{""bkLoss"":""0"",""bkPx"":""1.3698"",""ccy"":"""",""posSide"":""short"",""side"":""buy"",""sz"":""0.04"",""ts"":""1788136609712""}"
2026-08-31T00:36:50.551928Z,1788136609236,DOGE-USDT-SWAP,buy,short,0.9,0.08263,"{""bkLoss"":""0"",""bkPx"":""0.08263"",""ccy"":"""",""posSide"":""short"",""side"":""buy"",""sz"":""0.9"",""ts"":""1788136609236""}"
2026-08-31T00:36:50.780294Z,1788136608873,SOL-USDT-SWAP,buy,short,0.82,102.53,"{""bkLoss"":""0"",""bkPx"":""102.53"",""ccy"":"""",""posSide"":""short"",""side"":""buy"",""sz"":""0.82"",""ts"":""1788136608873""}"
2026-08-31T00:37:00.762612Z,1788136619302,SHIB-USDT-SWAP,buy,short,571.1,0.000005016,"{""bkLoss"":""0"",""bkPx"":""0.000005016"",""ccy"":"""",""posSide"":""short"",""side"":""buy"",""sz"":""571.1"",""ts"":""1788136619302""}"
2026-08-31T00:37:02.840558Z,1788136621401,ETH-USDT-SWAP,buy,short,13.04,2438.57,"{""bkLoss"":""0"",""bkPx"":""2438.57"",""ccy"":"""",""posSide"":""short"",""side"":""buy"",""sz"":""13.04"",""ts"":""1788136621401""}"
2026-08-31T00:40:25.577712Z,1788136824131,ZORA-USDT-SWAP,buy,short,291,0.007875,"{""bkLoss"":""0"",""bkPx"":""0.007875"",""ccy"":"""",""posSide"":""short"",""side"":""buy"",""sz"":""291"",""ts"":""1788136824131""}"
2026-08-31T00:40:28.656600Z,1788136827240,ZORA-USDT-SWAP,buy,short,531,0.007898,"{""bkLoss"":""0"",""bkPx"":""0.007898"",""ccy"":"""",""posSide"":""short"",""side"":""buy"",""sz"":""531"",""ts"":""1788136827240""}"
2026-08-31T00:40:29.046752Z,1788136827667,XAU-USDT-SWAP,buy,short,100,4478.2,"{""bkLoss"":""0"",""bkPx"":""4478.2"",""ccy"":"""",""posSide"":""short"",""side"":""buy"",""sz"":""100"",""ts"":""1788136827667""}"
2026-08-31T00:40:29.851373Z,1788136828585,ZORA-USDT-SWAP,buy,short,12566,0.007907,"{""bkLoss"":""0"",""bkPx"":""0.007907"",""ccy"":"""",""posSide"":""short"",""side"":""buy"",""sz"":""12566"",""ts"":""1788136828585""}"
2026-08-31T00:40:30.378382Z,1788136829287,ZORA-USDT-SWAP,buy,short,1542,0.007914,"{""bkLoss"":""0"",""bkPx"":""0.007914"",""ccy"":"""",""posSide"":""short"",""side"":""buy"",""sz"":""1542"",""ts"":""1788136829287""}"
2026-08-31T00:41:10.693640Z,1788136869332,NEAR-USDT-SWAP,buy,short,10.6,1.862,"{""bkLoss"":""0"",""bkPx"":""1.862"",""ccy"":"""",""posSide"":""short"",""side"":""buy"",""sz"":""10.6"",""ts"":""1788136869332""}"
2026-08-31T00:42:38.506583Z,1788136957276,STX-USDT-SWAP,buy,short,1336.3,0.2414,"{""bkLoss"":""0"",""bkPx"":""0.2414"",""ccy"":"""",""posSide"":""short"",""side"":""buy"",""sz"":""1336.3"",""ts"":""1788136957276""}"
2026-08-31T00:43:29.772491Z,1788137008565,ANIME-USDT-SWAP,buy,short,3239,0.003054,"{""bkLoss"":""0"",""bkPx"":""0.003054"",""ccy"":"""",""posSide"":""short"",""side"":""buy"",""sz"":""3239"",""ts"":""1788137008565""}"
2026-08-31T00:43:31.338570Z,1788136356428,ORDI-USDT-SWAP,buy,short,258,3.863,"{""bkLoss"":""0"",""bkPx"":""3.863"",""ccy"":"""",""posSide"":""short"",""side"":""buy"",""sz"":""258"",""ts"":""1788136356428""}"
2026-08-31T00:44:07.551466Z,1788137046883,XPL-USDT-SWAP,sell,long,53,0.0853,"{""bkLoss"":""0"",""bkPx"":""0.0853"",""ccy"":"""",""posSide"":""long"",""side"":""sell"",""sz"":""53"",""ts"":""1788137046883""}"
2026-08-31T00:46:48.688035Z,1788137207316,ZKP-USDT-SWAP,sell,long,611,0.0541,"{""bkLoss"":""0"",""bkPx"":""0.0541"",""ccy"":"""",""posSide"":""long"",""side"":""sell"",""sz"":""611"",""ts"":""1788137207316""}"
2026-08-31T00:47:11.426540Z,1788137230124,TRUMP-USDT-SWAP,sell,long,163,2.357,"{""bkLoss"":""0"",""bkPx"":""2.357"",""ccy"":"""",""posSide"":""long"",""side"":""sell"",""sz"":""163"",""ts"":""1788137230124""}"
2026-08-31T00:48:05.495955Z,1788137284169,TRUMP-USDT-SWAP,sell,long,24916,2.356,"{""bkLoss"":""0"",""bkPx"":""2.356"",""ccy"":"""",""posSide"":""long"",""side"":""sell"",""sz"":""24916"",""ts"":""1788137284169""}"
2026-08-31T00:48:08.308274Z,1788137287038,TRUMP-USDT-SWAP,sell,long,236,2.354,"{""bkLoss"":""0"",""bkPx"":""2.354"",""ccy"":"""",""posSide"":""long"",""side"":""sell"",""sz"":""236"",""ts"":""1788137287038""}"
2026-08-31T00:48:10.977287Z,1788137289731,TRUMP-USDT-SWAP,sell,long,13389,2.353,"{""bkLoss"":""0"",""bkPx"":""2.353"",""ccy"":"""",""posSide"":""long"",""side"":""sell"",""sz"":""13389"",""ts"":""1788137289731""}"
2026-08-31T00:48:58.115321Z,1788137336952,SKHYNIX-USDT-SWAP,sell,long,1.003,1169.96,"{""bkLoss"":""0"",""bkPx"":""1169.96"",""ccy"":"""",""posSide"":""long"",""side"":""sell"",""sz"":""1.003"",""ts"":""1788137336952""}"
2026-08-31T00:49:02.445571Z,1788137341366,SKHYNIX-USDT-SWAP,sell,long,0.26,1169.54,"{""bkLoss"":""0"",""bkPx"":""1169.54"",""ccy"":"""",""posSide"":""long"",""side"":""sell"",""sz"":""0.26"",""ts"":""1788137341366""}"
2026-08-31T00:50:08.400350Z,1788137407700,ZEN-USDT-SWAP,sell,long,2500,5.412,"{""bkLoss"":""0"",""bkPx"":""5.412"",""ccy"":"""",""posSide"":""long"",""side"":""sell"",""sz"":""2500"",""ts"":""1788137407700""}"
2026-08-31T00:51:47.599876Z,1788137506451,UNI-USDT-SWAP,sell,long,500,5.18,"{""bkLoss"":""0"",""bkPx"":""5.18"",""ccy"":"""",""posSide"":""long"",""side"":""sell"",""sz"":""500"",""ts"":""1788137506451""}"
2026-08-31T00:52:56.693344Z,1788137575899,ZORA-USDT-SWAP,buy,short,22324,0.007971,"{""bkLoss"":""0"",""bkPx"":""0.007971"",""ccy"":"""",""posSide"":""short"",""side"":""buy"",""sz"":""22324"",""ts"":""1788137575899""}"
2026-08-31T00:53:01.956602Z,1788137580363,ZORA-USDT-SWAP,buy,short,16,0.007985,"{""bkLoss"":""0"",""bkPx"":""0.007985"",""ccy"":"""",""posSide"":""short"",""side"":""buy"",""sz"":""16"",""ts"":""1788137580363""}"
2026-08-31T00:53:12.398374Z,1788137591337,ZORA-USDT-SWAP,buy,short,2598,0.007994,"{""bkLoss"":""0"",""bkPx"":""0.007994"",""ccy"":"""",""posSide"":""short"",""side"":""buy"",""sz"":""2598"",""ts"":""1788137591337""}"
2026-08-31T00:53:37.656000Z,1788137616366,GIGGLE-USDT-SWAP,buy,short,362,39.04,"{""bkLoss"":""0"",""bkPx"":""39.04"",""ccy"":"""",""posSide"":""short"",""side"":""buy"",""sz"":""362"",""ts"":""1788137616366""}"
2026-08-31T00:53:38.189789Z,1788137616511,ZORA-USDT-SWAP,buy,short,5095,0.00803,"{""bkLoss"":""0"",""bkPx"":""0.00803"",""ccy"":"""",""posSide"":""short"",""side"":""buy"",""sz"":""5095"",""ts"":""1788137616511""}"
2026-08-31T00:55:20.233350Z,1788137718959,CAP-USDT-SWAP,buy,short,500,0.06974,"{""bkLoss"":""0"",""bkPx"":""0.06974"",""ccy"":"""",""posSide"":""short"",""side"":""buy"",""sz"":""500"",""ts"":""1788137718959""}"
2026-08-31T00:55:25.604588Z,1788137724735,LIT-USDT-SWAP,buy,short,154,3.5528,"{""bkLoss"":""0"",""bkPx"":""3.5528"",""ccy"":"""",""posSide"":""short"",""side"":""buy"",""sz"":""154"",""ts"":""1788137724735""}"
2026-08-31T00:55:27.763260Z,1788137726685,LIT-USDT-SWAP,buy,short,425,3.5619,"{""bkLoss"":""0"",""bkPx"":""3.5619"",""ccy"":"""",""posSide"":""short"",""side"":""buy"",""sz"":""425"",""ts"":""1788137726685""}"
2026-08-31T00:56:10.989584Z,1788137769916,ZORA-USDT-SWAP,buy,short,495,0.00807,"{""bkLoss"":""0"",""bkPx"":""0.00807"",""ccy"":"""",""posSide"":""short"",""side"":""buy"",""sz"":""495"",""ts"":""1788137769916""}"
2026-08-31T00:56:11.522883Z,1788137770280,ZORA-USDT-SWAP,buy,short,4,0.008083,"{""bkLoss"":""0"",""bkPx"":""0.008083"",""ccy"":"""",""posSide"":""short"",""side"":""buy"",""sz"":""4"",""ts"":""1788137770280""}"
2026-08-31T00:56:12.569241Z,1788137771733,ZORA-USDT-SWAP,buy,short,546,0.008124,"{""bkLoss"":""0"",""bkPx"":""0.008124"",""ccy"":"""",""posSide"":""short"",""side"":""buy"",""sz"":""546"",""ts"":""1788137771733""}"
2026-08-31T00:56:14.069823Z,1788137772580,ZORA-USDT-SWAP,buy,short,176,0.008136,"{""bkLoss"":""0"",""bkPx"":""0.008136"",""ccy"":"""",""posSide"":""short"",""side"":""buy"",""sz"":""176"",""ts"":""1788137772580""}"
2026-08-31T00:56:15.093085Z,1788137774306,ZORA-USDT-SWAP,buy,short,15,0.008156,"{""bkLoss"":""0"",""bkPx"":""0.008156"",""ccy"":"""",""posSide"":""short"",""side"":""buy"",""sz"":""15"",""ts"":""1788137774306""}"
2026-08-31T00:56:18.048857Z,1788137777138,ZORA-USDT-SWAP,buy,short,19171,0.008192,"{""bkLoss"":""0"",""bkPx"":""0.008192"",""ccy"":"""",""posSide"":""short"",""side"":""buy"",""sz"":""19171"",""ts"":""1788137777138""}"
2026-08-31T00:56:18.819859Z,1788137778085,ZORA-USDT-SWAP,buy,short,1268,0.00822,"{""bkLoss"":""0"",""bkPx"":""0.00822"",""ccy"":"""",""posSide"":""short"",""side"":""buy"",""sz"":""1268"",""ts"":""1788137778085""}"
2026-08-31T00:57:17.061702Z,1788137835632,UNI-USDT-SWAP,sell,long,54,5.17,"{""bkLoss"":""0"",""bkPx"":""5.17"",""ccy"":"""",""posSide"":""long"",""side"":""sell"",""sz"":""54"",""ts"":""1788137835632""}"
2026-08-31T00:57:27.179885Z,1788137846520,UNI-USDT-SWAP,sell,long,18,5.164,"{""bkLoss"":""0"",""bkPx"":""5.164"",""ccy"":"""",""posSide"":""long"",""side"":""sell"",""sz"":""18"",""ts"":""1788137846520""}"
2026-08-31T00:57:28.444389Z,1788137847711,UNI-USDT-SWAP,sell,long,33,5.163,"{""bkLoss"":""0"",""bkPx"":""5.163"",""ccy"":"""",""posSide"":""long"",""side"":""sell"",""sz"":""33"",""ts"":""1788137847711""}"
2026-08-31T00:58:02.038143Z,1788137880971,SKHYNIX-USDT-SWAP,sell,long,0.267,1167.85,"{""bkLoss"":""0"",""bkPx"":""1167.85"",""ccy"":"""",""posSide"":""long"",""side"":""sell"",""sz"":""0.267"",""ts"":""1788137880971""}"
2026-08-31T00:58:03.217006Z,1788137725902,LIT-USDT-SWAP,buy,short,600,3.5561,"{""bkLoss"":""0"",""bkPx"":""3.5561"",""ccy"":"""",""posSide"":""short"",""side"":""buy"",""sz"":""600"",""ts"":""1788137725902""}"
2026-08-31T00:58:03.220949Z,1788137725902,SOL-USDT-SWAP,buy,short,1,102.26,"{""bkLoss"":""0"",""bkPx"":""102.26"",""ccy"":"""",""posSide"":""short"",""side"":""buy"",""sz"":""1"",""ts"":""1788137725902""}"
2026-08-31T00:58:03.225627Z,1788137725902,ZEC-USDT-SWAP,buy,short,60,837.12,"{""bkLoss"":""0"",""bkPx"":""837.12"",""ccy"":"""",""posSide"":""short"",""side"":""buy"",""sz"":""60"",""ts"":""1788137725902""}"
2026-08-31T00:58:39.480050Z,1788137918561,UNI-USDT-SWAP,sell,long,7,5.154,"{""bkLoss"":""0"",""bkPx"":""5.154"",""ccy"":"""",""posSide"":""long"",""side"":""sell"",""sz"":""7"",""ts"":""1788137918561""}"
2026-08-31T00:58:43.614328Z,1788137922197,UNI-USDT-SWAP,sell,long,3,5.15,"{""bkLoss"":""0"",""bkPx"":""5.15"",""ccy"":"""",""posSide"":""long"",""side"":""sell"",""sz"":""3"",""ts"":""1788137922197""}"
2026-08-31T00:59:37.437192Z,1788137976295,LIT-USDT-SWAP,buy,short,500,3.5719,"{""bkLoss"":""0"",""bkPx"":""3.5719"",""ccy"":"""",""posSide"":""short"",""side"":""buy"",""sz"":""500"",""ts"":""1788137976295""}"
2026-08-31T01:00:11.007210Z,1788138009577,SNDK-USDT-SWAP,sell,long,0.151,1461.42,"{""bkLoss"":""0"",""bkPx"":""1461.42"",""ccy"":"""",""posSide"":""long"",""side"":""sell"",""sz"":""0.151"",""ts"":""1788138009577""}"
2026-08-31T01:00:37.470347Z,1788138036716,SNDK-USDT-SWAP,sell,long,0.73,1459.89,"{""bkLoss"":""0"",""bkPx"":""1459.89"",""ccy"":"""",""posSide"":""long"",""side"":""sell"",""sz"":""0.73"",""ts"":""1788138036716""}"
2026-08-31T01:00:43.891502Z,1788138042474,SKHYNIX-USDT-SWAP,sell,long,0.001,1160.67,"{""bkLoss"":""0"",""bkPx"":""1160.67"",""ccy"":"""",""posSide"":""long"",""side"":""sell"",""sz"":""0.001"",""ts"":""1788138042474""}"
2026-08-31T01:00:55.740201Z,1788138032171,SNDK-USDT-SWAP,sell,long,0.139,1460.34,"{""bkLoss"":""0"",""bkPx"":""1460.34"",""ccy"":"""",""posSide"":""long"",""side"":""sell"",""sz"":""0.139"",""ts"":""1788138032171""}"
2026-08-31T01:00:58.114602Z,1788138056893,SNDK-USDT-SWAP,sell,long,0.103,1458.44,"{""bkLoss"":""0"",""bkPx"":""1458.44"",""ccy"":"""",""posSide"":""long"",""side"":""sell"",""sz"":""0.103"",""ts"":""1788138056893""}"
2026-08-31T01:01:07.790154Z,1788138066194,XAU-USDT-SWAP,sell,long,42463,4449.9,"{""bkLoss"":""0"",""bkPx"":""4449.9"",""ccy"":"""",""posSide"":""long"",""side"":""sell"",""sz"":""42463"",""ts"":""1788138066194""}"
2026-08-31T01:01:08.434740Z,1788138067260,SNDK-USDT-SWAP,sell,long,0.351,1458,"{""bkLoss"":""0"",""bkPx"":""1458"",""ccy"":"""",""posSide"":""long"",""side"":""sell"",""sz"":""0.351"",""ts"":""1788138067260""}"
2026-08-31T01:01:13.147283Z,1788138072025,UNI-USDT-SWAP,sell,long,6,5.139,"{""bkLoss"":""0"",""bkPx"":""5.139"",""ccy"":"""",""posSide"":""long"",""side"":""sell"",""sz"":""6"",""ts"":""1788138072025""}"
2026-08-31T01:01:14.185624Z,1788138073111,UNI-USDT-SWAP,sell,long,82,5.133,"{""bkLoss"":""0"",""bkPx"":""5.133"",""ccy"":"""",""posSide"":""long"",""side"":""sell"",""sz"":""82"",""ts"":""1788138073111""}"
2026-08-31T01:01:15.827416Z,1788138074923,SNDK-USDT-SWAP,sell,long,0.03,1457.33,"{""bkLoss"":""0"",""bkPx"":""1457.33"",""ccy"":"""",""posSide"":""long"",""side"":""sell"",""sz"":""0.03"",""ts"":""1788138074923""}"
2026-08-31T01:01:16.157007Z,1788138074824,XAU-USDT-SWAP,sell,long,98,4446.9,"{""bkLoss"":""0"",""bkPx"":""4446.9"",""ccy"":"""",""posSide"":""long"",""side"":""sell"",""sz"":""98"",""ts"":""1788138074824""}"
2026-08-31T01:01:16.701671Z,1788138075258,XAU-USDT-SWAP,sell,long,169,4446.8,"{""bkLoss"":""0"",""bkPx"":""4446.8"",""ccy"":"""",""posSide"":""long"",""side"":""sell"",""sz"":""169"",""ts"":""1788138075258""}"
2026-08-31T01:01:17.319258Z,1788138076265,XAU-USDT-SWAP,sell,long,26,4445.5,"{""bkLoss"":""0"",""bkPx"":""4445.5"",""ccy"":"""",""posSide"":""long"",""side"":""sell"",""sz"":""26"",""ts"":""1788138076265""}"
2026-08-31T01:01:20.002314Z,1788138078966,SNDK-USDT-SWAP,sell,long,1.191,1457,"{""bkLoss"":""0"",""bkPx"":""1457"",""ccy"":"""",""posSide"":""long"",""side"":""sell"",""sz"":""1.191"",""ts"":""1788138078966""}"
2026-08-31T01:01:20.009859Z,1788138078953,XAU-USDT-SWAP,sell,long,89,4444.1,"{""bkLoss"":""0"",""bkPx"":""4444.1"",""ccy"":"""",""posSide"":""long"",""side"":""sell"",""sz"":""89"",""ts"":""1788138078953""}"
2026-08-31T01:01:43.737518Z,1788138102442,TRUMP-USDT-SWAP,buy,short,8499,2.377,"{""bkLoss"":""0"",""bkPx"":""2.377"",""ccy"":"""",""posSide"":""short"",""side"":""buy"",""sz"":""8499"",""ts"":""1788138102442""}"
2026-08-31T01:03:27.474995Z,1788138206348,SOL-USDT-SWAP,sell,long,157.27,101.92,"{""bkLoss"":""0"",""bkPx"":""101.92"",""ccy"":"""",""posSide"":""long"",""side"":""sell"",""sz"":""157.27"",""ts"":""1788138206348""}"
2026-08-31T01:04:04.771047Z,1788138243506,ETH-USDT-SWAP,sell,long,9.7,2424.48,"{""bkLoss"":""0"",""bkPx"":""2424.48"",""ccy"":"""",""posSide"":""long"",""side"":""sell"",""sz"":""9.7"",""ts"":""1788138243506""}"
2026-08-31T01:04:05.785064Z,1788138244341,ETH-USDT-SWAP,sell,long,0.43,2424.03,"{""bkLoss"":""0"",""bkPx"":""2424.03"",""ccy"":"""",""posSide"":""long"",""side"":""sell"",""sz"":""0.43"",""ts"":""1788138244341""}"
2026-08-31T01:04:06.597138Z,1788138244544,SOL-USDT-SWAP,sell,long,0.75,101.83,"{""bkLoss"":""0"",""bkPx"":""101.83"",""ccy"":"""",""posSide"":""long"",""side"":""sell"",""sz"":""0.75"",""ts"":""1788138244544""}"
2026-08-31T01:04:19.542175Z,1788138258525,DASH-USDT-SWAP,sell,long,1400,41.73,"{""bkLoss"":""0"",""bkPx"":""41.73"",""ccy"":"""",""posSide"":""long"",""side"":""sell"",""sz"":""1400"",""ts"":""1788138258525""}"
2026-08-31T01:04:48.058872Z,1788138286963,ETH-USDT-SWAP,sell,long,42.96,2421.83,"{""bkLoss"":""0"",""bkPx"":""2421.83"",""ccy"":"""",""posSide"":""long"",""side"":""sell"",""sz"":""42.96"",""ts"":""1788138286963""}"
2026-08-31T01:04:48.336715Z,1788138287230,ETH-USDT-SWAP,sell,long,2.94,2421.06,"{""bkLoss"":""0"",""bkPx"":""2421.06"",""ccy"":"""",""posSide"":""long"",""side"":""sell"",""sz"":""2.94"",""ts"":""1788138287230""}"
2026-08-31T01:04:51.904754Z,1788138290694,ETH-USDT-SWAP,sell,long,9.93,2420.71,"{""bkLoss"":""0"",""bkPx"":""2420.71"",""ccy"":"""",""posSide"":""long"",""side"":""sell"",""sz"":""9.93"",""ts"":""1788138290694""}"
2026-08-31T01:04:54.363138Z,1788138292832,UNI-USDT-SWAP,sell,long,19,5.126,"{""bkLoss"":""0"",""bkPx"":""5.126"",""ccy"":"""",""posSide"":""long"",""side"":""sell"",""sz"":""19"",""ts"":""1788138292832""}"
2026-08-31T01:04:55.211105Z,1788138294473,ETH-USDT-SWAP,sell,long,16.07,2419.28,"{""bkLoss"":""0"",""bkPx"":""2419.28"",""ccy"":"""",""posSide"":""long"",""side"":""sell"",""sz"":""16.07"",""ts"":""1788138294473""}"
2026-08-31T01:04:55.217850Z,1788138294504,XRP-USDT-SWAP,sell,long,1.33,1.3591,"{""bkLoss"":""0"",""bkPx"":""1.3591"",""ccy"":"""",""posSide"":""long"",""side"":""sell"",""sz"":""1.33"",""ts"":""1788138294504""}"
2026-08-31T01:04:58.908564Z,1788138295910,PUMP-USDT-SWAP,sell,long,8,0.00446,"{""bkLoss"":""0"",""bkPx"":""0.00446"",""ccy"":"""",""posSide"":""long"",""side"":""sell"",""sz"":""8"",""ts"":""1788138295910""}"
2026-08-31T01:05:14.237072Z,1788138312938,XRP-USDT-SWAP,sell,long,0.95,1.3579,"{""bkLoss"":""0"",""bkPx"":""1.3579"",""ccy"":"""",""posSide"":""long"",""side"":""sell"",""sz"":""0.95"",""ts"":""1788138312938""}"
2026-08-31T01:05:15.387006Z,1788138310395,PUMP-USDT-SWAP,sell,long,29,0.004456,"{""bkLoss"":""0"",""bkPx"":""0.004456"",""ccy"":"""",""posSide"":""long"",""side"":""sell"",""sz"":""29"",""ts"":""1788138310395""}"
2026-08-31T01:05:17.773425Z,1788138316396,XRP-USDT-SWAP,sell,long,15.9,1.3576,"{""bkLoss"":""0"",""bkPx"":""1.3576"",""ccy"":"""",""posSide"":""long"",""side"":""sell"",""sz"":""15.9"",""ts"":""1788138316396""}"
2026-08-31T01:05:23.102812Z,1788138321727,BTC-USDT-SWAP,sell,long,0.25,77721.2,"{""bkLoss"":""0"",""bkPx"":""77721.2"",""ccy"":"""",""posSide"":""long"",""side"":""sell"",""sz"":""0.25"",""ts"":""1788138321727""}"
2026-08-31T01:05:23.108386Z,1788138321727,ETH-USDT-SWAP,sell,long,0.41,2419.67,"{""bkLoss"":""0"",""bkPx"":""2419.67"",""ccy"":"""",""posSide"":""long"",""side"":""sell"",""sz"":""0.41"",""ts"":""1788138321727""}"
2026-08-31T01:05:23.112524Z,1788138321727,XRP-USDT-SWAP,sell,long,0.73,1.3575,"{""bkLoss"":""0"",""bkPx"":""1.3575"",""ccy"":"""",""posSide"":""long"",""side"":""sell"",""sz"":""0.73"",""ts"":""1788138321727""}"
2026-08-31T01:05:23.758908Z,1788138322639,SOL-USDT-SWAP,sell,long,1.14,101.71,"{""bkLoss"":""0"",""bkPx"":""101.71"",""ccy"":"""",""posSide"":""long"",""side"":""sell"",""sz"":""1.14"",""ts"":""1788138322639""}"
2026-08-31T01:05:42.429870Z,1788138341516,ETH-USDT-SWAP,sell,long,4.04,2419.06,"{""bkLoss"":""0"",""bkPx"":""2419.06"",""ccy"":"""",""posSide"":""long"",""side"":""sell"",""sz"":""4.04"",""ts"":""1788138341516""}"
2026-08-31T01:05:42.569244Z,1788138341582,XRP-USDT-SWAP,sell,long,1.33,1.3571,"{""bkLoss"":""0"",""bkPx"":""1.3571"",""ccy"":"""",""posSide"":""long"",""side"":""sell"",""sz"":""1.33"",""ts"":""1788138341582""}"
2026-08-31T01:05:43.297556Z,1788138342470,ETH-USDT-SWAP,sell,long,0.03,2418.98,"{""bkLoss"":""0"",""bkPx"":""2418.98"",""ccy"":"""",""posSide"":""long"",""side"":""sell"",""sz"":""0.03"",""ts"":""1788138342470""}"
2026-08-31T01:05:46.433918Z,1788138345220,ETH-USDT-SWAP,sell,long,1.54,2418.95,"{""bkLoss"":""0"",""bkPx"":""2418.95"",""ccy"":"""",""posSide"":""long"",""side"":""sell"",""sz"":""1.54"",""ts"":""1788138345220""}"
2026-08-31T01:05:47.168754Z,1788138346142,ETH-USDT-SWAP,sell,long,13,2418.91,"{""bkLoss"":""0"",""bkPx"":""2418.91"",""ccy"":"""",""posSide"":""long"",""side"":""sell"",""sz"":""13"",""ts"":""1788138346142""}"
2026-08-31T01:05:48.090812Z,1788138346921,BTC-USDT-SWAP,sell,long,5.1,77701,"{""bkLoss"":""0"",""bkPx"":""77701"",""ccy"":"""",""posSide"":""long"",""side"":""sell"",""sz"":""5.1"",""ts"":""1788138346921""}"
2026-08-31T01:05:49.893478Z,1788138348564,BTC-USDT-SWAP,sell,long,9.33,77699.2,"{""bkLoss"":""0"",""bkPx"":""77699.2"",""ccy"":"""",""posSide"":""long"",""side"":""sell"",""sz"":""9.33"",""ts"":""1788138348564""}"
2026-08-31T01:05:50.417996Z,1788138348933,WLD-USDT-SWAP,sell,long,5,0.3598,"{""bkLoss"":""0"",""bkPx"":""0.3598"",""ccy"":"""",""posSide"":""long"",""side"":""sell"",""sz"":""5"",""ts"":""1788138348933""}"
2026-08-31T01:06:03.659846Z,1788138362681,ZEN-USDT-SWAP,sell,long,425,5.385,"{""bkLoss"":""0"",""bkPx"":""5.385"",""ccy"":"""",""posSide"":""long"",""side"":""sell"",""sz"":""425"",""ts"":""1788138362681""}"
2026-08-31T01:06:05.749789Z,1788138364314,UNI-USDT-SWAP,sell,long,1058,5.117,"{""bkLoss"":""0"",""bkPx"":""5.117"",""ccy"":"""",""posSide"":""long"",""side"":""sell"",""sz"":""1058"",""ts"":""1788138364314""}"
2026-08-31T01:06:05.754915Z,1788138364314,ETH-USDT-SWAP,sell,long,806.79,2418.51,"{""bkLoss"":""0"",""bkPx"":""2418.51"",""ccy"":"""",""posSide"":""long"",""side"":""sell"",""sz"":""806.79"",""ts"":""1788138364314""}"
2026-08-31T01:06:05.802271Z,1788138364773,ZEC-USDT-SWAP,sell,long,62,831.95,"{""bkLoss"":""0"",""bkPx"":""831.95"",""ccy"":"""",""posSide"":""long"",""side"":""sell"",""sz"":""62"",""ts"":""1788138364773""}"
2026-08-31T01:06:06.257683Z,1788138365469,ETH-USDT-SWAP,sell,long,1.01,2418.21,"{""bkLoss"":""0"",""bkPx"":""2418.21"",""ccy"":"""",""posSide"":""long"",""side"":""sell"",""sz"":""1.01"",""ts"":""1788138365469""}"
2026-08-31T01:06:06.345724Z,1788138364766,SOL-USDT-SWAP,sell,long,17.12,101.67,"{""bkLoss"":""0"",""bkPx"":""101.67"",""ccy"":"""",""posSide"":""long"",""side"":""sell"",""sz"":""17.12"",""ts"":""1788138364766""}"
2026-08-31T01:06:06.959085Z,1788138366058,SOL-USDT-SWAP,sell,long,3.83,101.66,"{""bkLoss"":""0"",""bkPx"":""101.66"",""ccy"":"""",""posSide"":""long"",""side"":""sell"",""sz"":""3.83"",""ts"":""1788138366058""}"
2026-08-31T01:06:07.292118Z,1788138366576,ETH-USDT-SWAP,sell,long,17.17,2417.75,"{""bkLoss"":""0"",""bkPx"":""2417.75"",""ccy"":"""",""posSide"":""long"",""side"":""sell"",""sz"":""17.17"",""ts"":""1788138366576""}"
2026-08-31T01:06:08.277787Z,1788138367309,ETH-USDT-SWAP,sell,long,1.09,2417.5,"{""bkLoss"":""0"",""bkPx"":""2417.5"",""ccy"":"""",""posSide"":""long"",""side"":""sell"",""sz"":""1.09"",""ts"":""1788138367309""}"
2026-08-31T01:06:08.533315Z,1788138368109,ETH-USDT-SWAP,sell,long,3.47,2417.19,"{""bkLoss"":""0"",""bkPx"":""2417.19"",""ccy"":"""",""posSide"":""long"",""side"":""sell"",""sz"":""3.47"",""ts"":""1788138368109""}"
2026-08-31T01:06:09.521699Z,1788138368156,BTC-USDT-SWAP,sell,long,0.78,77669.6,"{""bkLoss"":""0"",""bkPx"":""77669.6"",""ccy"":"""",""posSide"":""long"",""side"":""sell"",""sz"":""0.78"",""ts"":""1788138368156""}"
2026-08-31T01:06:09.615491Z,1788138368329,DASH-USDT-SWAP,sell,long,4950,41.62,"{""bkLoss"":""0"",""bkPx"":""41.62"",""ccy"":"""",""posSide"":""long"",""side"":""sell"",""sz"":""4950"",""ts"":""1788138368329""}"
2026-08-31T01:06:09.945733Z,1788138368848,PUMP-USDT-SWAP,sell,long,34,0.00445,"{""bkLoss"":""0"",""bkPx"":""0.00445"",""ccy"":"""",""posSide"":""long"",""side"":""sell"",""sz"":""34"",""ts"":""1788138368848""}"
2026-08-31T01:06:10.307498Z,1788138368792,OKB-USDT-SWAP,sell,long,8745,109.87,"{""bkLoss"":""0"",""bkPx"":""109.87"",""ccy"":"""",""posSide"":""long"",""side"":""sell"",""sz"":""8745"",""ts"":""1788138368792""}"
2026-08-31T01:06:11.236798Z,1788138370191,SKHYNIX-USDT-SWAP,sell,long,2.987,1158.34,"{""bkLoss"":""0"",""bkPx"":""1158.34"",""ccy"":"""",""posSide"":""long"",""side"":""sell"",""sz"":""2.987"",""ts"":""1788138370191""}"
2026-08-31T01:06:11.292882Z,1788138365996,SOL-USDT-SWAP,sell,long,1.85,101.66,"{""bkLoss"":""0"",""bkPx"":""101.66"",""ccy"":"""",""posSide"":""long"",""side"":""sell"",""sz"":""1.85"",""ts"":""1788138365996""}"
2026-08-31T01:06:13.264276Z,1788138371844,FIL-USDT-SWAP,sell,long,149,0.6615,"{""bkLoss"":""0"",""bkPx"":""0.6615"",""ccy"":"""",""posSide"":""long"",""side"":""sell"",""sz"":""149"",""ts"":""1788138371844""}"
2026-08-31T01:06:14.362230Z,1788138368350,APT-USDT-SWAP,sell,long,5,0.5165,"{""bkLoss"":""0"",""bkPx"":""0.5165"",""ccy"":"""",""posSide"":""long"",""side"":""sell"",""sz"":""5"",""ts"":""1788138368350""}"
2026-08-31T01:06:14.366946Z,1788138368377,BNB-USDT-SWAP,sell,long,937,683.8,"{""bkLoss"":""0"",""bkPx"":""683.8"",""ccy"":"""",""posSide"":""long"",""side"":""sell"",""sz"":""937"",""ts"":""1788138368377""}"
2026-08-31T01:06:14.383724Z,1788138368377,SOL-USDT-SWAP,sell,long,126.73,101.6,"{""bkLoss"":""0"",""bkPx"":""101.6"",""ccy"":"""",""posSide"":""long"",""side"":""sell"",""sz"":""126.73"",""ts"":""1788138368377""}"
2026-08-31T01:07:00.884803Z,1788138419754,HOME-USDT-SWAP,sell,long,35,0.006017,"{""bkLoss"":""0"",""bkPx"":""0.006017"",""ccy"":"""",""posSide"":""long"",""side"":""sell"",""sz"":""35"",""ts"":""1788138419754""}"
2026-08-31T01:07:05.738768Z,1788138424595,ENSO-USDT-SWAP,sell,long,590,0.843,"{""bkLoss"":""0"",""bkPx"":""0.843"",""ccy"":"""",""posSide"":""long"",""side"":""sell"",""sz"":""590"",""ts"":""1788138424595""}"
2026-08-31T01:07:06.266756Z,1788138425256,XRP-USDT-SWAP,sell,long,2.19,1.355,"{""bkLoss"":""0"",""bkPx"":""1.355"",""ccy"":"""",""posSide"":""long"",""side"":""sell"",""sz"":""2.19"",""ts"":""1788138425256""}"
2026-08-31T01:07:07.320735Z,1788138424118,XRP-USDT-SWAP,sell,long,13.98,1.3552,"{""bkLoss"":""0"",""bkPx"":""1.3552"",""ccy"":"""",""posSide"":""long"",""side"":""sell"",""sz"":""13.98"",""ts"":""1788138424118""}"
2026-08-31T01:07:07.553464Z,1788138426473,OKB-USDT-SWAP,sell,long,314,109.59,"{""bkLoss"":""0"",""bkPx"":""109.59"",""ccy"":"""",""posSide"":""long"",""side"":""sell"",""sz"":""314"",""ts"":""1788138426473""}"
2026-08-31T01:07:08.035519Z,1788138423490,OKB-USDT-SWAP,sell,long,59,109.68,"{""bkLoss"":""0"",""bkPx"":""109.68"",""ccy"":"""",""posSide"":""long"",""side"":""sell"",""sz"":""59"",""ts"":""1788138423490""}"
2026-08-31T01:07:13.813333Z,1788138433122,BTC-USDT-SWAP,sell,long,0.9,77660.7,"{""bkLoss"":""0"",""bkPx"":""77660.7"",""ccy"":"""",""posSide"":""long"",""side"":""sell"",""sz"":""0.9"",""ts"":""1788138433122""}"
2026-08-31T01:07:16.960762Z,1788138432761,XRP-USDT-SWAP,sell,long,0.02,1.3548,"{""bkLoss"":""0"",""bkPx"":""1.3548"",""ccy"":"""",""posSide"":""long"",""side"":""sell"",""sz"":""0.02"",""ts"":""1788138432761""}"
2026-08-31T01:07:19.342828Z,1788138438678,ZEC-USDT-SWAP,sell,long,47,830.53,"{""bkLoss"":""0"",""bkPx"":""830.53"",""ccy"":"""",""posSide"":""long"",""side"":""sell"",""sz"":""47"",""ts"":""1788138438678""}"
2026-08-31T01:07:20.356321Z,1788138438782,XRP-USDT-SWAP,sell,long,55.24,1.3546,"{""bkLoss"":""0"",""bkPx"":""1.3546"",""ccy"":"""",""posSide"":""long"",""side"":""sell"",""sz"":""55.24"",""ts"":""1788138438782""}"
2026-08-31T01:07:22.973303Z,1788138441615,SOL-USDT-SWAP,sell,long,34.31,101.58,"{""bkLoss"":""0"",""bkPx"":""101.58"",""ccy"":"""",""posSide"":""long"",""side"":""sell"",""sz"":""34.31"",""ts"":""1788138441615""}"
2026-08-31T01:07:23.056882Z,1788138442189,ETH-USDT-SWAP,sell,long,4.13,2416.85,"{""bkLoss"":""0"",""bkPx"":""2416.85"",""ccy"":"""",""posSide"":""long"",""side"":""sell"",""sz"":""4.13"",""ts"":""1788138442189""}"
2026-08-31T01:07:23.139601Z,1788138441728,DOGE-USDT-SWAP,sell,long,0.49,0.08184,"{""bkLoss"":""0"",""bkPx"":""0.08184"",""ccy"":"""",""posSide"":""long"",""side"":""sell"",""sz"":""0.49"",""ts"":""1788138441728""}"
2026-08-31T01:07:23.149529Z,1788138441728,ETH-USDT-SWAP,sell,long,0.35,2417.02,"{""bkLoss"":""0"",""bkPx"":""2417.02"",""ccy"":"""",""posSide"":""long"",""side"":""sell"",""sz"":""0.35"",""ts"":""1788138441728""}"
2026-08-31T01:07:24.399496Z,1788138443246,XRP-USDT-SWAP,sell,long,1,1.3538,"{""bkLoss"":""0"",""bkPx"":""1.3538"",""ccy"":"""",""posSide"":""long"",""side"":""sell"",""sz"":""1"",""ts"":""1788138443246""}"
2026-08-31T01:07:24.560265Z,1788138443372,ETH-USDT-SWAP,sell,long,0.69,2416.77,"{""bkLoss"":""0"",""bkPx"":""2416.77"",""ccy"":"""",""posSide"":""long"",""side"":""sell"",""sz"":""0.69"",""ts"":""1788138443372""}"
2026-08-31T01:07:24.851656Z,1788138444011,ETH-USDT-SWAP,sell,long,7.61,2415.64,"{""bkLoss"":""0"",""bkPx"":""2415.64"",""ccy"":"""",""posSide"":""long"",""side"":""sell"",""sz"":""7.61"",""ts"":""1788138444011""}"
2026-08-31T01:07:24.861982Z,1788138444054,ZEC-USDT-SWAP,sell,long,14,830.39,"{""bkLoss"":""0"",""bkPx"":""830.39"",""ccy"":"""",""posSide"":""long"",""side"":""sell"",""sz"":""14"",""ts"":""1788138444054""}"
2026-08-31T01:07:24.868453Z,1788138444054,SOL-USDT-SWAP,sell,long,6.26,101.55,"{""bkLoss"":""0"",""bkPx"":""101.55"",""ccy"":"""",""posSide"":""long"",""side"":""sell"",""sz"":""6.26"",""ts"":""1788138444054""}"
2026-08-31T01:07:27.716284Z,1788138442705,SNDK-USDT-SWAP,sell,long,0.067,1458.82,"{""bkLoss"":""0"",""bkPx"":""1458.82"",""ccy"":"""",""posSide"":""long"",""side"":""sell"",""sz"":""0.067"",""ts"":""1788138442705""}"
2026-08-31T01:07:28.847331Z,1788138447919,ZEC-USDT-SWAP,sell,long,87,829.73,"{""bkLoss"":""0"",""bkPx"":""829.73"",""ccy"":"""",""posSide"":""long"",""side"":""sell"",""sz"":""87"",""ts"":""1788138447919""}"
2026-08-31T01:07:29.207127Z,1788138444046,BTC-USDT-SWAP,sell,long,1.04,77639.8,"{""bkLoss"":""0"",""bkPx"":""77639.8"",""ccy"":"""",""posSide"":""long"",""side"":""sell"",""sz"":""1.04"",""ts"":""1788138444046""}"
2026-08-31T01:07:31.955216Z,1788138450883,XRP-USDT-SWAP,sell,long,3.02,1.3534,"{""bkLoss"":""0"",""bkPx"":""1.3534"",""ccy"":"""",""posSide"":""long"",""side"":""sell"",""sz"":""3.02"",""ts"":""1788138450883""}"
2026-08-31T01:07:57.364704Z,1788138476233,ZEC-USDT-SWAP,sell,long,44,828.9,"{""bkLoss"":""0"",""bkPx"":""828.9"",""ccy"":"""",""posSide"":""long"",""side"":""sell"",""sz"":""44"",""ts"":""1788138476233""}"
2026-08-31T01:08:03.592228Z,1788138482206,DOGE-USDT-SWAP,sell,long,10.02,0.08178,"{""bkLoss"":""0"",""bkPx"":""0.08178"",""ccy"":"""",""posSide"":""long"",""side"":""sell"",""sz"":""10.02"",""ts"":""1788138482206""}"
2026-08-31T01:08:05.340705Z,1788138484155,BTC-USDT-SWAP,sell,long,0.89,77628.9,"{""bkLoss"":""0"",""bkPx"":""77628.9"",""ccy"":"""",""posSide"":""long"",""side"":""sell"",""sz"":""0.89"",""ts"":""1788138484155""}"
2026-08-31T01:08:07.275695Z,1788138485826,BTC-USDT-SWAP,sell,long,3.61,77624.8,"{""bkLoss"":""0"",""bkPx"":""77624.8"",""ccy"":"""",""posSide"":""long"",""side"":""sell"",""sz"":""3.61"",""ts"":""1788138485826""}"
2026-08-31T01:08:07.895259Z,1788138486587,ETH-USDT-SWAP,sell,long,0.48,2415.48,"{""bkLoss"":""0"",""bkPx"":""2415.48"",""ccy"":"""",""posSide"":""long"",""side"":""sell"",""sz"":""0.48"",""ts"":""1788138486587""}"
2026-08-31T01:08:08.331838Z,1788138487435,ETH-USDT-SWAP,sell,long,10.02,2415.46,"{""bkLoss"":""0"",""bkPx"":""2415.46"",""ccy"":"""",""posSide"":""long"",""side"":""sell"",""sz"":""10.02"",""ts"":""1788138487435""}"
2026-08-31T01:08:09.637120Z,1788138488510,ETH-USDT-SWAP,sell,long,4.06,2415.36,"{""bkLoss"":""0"",""bkPx"":""2415.36"",""ccy"":"""",""posSide"":""long"",""side"":""sell"",""sz"":""4.06"",""ts"":""1788138488510""}"
2026-08-31T01:08:12.360148Z,1788138491227,BTC-USDT-SWAP,sell,long,1,77610.3,"{""bkLoss"":""0"",""bkPx"":""77610.3"",""ccy"":"""",""posSide"":""long"",""side"":""sell"",""sz"":""1"",""ts"":""1788138491227""}"
2026-08-31T01:08:13.034538Z,1788138492039,ETH-USDT-SWAP,sell,long,0.16,2415.24,"{""bkLoss"":""0"",""bkPx"":""2415.24"",""ccy"":"""",""posSide"":""long"",""side"":""sell"",""sz"":""0.16"",""ts"":""1788138492039""}"
2026-08-31T01:08:27.562742Z,1788138506593,ANIME-USDT-SWAP,sell,long,2125,0.002982,"{""bkLoss"":""0"",""bkPx"":""0.002982"",""ccy"":"""",""posSide"":""long"",""side"":""sell"",""sz"":""2125"",""ts"":""1788138506593""}"
2026-08-31T01:08:29.318029Z,1788138508348,ANIME-USDT-SWAP,sell,long,2126,0.002977,"{""bkLoss"":""0"",""bkPx"":""0.002977"",""ccy"":"""",""posSide"":""long"",""side"":""sell"",""sz"":""2126"",""ts"":""1788138508348""}"
2026-08-31T01:08:30.746569Z,1788138510036,ANIME-USDT-SWAP,sell,long,5655,0.002967,"{""bkLoss"":""0"",""bkPx"":""0.002967"",""ccy"":"""",""posSide"":""long"",""side"":""sell"",""sz"":""5655"",""ts"":""1788138510036""}"
2026-08-31T01:08:30.766752Z,1788138509471,ANIME-USDT-SWAP,sell,long,43959,0.002969,"{""bkLoss"":""0"",""bkPx"":""0.002969"",""ccy"":"""",""posSide"":""long"",""side"":""sell"",""sz"":""43959"",""ts"":""1788138509471""}"
2026-08-31T01:08:34.578198Z,1788138513587,ANIME-USDT-SWAP,sell,long,1296,0.002962,"{""bkLoss"":""0"",""bkPx"":""0.002962"",""ccy"":"""",""posSide"":""long"",""side"":""sell"",""sz"":""1296"",""ts"":""1788138513587""}"
2026-08-31T01:08:37.546073Z,1788138516700,BICO-USDT-SWAP,sell,long,1651,0.02091,"{""bkLoss"":""0"",""bkPx"":""0.02091"",""ccy"":"""",""posSide"":""long"",""side"":""sell"",""sz"":""1651"",""ts"":""1788138516700""}"
2026-08-31T01:08:39.710532Z,1788138518607,ZEC-USDT-SWAP,sell,long,188,827.9,"{""bkLoss"":""0"",""bkPx"":""827.9"",""ccy"":"""",""posSide"":""long"",""side"":""sell"",""sz"":""188"",""ts"":""1788138518607""}"
2026-08-31T01:08:40.378195Z,1788138519386,DOGE-USDT-SWAP,sell,long,21.46,0.08171,"{""bkLoss"":""0"",""bkPx"":""0.08171"",""ccy"":"""",""posSide"":""long"",""side"":""sell"",""sz"":""21.46"",""ts"":""1788138519386""}"
2026-08-31T01:08:41.348674Z,1788138517990,UNI-USDT-SWAP,sell,long,434,5.098,"{""bkLoss"":""0"",""bkPx"":""5.098"",""ccy"":"""",""posSide"":""long"",""side"":""sell"",""sz"":""434"",""ts"":""1788138517990""}"
2026-08-31T01:08:44.837805Z,1788138523920,ENA-USDT-SWAP,sell,long,27,0.14782,"{""bkLoss"":""0"",""bkPx"":""0.14782"",""ccy"":"""",""posSide"":""long"",""side"":""sell"",""sz"":""27"",""ts"":""1788138523920""}"
2026-08-31T01:08:44.947706Z,1788138522491,HOME-USDT-SWAP,sell,long,32,0.005998,"{""bkLoss"":""0"",""bkPx"":""0.005998"",""ccy"":"""",""posSide"":""long"",""side"":""sell"",""sz"":""32"",""ts"":""1788138522491""}"
2026-08-31T01:08:53.543167Z,1788138531692,SOL-USDT-SWAP,sell,long,505.86,101.54,"{""bkLoss"":""0"",""bkPx"":""101.54"",""ccy"":"""",""posSide"":""long"",""side"":""sell"",""sz"":""505.86"",""ts"":""1788138531692""}"
2026-08-31T01:09:03.149091Z,1788138542636,UNI-USDT-SWAP,sell,long,16,5.09,"{""bkLoss"":""0"",""bkPx"":""5.09"",""ccy"":"""",""posSide"":""long"",""side"":""sell"",""sz"":""16"",""ts"":""1788138542636""}"
2026-08-31T01:09:03.207345Z,1788138541800,ZEC-USDT-SWAP,sell,long,360,826.92,"{""bkLoss"":""0"",""bkPx"":""826.92"",""ccy"":"""",""posSide"":""long"",""side"":""sell"",""sz"":""360"",""ts"":""1788138541800""}"
2026-08-31T01:09:03.609763Z,1788138542045,ZEC-USDT-SWAP,sell,long,681,826.23,"{""bkLoss"":""0"",""bkPx"":""826.23"",""ccy"":"""",""posSide"":""long"",""side"":""sell"",""sz"":""681"",""ts"":""1788138542045""}"
2026-08-31T01:09:04.839923Z,1788138544020,UNI-USDT-SWAP,sell,long,200,5.089,"{""bkLoss"":""0"",""bkPx"":""5.089"",""ccy"":"""",""posSide"":""long"",""side"":""sell"",""sz"":""200"",""ts"":""1788138544020""}"
2026-08-31T01:09:05.057711Z,1788138544078,DOGE-USDT-SWAP,sell,long,16.98,0.08169,"{""bkLoss"":""0"",""bkPx"":""0.08169"",""ccy"":"""",""posSide"":""long"",""side"":""sell"",""sz"":""16.98"",""ts"":""1788138544078""}"
2026-08-31T01:09:05.905823Z,1788138544680,ZHIPU-USDT-SWAP,buy,short,0.74,137.66,"{""bkLoss"":""0"",""bkPx"":""137.66"",""ccy"":"""",""posSide"":""short"",""side"":""buy"",""sz"":""0.74"",""ts"":""1788138544680""}"
2026-08-31T01:09:06.488371Z,1788138544089,ETH-USDT-SWAP,sell,long,17.83,2415.07,"{""bkLoss"":""0"",""bkPx"":""2415.07"",""ccy"":"""",""posSide"":""long"",""side"":""sell"",""sz"":""17.83"",""ts"":""1788138544089""}"
2026-08-31T01:09:07.446113Z,1788138544105,ZEC-USDT-SWAP,sell,long,23,825.98,"{""bkLoss"":""0"",""bkPx"":""825.98"",""ccy"":"""",""posSide"":""long"",""side"":""sell"",""sz"":""23"",""ts"":""1788138544105""}"
2026-08-31T01:09:08.402299Z,1788138547213,ETH-USDT-SWAP,sell,long,1.76,2414.97,"{""bkLoss"":""0"",""bkPx"":""2414.97"",""ccy"":"""",""posSide"":""long"",""side"":""sell"",""sz"":""1.76"",""ts"":""1788138547213""}"
2026-08-31T01:10:28.415723Z,1788138627445,ANIME-USDT-SWAP,sell,long,554,0.002957,"{""bkLoss"":""0"",""bkPx"":""0.002957"",""ccy"":"""",""posSide"":""long"",""side"":""sell"",""sz"":""554"",""ts"":""1788138627445""}"
2026-08-31T01:10:29.399558Z,1788138628414,ANIME-USDT-SWAP,sell,long,125,0.002948,"{""bkLoss"":""0"",""bkPx"":""0.002948"",""ccy"":"""",""posSide"":""long"",""side"":""sell"",""sz"":""125"",""ts"":""1788138628414""}"
2026-08-31T01:10:41.775008Z,1788138640364,XAU-USDT-SWAP,sell,long,85,4443.8,"{""bkLoss"":""0"",""bkPx"":""4443.8"",""ccy"":"""",""posSide"":""long"",""side"":""sell"",""sz"":""85"",""ts"":""1788138640364""}"
2026-08-31T01:10:59.704666Z,1788138658709,SKHYNIX-USDT-SWAP,sell,long,10,1157.86,"{""bkLoss"":""0"",""bkPx"":""1157.86"",""ccy"":"""",""posSide"":""long"",""side"":""sell"",""sz"":""10"",""ts"":""1788138658709""}"
2026-08-31T01:10:59.709340Z,1788138658709,ETH-USDT-SWAP,sell,long,10,2416.21,"{""bkLoss"":""0"",""bkPx"":""2416.21"",""ccy"":"""",""posSide"":""long"",""side"":""sell"",""sz"":""10"",""ts"":""1788138658709""}"
2026-08-31T01:11:01.477155Z,1788138660520,AAOI-USDT-SWAP,sell,long,1.11,103.68,"{""bkLoss"":""0"",""bkPx"":""103.68"",""ccy"":"""",""posSide"":""long"",""side"":""sell"",""sz"":""1.11"",""ts"":""1788138660520""}"
2026-08-31T01:11:12.165989Z,1788138671077,XAU-USDT-SWAP,sell,long,43,4442.8,"{""bkLoss"":""0"",""bkPx"":""4442.8"",""ccy"":"""",""posSide"":""long"",""side"":""sell"",""sz"":""43"",""ts"":""1788138671077""}"
2026-08-31T01:11:23.393462Z,1788138682353,TRUMP-USDT-SWAP,buy,short,2900,2.38,"{""bkLoss"":""0"",""bkPx"":""2.38"",""ccy"":"""",""posSide"":""short"",""side"":""buy"",""sz"":""2900"",""ts"":""1788138682353""}"
2026-08-31T01:11:39.184873Z,1788138697821,BTC-USDT-SWAP,sell,long,10.01,77586.5,"{""bkLoss"":""0"",""bkPx"":""77586.5"",""ccy"":"""",""posSide"":""long"",""side"":""sell"",""sz"":""10.01"",""ts"":""1788138697821""}"
2026-08-31T01:11:40.375026Z,1788138699581,XAU-USDT-SWAP,sell,long,308,4441.7,"{""bkLoss"":""0"",""bkPx"":""4441.7"",""ccy"":"""",""posSide"":""long"",""side"":""sell"",""sz"":""308"",""ts"":""1788138699581""}"
2026-08-31T01:12:09.746659Z,1788138728820,OKB-USDT-SWAP,sell,long,2068,109.41,"{""bkLoss"":""0"",""bkPx"":""109.41"",""ccy"":"""",""posSide"":""long"",""side"":""sell"",""sz"":""2068"",""ts"":""1788138728820""}"
2026-08-31T01:12:12.117842Z,1788138730850,BTC-USDT-SWAP,sell,long,13.43,77577,"{""bkLoss"":""0"",""bkPx"":""77577"",""ccy"":"""",""posSide"":""long"",""side"":""sell"",""sz"":""13.43"",""ts"":""1788138730850""}"
2026-08-31T01:12:12.308111Z,1788138731347,ETH-USDT-SWAP,sell,long,3.06,2414.78,"{""bkLoss"":""0"",""bkPx"":""2414.78"",""ccy"":"""",""posSide"":""long"",""side"":""sell"",""sz"":""3.06"",""ts"":""1788138731347""}"
2026-08-31T01:12:12.991028Z,1788138731671,BTC-USDT-SWAP,sell,long,0.3,77572.6,"{""bkLoss"":""0"",""bkPx"":""77572.6"",""ccy"":"""",""posSide"":""long"",""side"":""sell"",""sz"":""0.3"",""ts"":""1788138731671""}"
2026-08-31T01:12:18.061002Z,1788138736855,BTC-USDT-SWAP,sell,long,3.77,77560.4,"{""bkLoss"":""0"",""bkPx"":""77560.4"",""ccy"":"""",""posSide"":""long"",""side"":""sell"",""sz"":""3.77"",""ts"":""1788138736855""}"
2026-08-31T01:12:18.065132Z,1788138736855,ETH-USDT-SWAP,sell,long,1.19,2414.49,"{""bkLoss"":""0"",""bkPx"":""2414.49"",""ccy"":"""",""posSide"":""long"",""side"":""sell"",""sz"":""1.19"",""ts"":""1788138736855""}"
2026-08-31T01:12:19.412361Z,1788138738054,ETH-USDT-SWAP,sell,long,4.32,2414.36,"{""bkLoss"":""0"",""bkPx"":""2414.36"",""ccy"":"""",""posSide"":""long"",""side"":""sell"",""sz"":""4.32"",""ts"":""1788138738054""}"
2026-08-31T01:12:19.917742Z,1788138738968,XRP-USDT-SWAP,sell,long,0.34,1.3513,"{""bkLoss"":""0"",""bkPx"":""1.3513"",""ccy"":"""",""posSide"":""long"",""side"":""sell"",""sz"":""0.34"",""ts"":""1788138738968""}"
2026-08-31T01:12:20.734653Z,1788138739847,ETH-USDT-SWAP,sell,long,10.42,2414.11,"{""bkLoss"":""0"",""bkPx"":""2414.11"",""ccy"":"""",""posSide"":""long"",""side"":""sell"",""sz"":""10.42"",""ts"":""1788138739847""}"
2026-08-31T01:12:21.470471Z,1788138740417,BTC-USDT-SWAP,sell,long,5,77556.4,"{""bkLoss"":""0"",""bkPx"":""77556.4"",""ccy"":"""",""posSide"":""long"",""side"":""sell"",""sz"":""5"",""ts"":""1788138740417""}"
2026-08-31T01:12:21.513788Z,1788138740381,ETH-USDT-SWAP,sell,long,0.77,2413.89,"{""bkLoss"":""0"",""bkPx"":""2413.89"",""ccy"":"""",""posSide"":""long"",""side"":""sell"",""sz"":""0.77"",""ts"":""1788138740381""}"
2026-08-31T01:12:22.506336Z,1788138741259,BTC-USDT-SWAP,sell,long,0.05,77555.9,"{""bkLoss"":""0"",""bkPx"":""77555.9"",""ccy"":"""",""posSide"":""long"",""side"":""sell"",""sz"":""0.05"",""ts"":""1788138741259""}"
2026-08-31T01:12:56.234120Z,1788138775202,XRP-USDT-SWAP,sell,long,34.07,1.351,"{""bkLoss"":""0"",""bkPx"":""1.351"",""ccy"":"""",""posSide"":""long"",""side"":""sell"",""sz"":""34.07"",""ts"":""1788138775202""}"
2026-08-31T01:13:00.637168Z,1788138779691,PEPE-USDT-SWAP,sell,long,55.5,0.0000034,"{""bkLoss"":""0"",""bkPx"":""0.0000034"",""ccy"":"""",""posSide"":""long"",""side"":""sell"",""sz"":""55.5"",""ts"":""1788138779691""}"
2026-08-31T01:13:00.641351Z,1788138779692,DOGE-USDT-SWAP,sell,long,7.33,0.08178,"{""bkLoss"":""0"",""bkPx"":""0.08178"",""ccy"":"""",""posSide"":""long"",""side"":""sell"",""sz"":""7.33"",""ts"":""1788138779692""}"
2026-08-31T01:13:00.646269Z,1788138779692,BEAT-USDT-SWAP,sell,long,48.9,0.1263,"{""bkLoss"":""0"",""bkPx"":""0.1263"",""ccy"":"""",""posSide"":""long"",""side"":""sell"",""sz"":""48.9"",""ts"":""1788138779692""}"
2026-08-31T01:13:00.652567Z,1788138779692,XRP-USDT-SWAP,sell,long,17.6,1.3508,"{""bkLoss"":""0"",""bkPx"":""1.3508"",""ccy"":"""",""posSide"":""long"",""side"":""sell"",""sz"":""17.6"",""ts"":""1788138779692""}"
2026-08-31T01:13:01.510355Z,1788138779913,SUI-USDT-SWAP,sell,long,43316,0.7104,"{""bkLoss"":""0"",""bkPx"":""0.7104"",""ccy"":"""",""posSide"":""long"",""side"":""sell"",""sz"":""43316"",""ts"":""1788138779913""}"
2026-08-31T01:13:02.682079Z,1788138781859,XRP-USDT-SWAP,sell,long,1.78,1.3503,"{""bkLoss"":""0"",""bkPx"":""1.3503"",""ccy"":"""",""posSide"":""long"",""side"":""sell"",""sz"":""1.78"",""ts"":""1788138781859""}"
2026-08-31T01:13:02.881922Z,1788138781930,SOL-USDT-SWAP,sell,long,5,101.5,"{""bkLoss"":""0"",""bkPx"":""101.5"",""ccy"":"""",""posSide"":""long"",""side"":""sell"",""sz"":""5"",""ts"":""1788138781930""}"
2026-08-31T01:13:03.120291Z,1788138781991,DOS-USDT-SWAP,sell,long,366,0.2969,"{""bkLoss"":""0"",""bkPx"":""0.2969"",""ccy"":"""",""posSide"":""long"",""side"":""sell"",""sz"":""366"",""ts"":""1788138781991""}"
2026-08-31T01:13:04.158147Z,1788138783086,HOME-USDT-SWAP,sell,long,17,0.005973,"{""bkLoss"":""0"",""bkPx"":""0.005973"",""ccy"":"""",""posSide"":""long"",""side"":""sell"",""sz"":""17"",""ts"":""1788138783086""}"
2026-08-31T01:13:06.100333Z,1788138785288,BTC-USDT-SWAP,sell,long,0.5,77543.7,"{""bkLoss"":""0"",""bkPx"":""77543.7"",""ccy"":"""",""posSide"":""long"",""side"":""sell"",""sz"":""0.5"",""ts"":""1788138785288""}"
2026-08-31T01:13:06.849833Z,1788138785232,XRP-USDT-SWAP,sell,long,150.84,1.3498,"{""bkLoss"":""0"",""bkPx"":""1.3498"",""ccy"":"""",""posSide"":""long"",""side"":""sell"",""sz"":""150.84"",""ts"":""1788138785232""}"
2026-08-31T01:13:07.011830Z,1788138785421,SOL-USDT-SWAP,sell,long,40,101.48,"{""bkLoss"":""0"",""bkPx"":""101.48"",""ccy"":"""",""posSide"":""long"",""side"":""sell"",""sz"":""40"",""ts"":""1788138785421""}"
2026-08-31T01:13:07.412858Z,1788138786474,BTC-USDT-SWAP,sell,long,4.04,77532.5,"{""bkLoss"":""0"",""bkPx"":""77532.5"",""ccy"":"""",""posSide"":""long"",""side"":""sell"",""sz"":""4.04"",""ts"":""1788138786474""}"
2026-08-31T01:13:09.093138Z,1788138788168,XRP-USDT-SWAP,sell,long,6.63,1.3498,"{""bkLoss"":""0"",""bkPx"":""1.3498"",""ccy"":"""",""posSide"":""long"",""side"":""sell"",""sz"":""6.63"",""ts"":""1788138788168""}"
2026-08-31T01:13:09.097695Z,1788138788168,DOGE-USDT-SWAP,sell,long,11.16,0.08171,"{""bkLoss"":""0"",""bkPx"":""0.08171"",""ccy"":"""",""posSide"":""long"",""side"":""sell"",""sz"":""11.16"",""ts"":""1788138788168""}"
2026-08-31T01:13:09.101405Z,1788138788168,BTC-USDT-SWAP,sell,long,11,77533.5,"{""bkLoss"":""0"",""bkPx"":""77533.5"",""ccy"":"""",""posSide"":""long"",""side"":""sell"",""sz"":""11"",""ts"":""1788138788168""}"
2026-08-31T01:13:09.107345Z,1788138788168,ETHFI-USDT-SWAP,sell,long,720,0.5282,"{""bkLoss"":""0"",""bkPx"":""0.5282"",""ccy"":"""",""posSide"":""long"",""side"":""sell"",""sz"":""720"",""ts"":""1788138788168""}"
2026-08-31T01:13:09.114643Z,1788138788168,PEPE-USDT-SWAP,sell,long,23,0.0000034,"{""bkLoss"":""0"",""bkPx"":""0.0000034"",""ccy"":"""",""posSide"":""long"",""side"":""sell"",""sz"":""23"",""ts"":""1788138788168""}"
2026-08-31T01:13:09.119151Z,1788138788168,PNUT-USDT-SWAP,sell,long,761,0.04787,"{""bkLoss"":""0"",""bkPx"":""0.04787"",""ccy"":"""",""posSide"":""long"",""side"":""sell"",""sz"":""761"",""ts"":""1788138788168""}"
2026-08-31T01:13:09.122706Z,1788138788168,ETH-USDT-SWAP,sell,long,37.26,2413.47,"{""bkLoss"":""0"",""bkPx"":""2413.47"",""ccy"":"""",""posSide"":""long"",""side"":""sell"",""sz"":""37.26"",""ts"":""1788138788168""}"
2026-08-31T01:13:09.127054Z,1788138788168,OP-USDT-SWAP,sell,long,9173,0.08687,"{""bkLoss"":""0"",""bkPx"":""0.08687"",""ccy"":"""",""posSide"":""long"",""side"":""sell"",""sz"":""9173"",""ts"":""1788138788168""}"
2026-08-31T01:14:04.520464Z,1788138843432,AUCTION-USDT-SWAP,sell,long,1212,3.601,"{""bkLoss"":""0"",""bkPx"":""3.601"",""ccy"":"""",""posSide"":""long"",""side"":""sell"",""sz"":""1212"",""ts"":""1788138843432""}"
2026-08-31T01:14:55.588889Z,1788138894338,TRUMP-USDT-SWAP,buy,short,2040,2.383,"{""bkLoss"":""0"",""bkPx"":""2.383"",""ccy"":"""",""posSide"":""short"",""side"":""buy"",""sz"":""2040"",""ts"":""1788138894338""}"
2026-08-31T01:15:47.764109Z,1788138946687,AUCTION-USDT-SWAP,sell,long,1560,3.581,"{""bkLoss"":""0"",""bkPx"":""3.581"",""ccy"":"""",""posSide"":""long"",""side"":""sell"",""sz"":""1560"",""ts"":""1788138946687""}"
2026-08-31T01:16:08.398002Z,1788138967385,ZEN-USDT-SWAP,sell,long,1000,5.367,"{""bkLoss"":""0"",""bkPx"":""5.367"",""ccy"":"""",""posSide"":""long"",""side"":""sell"",""sz"":""1000"",""ts"":""1788138967385""}"
2026-08-31T01:16:27.693287Z,1788138986355,TRUMP-USDT-SWAP,buy,short,1700,2.387,"{""bkLoss"":""0"",""bkPx"":""2.387"",""ccy"":"""",""posSide"":""short"",""side"":""buy"",""sz"":""1700"",""ts"":""1788138986355""}"
2026-08-31T01:18:07.979789Z,1788139087275,ZORA-USDT-SWAP,buy,short,4,0.008242,"{""bkLoss"":""0"",""bkPx"":""0.008242"",""ccy"":"""",""posSide"":""short"",""side"":""buy"",""sz"":""4"",""ts"":""1788139087275""}"
2026-08-31T01:18:09.272135Z,1788139088261,ZORA-USDT-SWAP,buy,short,705,0.008259,"{""bkLoss"":""0"",""bkPx"":""0.008259"",""ccy"":"""",""posSide"":""short"",""side"":""buy"",""sz"":""705"",""ts"":""1788139088261""}"
2026-08-31T01:18:11.670043Z,1788139090368,ZORA-USDT-SWAP,buy,short,633,0.008266,"{""bkLoss"":""0"",""bkPx"":""0.008266"",""ccy"":"""",""posSide"":""short"",""side"":""buy"",""sz"":""633"",""ts"":""1788139090368""}"
2026-08-31T01:18:15.857639Z,1788139094948,ZORA-USDT-SWAP,buy,short,288,0.008274,"{""bkLoss"":""0"",""bkPx"":""0.008274"",""ccy"":"""",""posSide"":""short"",""side"":""buy"",""sz"":""288"",""ts"":""1788139094948""}"
2026-08-31T01:18:15.864139Z,1788139095109,ZORA-USDT-SWAP,buy,short,7557,0.008274,"{""bkLoss"":""0"",""bkPx"":""0.008274"",""ccy"":"""",""posSide"":""short"",""side"":""buy"",""sz"":""7557"",""ts"":""1788139095109""}"
2026-08-31T01:18:17.272379Z,1788139096425,ZORA-USDT-SWAP,buy,short,4316,0.008314,"{""bkLoss"":""0"",""bkPx"":""0.008314"",""ccy"":"""",""posSide"":""short"",""side"":""buy"",""sz"":""4316"",""ts"":""1788139096425""}"
2026-08-31T01:18:18.119693Z,1788139097275,ZORA-USDT-SWAP,buy,short,251,0.008336,"{""bkLoss"":""0"",""bkPx"":""0.008336"",""ccy"":"""",""posSide"":""short"",""side"":""buy"",""sz"":""251"",""ts"":""1788139097275""}"
2026-08-31T01:18:26.872588Z,1788139105944,ZKP-USDT-SWAP,buy,short,378,0.05692,"{""bkLoss"":""0"",""bkPx"":""0.05692"",""ccy"":"""",""posSide"":""short"",""side"":""buy"",""sz"":""378"",""ts"":""1788139105944""}"
2026-08-31T01:18:30.204495Z,1788139109088,UNITREE-USDT-SWAP,sell,long,7.96,84.94,"{""bkLoss"":""0"",""bkPx"":""84.94"",""ccy"":"""",""posSide"":""long"",""side"":""sell"",""sz"":""7.96"",""ts"":""1788139109088""}"
2026-08-31T01:18:33.931581Z,1788139112751,XRP-USDT-SWAP,sell,long,10.22,1.3488,"{""bkLoss"":""0"",""bkPx"":""1.3488"",""ccy"":"""",""posSide"":""long"",""side"":""sell"",""sz"":""10.22"",""ts"":""1788139112751""}"
2026-08-31T01:18:36.110188Z,1788139114762,UNITREE-USDT-SWAP,sell,long,1.68,84.84,"{""bkLoss"":""0"",""bkPx"":""84.84"",""ccy"":"""",""posSide"":""long"",""side"":""sell"",""sz"":""1.68"",""ts"":""1788139114762""}"
2026-08-31T01:18:49.515812Z,1788139127103,UNITREE-USDT-SWAP,sell,long,15.51,84.76,"{""bkLoss"":""0"",""bkPx"":""84.76"",""ccy"":"""",""posSide"":""long"",""side"":""sell"",""sz"":""15.51"",""ts"":""1788139127103""}"
2026-08-31T01:19:05.724207Z,1788139144725,BICO-USDT-SWAP,sell,long,8344,0.0208,"{""bkLoss"":""0"",""bkPx"":""0.0208"",""ccy"":"""",""posSide"":""long"",""side"":""sell"",""sz"":""8344"",""ts"":""1788139144725""}"
2026-08-31T01:19:07.233653Z,1788139146107,UNITREE-USDT-SWAP,sell,long,0.04,84.62,"{""bkLoss"":""0"",""bkPx"":""84.62"",""ccy"":"""",""posSide"":""long"",""side"":""sell"",""sz"":""0.04"",""ts"":""1788139146107""}"
2026-08-31T01:19:35.998022Z,1788139173995,ZEC-USDT-SWAP,buy,short,47,834.04,"{""bkLoss"":""0"",""bkPx"":""834.04"",""ccy"":"""",""posSide"":""short"",""side"":""buy"",""sz"":""47"",""ts"":""1788139173995""}"
2026-08-31T01:19:44.010743Z,1788139183152,ZEC-USDT-SWAP,buy,short,34,835.18,"{""bkLoss"":""0"",""bkPx"":""835.18"",""ccy"":"""",""posSide"":""short"",""side"":""buy"",""sz"":""34"",""ts"":""1788139183152""}"
2026-08-31T01:20:35.555709Z,1788139234073,ZEC-USDT-SWAP,buy,short,256,837.11,"{""bkLoss"":""0"",""bkPx"":""837.11"",""ccy"":"""",""posSide"":""short"",""side"":""buy"",""sz"":""256"",""ts"":""1788139234073""}"
2026-08-31T01:20:40.567148Z,1788139239505,CRV-USDT-SWAP,buy,short,25813,0.3049,"{""bkLoss"":""0"",""bkPx"":""0.3049"",""ccy"":"""",""posSide"":""short"",""side"":""buy"",""sz"":""25813"",""ts"":""1788139239505""}"
2026-08-31T01:21:19.039644Z,1788139278025,ANIME-USDT-SWAP,buy,short,442,0.003041,"{""bkLoss"":""0"",""bkPx"":""0.003041"",""ccy"":"""",""posSide"":""short"",""side"":""buy"",""sz"":""442"",""ts"":""1788139278025""}"
2026-08-31T01:21:20.634158Z,1788139279697,ANIME-USDT-SWAP,buy,short,1992,0.003048,"{""bkLoss"":""0"",""bkPx"":""0.003048"",""ccy"":"""",""posSide"":""short"",""side"":""buy"",""sz"":""1992"",""ts"":""1788139279697""}"
2026-08-31T01:21:24.170364Z,1788139283184,ANIME-USDT-SWAP,buy,short,1243,0.003069,"{""bkLoss"":""0"",""bkPx"":""0.003069"",""ccy"":"""",""posSide"":""short"",""side"":""buy"",""sz"":""1243"",""ts"":""1788139283184""}"
2026-08-31T01:21:24.174750Z,1788139283184,LIGHT-USDT-SWAP,buy,short,31,0.1766,"{""bkLoss"":""0"",""bkPx"":""0.1766"",""ccy"":"""",""posSide"":""short"",""side"":""buy"",""sz"":""31"",""ts"":""1788139283184""}"
2026-08-31T01:21:33.588767Z,1788139292890,ANIME-USDT-SWAP,buy,short,64028,0.003087,"{""bkLoss"":""0"",""bkPx"":""0.003087"",""ccy"":"""",""posSide"":""short"",""side"":""buy"",""sz"":""64028"",""ts"":""1788139292890""}"
2026-08-31T01:21:37.492683Z,1788139296479,ANIME-USDT-SWAP,buy,short,5548,0.003103,"{""bkLoss"":""0"",""bkPx"":""0.003103"",""ccy"":"""",""posSide"":""short"",""side"":""buy"",""sz"":""5548"",""ts"":""1788139296479""}"
2026-08-31T01:21:38.501031Z,1788139297223,ANIME-USDT-SWAP,buy,short,17750,0.003105,"{""bkLoss"":""0"",""bkPx"":""0.003105"",""ccy"":"""",""posSide"":""short"",""side"":""buy"",""sz"":""17750"",""ts"":""1788139297223""}"
2026-08-31T01:21:42.306147Z,1788139301332,ANIME-USDT-SWAP,buy,short,7984,0.00311,"{""bkLoss"":""0"",""bkPx"":""0.00311"",""ccy"":"""",""posSide"":""short"",""side"":""buy"",""sz"":""7984"",""ts"":""1788139301332""}"
2026-08-31T01:23:22.568208Z,1788139401120,ZEC-USDT-SWAP,buy,short,14,838.22,"{""bkLoss"":""0"",""bkPx"":""838.22"",""ccy"":"""",""posSide"":""short"",""side"":""buy"",""sz"":""14"",""ts"":""1788139401120""}"
2026-08-31T01:26:05.240074Z,1788139562590,AEHR-USDT-SWAP,sell,long,15,79.81,"{""bkLoss"":""0"",""bkPx"":""79.81"",""ccy"":"""",""posSide"":""long"",""side"":""sell"",""sz"":""15"",""ts"":""1788139562590""}"
2026-08-31T01:26:16.829715Z,1788139574387,GIGGLE-USDT-SWAP,buy,short,1,39.11,"{""bkLoss"":""0"",""bkPx"":""39.11"",""ccy"":"""",""posSide"":""short"",""side"":""buy"",""sz"":""1"",""ts"":""1788139574387""}"
2026-08-31T01:27:34.173712Z,1788139653095,ZEN-USDT-SWAP,buy,short,1074,5.445,"{""bkLoss"":""0"",""bkPx"":""5.445"",""ccy"":"""",""posSide"":""short"",""side"":""buy"",""sz"":""1074"",""ts"":""1788139653095""}"
2026-08-31T01:28:10.504013Z,1788139689356,ZORA-USDT-SWAP,buy,short,434,0.008353,"{""bkLoss"":""0"",""bkPx"":""0.008353"",""ccy"":"""",""posSide"":""short"",""side"":""buy"",""sz"":""434"",""ts"":""1788139689356""}"
2026-08-31T01:29:16.692283Z,1788139755784,ZORA-USDT-SWAP,buy,short,11,0.008372,"{""bkLoss"":""0"",""bkPx"":""0.008372"",""ccy"":"""",""posSide"":""short"",""side"":""buy"",""sz"":""11"",""ts"":""1788139755784""}"
2026-08-31T01:29:17.220367Z,1788139756519,ZORA-USDT-SWAP,buy,short,4875,0.008378,"{""bkLoss"":""0"",""bkPx"":""0.008378"",""ccy"":"""",""posSide"":""short"",""side"":""buy"",""sz"":""4875"",""ts"":""1788139756519""}"
2026-08-31T01:29:19.825526Z,1788139758080,ZORA-USDT-SWAP,buy,short,513,0.008387,"{""bkLoss"":""0"",""bkPx"":""0.008387"",""ccy"":"""",""posSide"":""short"",""side"":""buy"",""sz"":""513"",""ts"":""1788139758080""}"
2026-08-31T01:29:34.450199Z,1788139773152,CXMT-USDT-SWAP,sell,long,10,8.79,"{""bkLoss"":""0"",""bkPx"":""8.79"",""ccy"":"""",""posSide"":""long"",""side"":""sell"",""sz"":""10"",""ts"":""1788139773152""}"
2026-08-31T01:30:08.064074Z,1788139807087,UNITREE-USDT-SWAP,sell,long,0.8,83.97,"{""bkLoss"":""0"",""bkPx"":""83.97"",""ccy"":"""",""posSide"":""long"",""side"":""sell"",""sz"":""0.8"",""ts"":""1788139807087""}"
2026-08-31T01:30:08.068257Z,1788139807176,CXMT-USDT-SWAP,sell,long,777,8.74,"{""bkLoss"":""0"",""bkPx"":""8.74"",""ccy"":"""",""posSide"":""long"",""side"":""sell"",""sz"":""777"",""ts"":""1788139807176""}"
2026-08-31T01:30:11.163656Z,1788139809868,MINIMAX-USDT-SWAP,sell,long,6.7,37.85,"{""bkLoss"":""0"",""bkPx"":""37.85"",""ccy"":"""",""posSide"":""long"",""side"":""sell"",""sz"":""6.7"",""ts"":""1788139809868""}"
2026-08-31T01:30:12.548525Z,1788139809998,CXMT-USDT-SWAP,sell,long,29,8.72,"{""bkLoss"":""0"",""bkPx"":""8.72"",""ccy"":"""",""posSide"":""long"",""side"":""sell"",""sz"":""29"",""ts"":""1788139809998""}"
2026-08-31T01:30:12.581714Z,1788139810119,UNITREE-USDT-SWAP,sell,long,23.96,83.88,"{""bkLoss"":""0"",""bkPx"":""83.88"",""ccy"":"""",""posSide"":""long"",""side"":""sell"",""sz"":""23.96"",""ts"":""1788139810119""}"
2026-08-31T01:30:13.147529Z,1788139811957,CXMT-USDT-SWAP,sell,long,2000,8.71,"{""bkLoss"":""0"",""bkPx"":""8.71"",""ccy"":"""",""posSide"":""long"",""side"":""sell"",""sz"":""2000"",""ts"":""1788139811957""}"
2026-08-31T01:30:49.763212Z,1788139848990,CXMT-USDT-SWAP,sell,long,10,8.68,"{""bkLoss"":""0"",""bkPx"":""8.68"",""ccy"":"""",""posSide"":""long"",""side"":""sell"",""sz"":""10"",""ts"":""1788139848990""}"
2026-08-31T01:31:04.289198Z,1788139863522,CXMT-USDT-SWAP,sell,long,11,8.67,"{""bkLoss"":""0"",""bkPx"":""8.67"",""ccy"":"""",""posSide"":""long"",""side"":""sell"",""sz"":""11"",""ts"":""1788139863522""}"
2026-08-31T01:31:14.069799Z,1788139873148,CXMT-USDT-SWAP,sell,long,19,8.65,"{""bkLoss"":""0"",""bkPx"":""8.65"",""ccy"":"""",""posSide"":""long"",""side"":""sell"",""sz"":""19"",""ts"":""1788139873148""}"
2026-08-31T01:31:17.714059Z,1788139876379,CXMT-USDT-SWAP,sell,long,19,8.64,"{""bkLoss"":""0"",""bkPx"":""8.64"",""ccy"":"""",""posSide"":""long"",""side"":""sell"",""sz"":""19"",""ts"":""1788139876379""}"
2026-08-31T01:31:22.420325Z,1788139881657,CXMT-USDT-SWAP,sell,long,134,8.63,"{""bkLoss"":""0"",""bkPx"":""8.63"",""ccy"":"""",""posSide"":""long"",""side"":""sell"",""sz"":""134"",""ts"":""1788139881657""}"
2026-08-31T01:31:25.790261Z,1788139884372,TRUMP-USDT-SWAP,sell,long,62181,2.364,"{""bkLoss"":""0"",""bkPx"":""2.364"",""ccy"":"""",""posSide"":""long"",""side"":""sell"",""sz"":""62181"",""ts"":""1788139884372""}"
2026-08-31T01:32:00.167876Z,1788139919182,INJ-USDT-SWAP,sell,long,6486,4.89,"{""bkLoss"":""0"",""bkPx"":""4.89"",""ccy"":"""",""posSide"":""long"",""side"":""sell"",""sz"":""6486"",""ts"":""1788139919182""}"
2026-08-31T01:32:01.225579Z,1788139920166,SUI-USDT-SWAP,sell,long,36947,0.7098,"{""bkLoss"":""0"",""bkPx"":""0.7098"",""ccy"":"""",""posSide"":""long"",""side"":""sell"",""sz"":""36947"",""ts"":""1788139920166""}"
2026-08-31T01:32:03.374377Z,1788139921749,INJ-USDT-SWAP,sell,long,15,4.886,"{""bkLoss"":""0"",""bkPx"":""4.886"",""ccy"":"""",""posSide"":""long"",""side"":""sell"",""sz"":""15"",""ts"":""1788139921749""}"
2026-08-31T01:32:19.900338Z,1788139938401,TRUMP-USDT-SWAP,sell,long,320,2.359,"{""bkLoss"":""0"",""bkPx"":""2.359"",""ccy"":"""",""posSide"":""long"",""side"":""sell"",""sz"":""320"",""ts"":""1788139938401""}"
