recv_ts_utc,exch_ts_ms,inst_id,side,pos_side,sz,bk_px,raw_json
2026-09-02T00:00:04.741404Z,1788307203702,XAU-USDT-SWAP,sell,long,30,4332.7,"{""bkLoss"":""0"",""bkPx"":""4332.7"",""ccy"":"""",""posSide"":""long"",""side"":""sell"",""sz"":""30"",""ts"":""1788307203702""}"
2026-09-02T00:00:05.878859Z,1788307204619,XAU-USDT-SWAP,sell,long,11,4332.3,"{""bkLoss"":""0"",""bkPx"":""4332.3"",""ccy"":"""",""posSide"":""long"",""side"":""sell"",""sz"":""11"",""ts"":""1788307204619""}"
2026-09-02T00:00:07.568724Z,1788307206005,XAU-USDT-SWAP,sell,long,111,4331.1,"{""bkLoss"":""0"",""bkPx"":""4331.1"",""ccy"":"""",""posSide"":""long"",""side"":""sell"",""sz"":""111"",""ts"":""1788307206005""}"
2026-09-02T00:00:07.672936Z,1788307205926,XAU-USDT-SWAP,sell,long,40,4331.1,"{""bkLoss"":""0"",""bkPx"":""4331.1"",""ccy"":"""",""posSide"":""long"",""side"":""sell"",""sz"":""40"",""ts"":""1788307205926""}"
2026-09-02T00:00:08.289348Z,1788307207006,XAU-USDT-SWAP,sell,long,500,4330.8,"{""bkLoss"":""0"",""bkPx"":""4330.8"",""ccy"":"""",""posSide"":""long"",""side"":""sell"",""sz"":""500"",""ts"":""1788307207006""}"
2026-09-02T00:01:04.702352Z,1788307263522,AEON-USDT-SWAP,sell,long,49,0.05658,"{""bkLoss"":""0"",""bkPx"":""0.05658"",""ccy"":"""",""posSide"":""long"",""side"":""sell"",""sz"":""49"",""ts"":""1788307263522""}"
2026-09-02T00:01:19.987198Z,1788307278992,XAU-USDT-SWAP,sell,long,419,4330.3,"{""bkLoss"":""0"",""bkPx"":""4330.3"",""ccy"":"""",""posSide"":""long"",""side"":""sell"",""sz"":""419"",""ts"":""1788307278992""}"
2026-09-02T00:01:20.410909Z,1788307279078,XAU-USDT-SWAP,sell,long,1072,4330.3,"{""bkLoss"":""0"",""bkPx"":""4330.3"",""ccy"":"""",""posSide"":""long"",""side"":""sell"",""sz"":""1072"",""ts"":""1788307279078""}"
2026-09-02T00:01:24.135016Z,1788307283238,XAU-USDT-SWAP,sell,long,127,4328.5,"{""bkLoss"":""0"",""bkPx"":""4328.5"",""ccy"":"""",""posSide"":""long"",""side"":""sell"",""sz"":""127"",""ts"":""1788307283238""}"
2026-09-02T00:01:29.670208Z,1788307288166,SKHYNIX-USDT-SWAP,buy,short,0.841,1196.03,"{""bkLoss"":""0"",""bkPx"":""1196.03"",""ccy"":"""",""posSide"":""short"",""side"":""buy"",""sz"":""0.841"",""ts"":""1788307288166""}"
2026-09-02T00:01:33.118180Z,1788307292155,SKHYNIX-USDT-SWAP,buy,short,0.464,1196.24,"{""bkLoss"":""0"",""bkPx"":""1196.24"",""ccy"":"""",""posSide"":""short"",""side"":""buy"",""sz"":""0.464"",""ts"":""1788307292155""}"
2026-09-02T00:02:35.887714Z,1788307354929,XAU-USDT-SWAP,sell,long,2831,4328.1,"{""bkLoss"":""0"",""bkPx"":""4328.1"",""ccy"":"""",""posSide"":""long"",""side"":""sell"",""sz"":""2831"",""ts"":""1788307354929""}"
2026-09-02T00:02:38.523067Z,1788307357867,XAU-USDT-SWAP,sell,long,160,4327.4,"{""bkLoss"":""0"",""bkPx"":""4327.4"",""ccy"":"""",""posSide"":""long"",""side"":""sell"",""sz"":""160"",""ts"":""1788307357867""}"
2026-09-02T00:02:38.959249Z,1788307358179,XAU-USDT-SWAP,sell,long,151,4325.4,"{""bkLoss"":""0"",""bkPx"":""4325.4"",""ccy"":"""",""posSide"":""long"",""side"":""sell"",""sz"":""151"",""ts"":""1788307358179""}"
2026-09-02T00:02:40.012819Z,1788307359188,XAU-USDT-SWAP,sell,long,66,4324.2,"{""bkLoss"":""0"",""bkPx"":""4324.2"",""ccy"":"""",""posSide"":""long"",""side"":""sell"",""sz"":""66"",""ts"":""1788307359188""}"
2026-09-02T00:03:16.389556Z,1788307395111,UNI-USDT-SWAP,sell,long,2,5.814,"{""bkLoss"":""0"",""bkPx"":""5.814"",""ccy"":"""",""posSide"":""long"",""side"":""sell"",""sz"":""2"",""ts"":""1788307395111""}"
2026-09-02T00:04:46.729001Z,1788307485334,0G-USDT-SWAP,buy,short,56,0.1991,"{""bkLoss"":""0"",""bkPx"":""0.1991"",""ccy"":"""",""posSide"":""short"",""side"":""buy"",""sz"":""56"",""ts"":""1788307485334""}"
2026-09-02T00:05:06.995725Z,1788307504907,CL-USDT-SWAP,buy,short,11,90.98,"{""bkLoss"":""0"",""bkPx"":""90.98"",""ccy"":"""",""posSide"":""short"",""side"":""buy"",""sz"":""11"",""ts"":""1788307504907""}"
2026-09-02T00:05:54.822121Z,1788307553621,FIL-USDT-SWAP,buy,short,162,0.7817,"{""bkLoss"":""0"",""bkPx"":""0.7817"",""ccy"":"""",""posSide"":""short"",""side"":""buy"",""sz"":""162"",""ts"":""1788307553621""}"
2026-09-02T00:06:14.618339Z,1788307573408,STX-USDT-SWAP,sell,long,0.9,0.2524,"{""bkLoss"":""0"",""bkPx"":""0.2524"",""ccy"":"""",""posSide"":""long"",""side"":""sell"",""sz"":""0.9"",""ts"":""1788307573408""}"
2026-09-02T00:06:25.258717Z,1788307584335,CL-USDT-SWAP,buy,short,32,91.03,"{""bkLoss"":""0"",""bkPx"":""91.03"",""ccy"":"""",""posSide"":""short"",""side"":""buy"",""sz"":""32"",""ts"":""1788307584335""}"
2026-09-02T00:06:29.983383Z,1788307588748,CL-USDT-SWAP,buy,short,52,91.05,"{""bkLoss"":""0"",""bkPx"":""91.05"",""ccy"":"""",""posSide"":""short"",""side"":""buy"",""sz"":""52"",""ts"":""1788307588748""}"
2026-09-02T00:06:41.314871Z,1788307599737,CL-USDT-SWAP,buy,short,722,91.06,"{""bkLoss"":""0"",""bkPx"":""91.06"",""ccy"":"""",""posSide"":""short"",""side"":""buy"",""sz"":""722"",""ts"":""1788307599737""}"
2026-09-02T00:06:55.365078Z,1788307614024,CL-USDT-SWAP,buy,short,61,91.14,"{""bkLoss"":""0"",""bkPx"":""91.14"",""ccy"":"""",""posSide"":""short"",""side"":""buy"",""sz"":""61"",""ts"":""1788307614024""}"
2026-09-02T00:06:58.074907Z,1788307616938,CL-USDT-SWAP,buy,short,51,91.15,"{""bkLoss"":""0"",""bkPx"":""91.15"",""ccy"":"""",""posSide"":""short"",""side"":""buy"",""sz"":""51"",""ts"":""1788307616938""}"
2026-09-02T00:07:06.463752Z,1788307625448,DATA-USDT-SWAP,buy,short,158,0.1939,"{""bkLoss"":""0"",""bkPx"":""0.1939"",""ccy"":"""",""posSide"":""short"",""side"":""buy"",""sz"":""158"",""ts"":""1788307625448""}"
2026-09-02T00:07:36.287899Z,1788307655209,CRV-USDT-SWAP,sell,long,96,0.3662,"{""bkLoss"":""0"",""bkPx"":""0.3662"",""ccy"":"""",""posSide"":""long"",""side"":""sell"",""sz"":""96"",""ts"":""1788307655209""}"
2026-09-02T00:07:43.555307Z,1788307662487,SNDK-USDT-SWAP,sell,long,0.003,1526.97,"{""bkLoss"":""0"",""bkPx"":""1526.97"",""ccy"":"""",""posSide"":""long"",""side"":""sell"",""sz"":""0.003"",""ts"":""1788307662487""}"
2026-09-02T00:07:45.372637Z,1788307664002,SNDK-USDT-SWAP,sell,long,12.156,1526.54,"{""bkLoss"":""0"",""bkPx"":""1526.54"",""ccy"":"""",""posSide"":""long"",""side"":""sell"",""sz"":""12.156"",""ts"":""1788307664002""}"
2026-09-02T00:07:47.737790Z,1788307666312,CHIP-USDT-SWAP,sell,long,41,0.04339,"{""bkLoss"":""0"",""bkPx"":""0.04339"",""ccy"":"""",""posSide"":""long"",""side"":""sell"",""sz"":""41"",""ts"":""1788307666312""}"
2026-09-02T00:08:22.787311Z,1788307701826,FIL-USDT-SWAP,buy,short,8042,0.7835,"{""bkLoss"":""0"",""bkPx"":""0.7835"",""ccy"":"""",""posSide"":""short"",""side"":""buy"",""sz"":""8042"",""ts"":""1788307701826""}"
2026-09-02T00:09:04.380965Z,1788307743774,ZEC-USDT-SWAP,buy,short,25,833.36,"{""bkLoss"":""0"",""bkPx"":""833.36"",""ccy"":"""",""posSide"":""short"",""side"":""buy"",""sz"":""25"",""ts"":""1788307743774""}"
2026-09-02T00:09:21.559404Z,1788307760223,TRUMP-USDT-SWAP,buy,short,51,2.277,"{""bkLoss"":""0"",""bkPx"":""2.277"",""ccy"":"""",""posSide"":""short"",""side"":""buy"",""sz"":""51"",""ts"":""1788307760223""}"
2026-09-02T00:09:26.293978Z,1788307765333,SKHYNIX-USDT-SWAP,buy,short,0.344,1201.19,"{""bkLoss"":""0"",""bkPx"":""1201.19"",""ccy"":"""",""posSide"":""short"",""side"":""buy"",""sz"":""0.344"",""ts"":""1788307765333""}"
2026-09-02T00:09:27.494920Z,1788307766151,ZEN-USDT-SWAP,buy,short,420,5.505,"{""bkLoss"":""0"",""bkPx"":""5.505"",""ccy"":"""",""posSide"":""short"",""side"":""buy"",""sz"":""420"",""ts"":""1788307766151""}"
2026-09-02T00:09:29.713728Z,1788307768687,SKHYNIX-USDT-SWAP,buy,short,3,1201.85,"{""bkLoss"":""0"",""bkPx"":""1201.85"",""ccy"":"""",""posSide"":""short"",""side"":""buy"",""sz"":""3"",""ts"":""1788307768687""}"
2026-09-02T00:10:06.110423Z,1788307805229,ZORA-USDT-SWAP,sell,long,201,0.007554,"{""bkLoss"":""0"",""bkPx"":""0.007554"",""ccy"":"""",""posSide"":""long"",""side"":""sell"",""sz"":""201"",""ts"":""1788307805229""}"
2026-09-02T00:10:57.313311Z,1788307856101,SAMSUNG-USDT-SWAP,buy,short,5.5,185.11,"{""bkLoss"":""0"",""bkPx"":""185.11"",""ccy"":"""",""posSide"":""short"",""side"":""buy"",""sz"":""5.5"",""ts"":""1788307856101""}"
2026-09-02T00:12:02.892057Z,1788307921706,FIL-USDT-SWAP,buy,short,69,0.7857,"{""bkLoss"":""0"",""bkPx"":""0.7857"",""ccy"":"""",""posSide"":""short"",""side"":""buy"",""sz"":""69"",""ts"":""1788307921706""}"
2026-09-02T00:12:03.932579Z,1788307923021,ZORA-USDT-SWAP,sell,long,3100,0.007547,"{""bkLoss"":""0"",""bkPx"":""0.007547"",""ccy"":"""",""posSide"":""long"",""side"":""sell"",""sz"":""3100"",""ts"":""1788307923021""}"
2026-09-02T00:12:06.061410Z,1788307924485,ZORA-USDT-SWAP,sell,long,128,0.007539,"{""bkLoss"":""0"",""bkPx"":""0.007539"",""ccy"":"""",""posSide"":""long"",""side"":""sell"",""sz"":""128"",""ts"":""1788307924485""}"
2026-09-02T00:12:06.425639Z,1788307925683,ZORA-USDT-SWAP,sell,long,13569,0.007535,"{""bkLoss"":""0"",""bkPx"":""0.007535"",""ccy"":"""",""posSide"":""long"",""side"":""sell"",""sz"":""13569"",""ts"":""1788307925683""}"
2026-09-02T00:12:07.260904Z,1788307926425,ZORA-USDT-SWAP,sell,long,22200,0.007532,"{""bkLoss"":""0"",""bkPx"":""0.007532"",""ccy"":"""",""posSide"":""long"",""side"":""sell"",""sz"":""22200"",""ts"":""1788307926425""}"
2026-09-02T00:12:51.985555Z,1788307970545,UNI-USDT-SWAP,buy,short,247,5.88,"{""bkLoss"":""0"",""bkPx"":""5.88"",""ccy"":"""",""posSide"":""short"",""side"":""buy"",""sz"":""247"",""ts"":""1788307970545""}"
2026-09-02T00:13:57.067697Z,1788308036042,UNI-USDT-SWAP,buy,short,70,5.892,"{""bkLoss"":""0"",""bkPx"":""5.892"",""ccy"":"""",""posSide"":""short"",""side"":""buy"",""sz"":""70"",""ts"":""1788308036042""}"
2026-09-02T00:14:54.187125Z,1788308092954,LA-USDT-SWAP,buy,short,5,0.05949,"{""bkLoss"":""0"",""bkPx"":""0.05949"",""ccy"":"""",""posSide"":""short"",""side"":""buy"",""sz"":""5"",""ts"":""1788308092954""}"
2026-09-02T00:15:13.918922Z,1788308112821,UNI-USDT-SWAP,buy,short,19,5.895,"{""bkLoss"":""0"",""bkPx"":""5.895"",""ccy"":"""",""posSide"":""short"",""side"":""buy"",""sz"":""19"",""ts"":""1788308112821""}"
2026-09-02T00:15:16.567077Z,1788308115144,UNI-USDT-SWAP,buy,short,14,5.901,"{""bkLoss"":""0"",""bkPx"":""5.901"",""ccy"":"""",""posSide"":""short"",""side"":""buy"",""sz"":""14"",""ts"":""1788308115144""}"
2026-09-02T00:15:46.315285Z,1788308145039,SNDK-USDT-SWAP,buy,short,10.359,1540.97,"{""bkLoss"":""0"",""bkPx"":""1540.97"",""ccy"":"""",""posSide"":""short"",""side"":""buy"",""sz"":""10.359"",""ts"":""1788308145039""}"
2026-09-02T00:16:00.893793Z,1788308159925,SNDK-USDT-SWAP,buy,short,0.17,1541.35,"{""bkLoss"":""0"",""bkPx"":""1541.35"",""ccy"":"""",""posSide"":""short"",""side"":""buy"",""sz"":""0.17"",""ts"":""1788308159925""}"
2026-09-02T00:16:05.582002Z,1788308164578,ARB-USDT-SWAP,sell,long,31.2,0.10941,"{""bkLoss"":""0"",""bkPx"":""0.10941"",""ccy"":"""",""posSide"":""long"",""side"":""sell"",""sz"":""31.2"",""ts"":""1788308164578""}"
2026-09-02T00:16:14.502684Z,1788308173116,ARB-USDT-SWAP,sell,long,57.7,0.10923,"{""bkLoss"":""0"",""bkPx"":""0.10923"",""ccy"":"""",""posSide"":""long"",""side"":""sell"",""sz"":""57.7"",""ts"":""1788308173116""}"
2026-09-02T00:16:15.243631Z,1788308173839,ZORA-USDT-SWAP,sell,long,3087,0.007522,"{""bkLoss"":""0"",""bkPx"":""0.007522"",""ccy"":"""",""posSide"":""long"",""side"":""sell"",""sz"":""3087"",""ts"":""1788308173839""}"
2026-09-02T00:16:21.296452Z,1788308180190,SNDK-USDT-SWAP,buy,short,1.7,1542.87,"{""bkLoss"":""0"",""bkPx"":""1542.87"",""ccy"":"""",""posSide"":""short"",""side"":""buy"",""sz"":""1.7"",""ts"":""1788308180190""}"
2026-09-02T00:16:24.990282Z,1788308183887,ARB-USDT-SWAP,sell,long,4485.4,0.10909,"{""bkLoss"":""0"",""bkPx"":""0.10909"",""ccy"":"""",""posSide"":""long"",""side"":""sell"",""sz"":""4485.4"",""ts"":""1788308183887""}"
2026-09-02T00:16:26.483707Z,1788308185432,ARB-USDT-SWAP,sell,long,114.4,0.10905,"{""bkLoss"":""0"",""bkPx"":""0.10905"",""ccy"":"""",""posSide"":""long"",""side"":""sell"",""sz"":""114.4"",""ts"":""1788308185432""}"
2026-09-02T00:16:35.400825Z,1788308193927,ARB-USDT-SWAP,sell,long,1442.9,0.10901,"{""bkLoss"":""0"",""bkPx"":""0.10901"",""ccy"":"""",""posSide"":""long"",""side"":""sell"",""sz"":""1442.9"",""ts"":""1788308193927""}"
2026-09-02T00:16:36.175195Z,1788308195235,UNI-USDT-SWAP,buy,short,40,5.911,"{""bkLoss"":""0"",""bkPx"":""5.911"",""ccy"":"""",""posSide"":""short"",""side"":""buy"",""sz"":""40"",""ts"":""1788308195235""}"
2026-09-02T00:16:39.899213Z,1788308199293,UNI-USDT-SWAP,buy,short,175,5.916,"{""bkLoss"":""0"",""bkPx"":""5.916"",""ccy"":"""",""posSide"":""short"",""side"":""buy"",""sz"":""175"",""ts"":""1788308199293""}"
2026-09-02T00:16:42.167004Z,1788308201424,ARB-USDT-SWAP,sell,long,556.9,0.10895,"{""bkLoss"":""0"",""bkPx"":""0.10895"",""ccy"":"""",""posSide"":""long"",""side"":""sell"",""sz"":""556.9"",""ts"":""1788308201424""}"
2026-09-02T00:16:46.046824Z,1788308205218,ARB-USDT-SWAP,sell,long,118.3,0.10884,"{""bkLoss"":""0"",""bkPx"":""0.10884"",""ccy"":"""",""posSide"":""long"",""side"":""sell"",""sz"":""118.3"",""ts"":""1788308205218""}"
2026-09-02T00:17:05.666323Z,1788308224752,UNI-USDT-SWAP,buy,short,18,5.918,"{""bkLoss"":""0"",""bkPx"":""5.918"",""ccy"":"""",""posSide"":""short"",""side"":""buy"",""sz"":""18"",""ts"":""1788308224752""}"
2026-09-02T00:17:05.809494Z,1788308225021,UNI-USDT-SWAP,buy,short,37,5.918,"{""bkLoss"":""0"",""bkPx"":""5.918"",""ccy"":"""",""posSide"":""short"",""side"":""buy"",""sz"":""37"",""ts"":""1788308225021""}"
2026-09-02T00:17:06.272270Z,1788308225173,SKHYNIX-USDT-SWAP,buy,short,0.012,1203.79,"{""bkLoss"":""0"",""bkPx"":""1203.79"",""ccy"":"""",""posSide"":""short"",""side"":""buy"",""sz"":""0.012"",""ts"":""1788308225173""}"
2026-09-02T00:17:14.408386Z,1788308232951,SNDK-USDT-SWAP,buy,short,0.342,1544.1,"{""bkLoss"":""0"",""bkPx"":""1544.1"",""ccy"":"""",""posSide"":""short"",""side"":""buy"",""sz"":""0.342"",""ts"":""1788308232951""}"
2026-09-02T00:17:15.993600Z,1788308234841,SNDK-USDT-SWAP,buy,short,0.005,1544.39,"{""bkLoss"":""0"",""bkPx"":""1544.39"",""ccy"":"""",""posSide"":""short"",""side"":""buy"",""sz"":""0.005"",""ts"":""1788308234841""}"
2026-09-02T00:17:24.260014Z,1788308243428,SNDK-USDT-SWAP,buy,short,0.412,1544.54,"{""bkLoss"":""0"",""bkPx"":""1544.54"",""ccy"":"""",""posSide"":""short"",""side"":""buy"",""sz"":""0.412"",""ts"":""1788308243428""}"
2026-09-02T00:17:24.265562Z,1788308243428,ETH-USDT-SWAP,buy,short,5.62,2420.41,"{""bkLoss"":""0"",""bkPx"":""2420.41"",""ccy"":"""",""posSide"":""short"",""side"":""buy"",""sz"":""5.62"",""ts"":""1788308243428""}"
2026-09-02T00:17:27.233985Z,1788308246330,SNDK-USDT-SWAP,buy,short,13.026,1545.14,"{""bkLoss"":""0"",""bkPx"":""1545.14"",""ccy"":"""",""posSide"":""short"",""side"":""buy"",""sz"":""13.026"",""ts"":""1788308246330""}"
2026-09-02T00:17:27.423895Z,1788308246190,UNI-USDT-SWAP,buy,short,5,5.923,"{""bkLoss"":""0"",""bkPx"":""5.923"",""ccy"":"""",""posSide"":""short"",""side"":""buy"",""sz"":""5"",""ts"":""1788308246190""}"
2026-09-02T00:17:28.280206Z,1788308247482,UNI-USDT-SWAP,buy,short,3,5.927,"{""bkLoss"":""0"",""bkPx"":""5.927"",""ccy"":"""",""posSide"":""short"",""side"":""buy"",""sz"":""3"",""ts"":""1788308247482""}"
2026-09-02T00:17:52.057319Z,1788308271153,UNI-USDT-SWAP,buy,short,181,5.929,"{""bkLoss"":""0"",""bkPx"":""5.929"",""ccy"":"""",""posSide"":""short"",""side"":""buy"",""sz"":""181"",""ts"":""1788308271153""}"
2026-09-02T00:18:00.401206Z,1788308279322,ASTER-USDT-SWAP,buy,short,73,0.6963,"{""bkLoss"":""0"",""bkPx"":""0.6963"",""ccy"":"""",""posSide"":""short"",""side"":""buy"",""sz"":""73"",""ts"":""1788308279322""}"
2026-09-02T00:18:12.542210Z,1788308291094,ARB-USDT-SWAP,sell,long,226.7,0.10879,"{""bkLoss"":""0"",""bkPx"":""0.10879"",""ccy"":"""",""posSide"":""long"",""side"":""sell"",""sz"":""226.7"",""ts"":""1788308291094""}"
2026-09-02T00:18:18.332902Z,1788308297016,UNI-USDT-SWAP,buy,short,1000,5.931,"{""bkLoss"":""0"",""bkPx"":""5.931"",""ccy"":"""",""posSide"":""short"",""side"":""buy"",""sz"":""1000"",""ts"":""1788308297016""}"
2026-09-02T00:18:18.944418Z,1788308298012,TRUMP-USDT-SWAP,sell,long,953,2.266,"{""bkLoss"":""0"",""bkPx"":""2.266"",""ccy"":"""",""posSide"":""long"",""side"":""sell"",""sz"":""953"",""ts"":""1788308298012""}"
2026-09-02T00:18:18.948995Z,1788308298012,UNI-USDT-SWAP,buy,short,126,5.932,"{""bkLoss"":""0"",""bkPx"":""5.932"",""ccy"":"""",""posSide"":""short"",""side"":""buy"",""sz"":""126"",""ts"":""1788308298012""}"
2026-09-02T00:18:20.071809Z,1788308299400,UNI-USDT-SWAP,buy,short,351,5.933,"{""bkLoss"":""0"",""bkPx"":""5.933"",""ccy"":"""",""posSide"":""short"",""side"":""buy"",""sz"":""351"",""ts"":""1788308299400""}"
2026-09-02T00:18:24.250199Z,1788308303445,ARB-USDT-SWAP,sell,long,1600,0.10871,"{""bkLoss"":""0"",""bkPx"":""0.10871"",""ccy"":"""",""posSide"":""long"",""side"":""sell"",""sz"":""1600"",""ts"":""1788308303445""}"
2026-09-02T00:19:53.359006Z,1788308392316,FIL-USDT-SWAP,sell,long,363,0.7753,"{""bkLoss"":""0"",""bkPx"":""0.7753"",""ccy"":"""",""posSide"":""long"",""side"":""sell"",""sz"":""363"",""ts"":""1788308392316""}"
2026-09-02T00:21:14.203466Z,1788308472821,GRASS-USDT-SWAP,sell,long,9000,0.3413,"{""bkLoss"":""0"",""bkPx"":""0.3413"",""ccy"":"""",""posSide"":""long"",""side"":""sell"",""sz"":""9000"",""ts"":""1788308472821""}"
2026-09-02T00:21:19.586939Z,1788308478530,ARB-USDT-SWAP,sell,long,603.9,0.10847,"{""bkLoss"":""0"",""bkPx"":""0.10847"",""ccy"":"""",""posSide"":""long"",""side"":""sell"",""sz"":""603.9"",""ts"":""1788308478530""}"
2026-09-02T00:21:20.685135Z,1788308479540,ARB-USDT-SWAP,sell,long,1757.5,0.10839,"{""bkLoss"":""0"",""bkPx"":""0.10839"",""ccy"":"""",""posSide"":""long"",""side"":""sell"",""sz"":""1757.5"",""ts"":""1788308479540""}"
2026-09-02T00:21:28.219735Z,1788308487061,TRUMP-USDT-SWAP,sell,long,8795,2.252,"{""bkLoss"":""0"",""bkPx"":""2.252"",""ccy"":"""",""posSide"":""long"",""side"":""sell"",""sz"":""8795"",""ts"":""1788308487061""}"
2026-09-02T00:21:32.472899Z,1788308491265,TRUMP-USDT-SWAP,sell,long,352,2.251,"{""bkLoss"":""0"",""bkPx"":""2.251"",""ccy"":"""",""posSide"":""long"",""side"":""sell"",""sz"":""352"",""ts"":""1788308491265""}"
2026-09-02T00:21:42.733787Z,1788308501603,LIT-USDT-SWAP,sell,long,248,3.5034,"{""bkLoss"":""0"",""bkPx"":""3.5034"",""ccy"":"""",""posSide"":""long"",""side"":""sell"",""sz"":""248"",""ts"":""1788308501603""}"
2026-09-02T00:23:26.782673Z,1788308605853,PI-USDT-SWAP,buy,short,188,0.09286,"{""bkLoss"":""0"",""bkPx"":""0.09286"",""ccy"":"""",""posSide"":""short"",""side"":""buy"",""sz"":""188"",""ts"":""1788308605853""}"
2026-09-02T00:23:40.540290Z,1788308604671,PI-USDT-SWAP,buy,short,16325,0.09282,"{""bkLoss"":""0"",""bkPx"":""0.09282"",""ccy"":"""",""posSide"":""short"",""side"":""buy"",""sz"":""16325"",""ts"":""1788308604671""}"
2026-09-02T00:23:48.147797Z,1788308627166,HOME-USDT-SWAP,buy,short,66,0.006072,"{""bkLoss"":""0"",""bkPx"":""0.006072"",""ccy"":"""",""posSide"":""short"",""side"":""buy"",""sz"":""66"",""ts"":""1788308627166""}"
2026-09-02T00:24:24.493186Z,1788308663441,KAITO-USDT-SWAP,buy,short,2885,0.3047,"{""bkLoss"":""0"",""bkPx"":""0.3047"",""ccy"":"""",""posSide"":""short"",""side"":""buy"",""sz"":""2885"",""ts"":""1788308663441""}"
2026-09-02T00:25:19.626974Z,1788308718701,0G-USDT-SWAP,sell,long,30,0.1911,"{""bkLoss"":""0"",""bkPx"":""0.1911"",""ccy"":"""",""posSide"":""long"",""side"":""sell"",""sz"":""30"",""ts"":""1788308718701""}"
2026-09-02T00:25:20.606304Z,1788308719140,0G-USDT-SWAP,sell,long,461,0.1909,"{""bkLoss"":""0"",""bkPx"":""0.1909"",""ccy"":"""",""posSide"":""long"",""side"":""sell"",""sz"":""461"",""ts"":""1788308719140""}"
2026-09-02T00:26:08.039530Z,1788308766888,TRUMP-USDT-SWAP,sell,long,929,2.25,"{""bkLoss"":""0"",""bkPx"":""2.25"",""ccy"":"""",""posSide"":""long"",""side"":""sell"",""sz"":""929"",""ts"":""1788308766888""}"
2026-09-02T00:26:28.594239Z,1788308787355,DATA-USDT-SWAP,buy,short,152,0.1986,"{""bkLoss"":""0"",""bkPx"":""0.1986"",""ccy"":"""",""posSide"":""short"",""side"":""buy"",""sz"":""152"",""ts"":""1788308787355""}"
2026-09-02T00:26:34.723778Z,1788308793409,PUMP-USDT-SWAP,sell,long,16,0.004367,"{""bkLoss"":""0"",""bkPx"":""0.004367"",""ccy"":"""",""posSide"":""long"",""side"":""sell"",""sz"":""16"",""ts"":""1788308793409""}"
2026-09-02T00:26:51.516140Z,1788308810318,UNI-USDT-SWAP,sell,long,56,5.854,"{""bkLoss"":""0"",""bkPx"":""5.854"",""ccy"":"""",""posSide"":""long"",""side"":""sell"",""sz"":""56"",""ts"":""1788308810318""}"
2026-09-02T00:26:54.450974Z,1788308813362,RLS-USDT-SWAP,sell,long,4,0.001867,"{""bkLoss"":""0"",""bkPx"":""0.001867"",""ccy"":"""",""posSide"":""long"",""side"":""sell"",""sz"":""4"",""ts"":""1788308813362""}"
2026-09-02T00:26:58.535033Z,1788308817816,TRUMP-USDT-SWAP,sell,long,141,2.249,"{""bkLoss"":""0"",""bkPx"":""2.249"",""ccy"":"""",""posSide"":""long"",""side"":""sell"",""sz"":""141"",""ts"":""1788308817816""}"
2026-09-02T00:27:17.233939Z,1788308836186,TRUMP-USDT-SWAP,sell,long,648,2.248,"{""bkLoss"":""0"",""bkPx"":""2.248"",""ccy"":"""",""posSide"":""long"",""side"":""sell"",""sz"":""648"",""ts"":""1788308836186""}"
2026-09-02T00:27:19.693476Z,1788308838492,ENA-USDT-SWAP,sell,long,39,0.15804,"{""bkLoss"":""0"",""bkPx"":""0.15804"",""ccy"":"""",""posSide"":""long"",""side"":""sell"",""sz"":""39"",""ts"":""1788308838492""}"
2026-09-02T00:27:22.428987Z,1788308840721,TRUMP-USDT-SWAP,sell,long,31173,2.247,"{""bkLoss"":""0"",""bkPx"":""2.247"",""ccy"":"""",""posSide"":""long"",""side"":""sell"",""sz"":""31173"",""ts"":""1788308840721""}"
2026-09-02T00:27:36.895337Z,1788308855310,TRUMP-USDT-SWAP,sell,long,5316,2.245,"{""bkLoss"":""0"",""bkPx"":""2.245"",""ccy"":"""",""posSide"":""long"",""side"":""sell"",""sz"":""5316"",""ts"":""1788308855310""}"
2026-09-02T00:27:53.741817Z,1788308872946,XRP-USDT-SWAP,sell,long,0.28,1.346,"{""bkLoss"":""0"",""bkPx"":""1.346"",""ccy"":"""",""posSide"":""long"",""side"":""sell"",""sz"":""0.28"",""ts"":""1788308872946""}"
2026-09-02T00:27:53.773924Z,1788308872729,TRUMP-USDT-SWAP,sell,long,646,2.244,"{""bkLoss"":""0"",""bkPx"":""2.244"",""ccy"":"""",""posSide"":""long"",""side"":""sell"",""sz"":""646"",""ts"":""1788308872729""}"
2026-09-02T00:27:53.841696Z,1788308872790,0G-USDT-SWAP,sell,long,42,0.1929,"{""bkLoss"":""0"",""bkPx"":""0.1929"",""ccy"":"""",""posSide"":""long"",""side"":""sell"",""sz"":""42"",""ts"":""1788308872790""}"
2026-09-02T00:27:58.099846Z,1788308876908,CL-USDT-SWAP,buy,short,3000,91.23,"{""bkLoss"":""0"",""bkPx"":""91.23"",""ccy"":"""",""posSide"":""short"",""side"":""buy"",""sz"":""3000"",""ts"":""1788308876908""}"
2026-09-02T00:28:04.764006Z,1788308883651,CL-USDT-SWAP,buy,short,113,91.26,"{""bkLoss"":""0"",""bkPx"":""91.26"",""ccy"":"""",""posSide"":""short"",""side"":""buy"",""sz"":""113"",""ts"":""1788308883651""}"
2026-09-02T00:28:07.045380Z,1788308885761,CL-USDT-SWAP,buy,short,95,91.27,"{""bkLoss"":""0"",""bkPx"":""91.27"",""ccy"":"""",""posSide"":""short"",""side"":""buy"",""sz"":""95"",""ts"":""1788308885761""}"
2026-09-02T00:28:25.120158Z,1788308904156,TRUMP-USDT-SWAP,sell,long,1124,2.243,"{""bkLoss"":""0"",""bkPx"":""2.243"",""ccy"":"""",""posSide"":""long"",""side"":""sell"",""sz"":""1124"",""ts"":""1788308904156""}"
2026-09-02T00:28:40.745722Z,1788308919542,ARB-USDT-SWAP,sell,long,2507,0.10805,"{""bkLoss"":""0"",""bkPx"":""0.10805"",""ccy"":"""",""posSide"":""long"",""side"":""sell"",""sz"":""2507"",""ts"":""1788308919542""}"
2026-09-02T00:28:45.474994Z,1788308924701,XPL-USDT-SWAP,sell,long,841,0.08188,"{""bkLoss"":""0"",""bkPx"":""0.08188"",""ccy"":"""",""posSide"":""long"",""side"":""sell"",""sz"":""841"",""ts"":""1788308924701""}"
2026-09-02T00:28:46.396516Z,1788308925289,XPL-USDT-SWAP,sell,long,126,0.08175,"{""bkLoss"":""0"",""bkPx"":""0.08175"",""ccy"":"""",""posSide"":""long"",""side"":""sell"",""sz"":""126"",""ts"":""1788308925289""}"
2026-09-02T00:29:00.211683Z,1788308938625,RLS-USDT-SWAP,sell,long,2,0.001866,"{""bkLoss"":""0"",""bkPx"":""0.001866"",""ccy"":"""",""posSide"":""long"",""side"":""sell"",""sz"":""2"",""ts"":""1788308938625""}"
2026-09-02T00:29:02.305185Z,1788308941505,NEAR-USDT-SWAP,sell,long,10.7,1.875,"{""bkLoss"":""0"",""bkPx"":""1.875"",""ccy"":"""",""posSide"":""long"",""side"":""sell"",""sz"":""10.7"",""ts"":""1788308941505""}"
2026-09-02T00:29:05.439005Z,1788308943771,TAO-USDT-SWAP,sell,long,194,218.4,"{""bkLoss"":""0"",""bkPx"":""218.4"",""ccy"":"""",""posSide"":""long"",""side"":""sell"",""sz"":""194"",""ts"":""1788308943771""}"
2026-09-02T00:29:08.313814Z,1788308947489,TRUMP-USDT-SWAP,sell,long,520,2.242,"{""bkLoss"":""0"",""bkPx"":""2.242"",""ccy"":"""",""posSide"":""long"",""side"":""sell"",""sz"":""520"",""ts"":""1788308947489""}"
2026-09-02T00:29:14.553206Z,1788308953245,NEAR-USDT-SWAP,sell,long,8.3,1.874,"{""bkLoss"":""0"",""bkPx"":""1.874"",""ccy"":"""",""posSide"":""long"",""side"":""sell"",""sz"":""8.3"",""ts"":""1788308953245""}"
2026-09-02T00:29:37.362685Z,1788308975847,ETH-USDT-SWAP,sell,long,55.29,2412.62,"{""bkLoss"":""0"",""bkPx"":""2412.62"",""ccy"":"""",""posSide"":""long"",""side"":""sell"",""sz"":""55.29"",""ts"":""1788308975847""}"
2026-09-02T00:30:24.164742Z,1788309022992,TRUMP-USDT-SWAP,sell,long,200,2.238,"{""bkLoss"":""0"",""bkPx"":""2.238"",""ccy"":"""",""posSide"":""long"",""side"":""sell"",""sz"":""200"",""ts"":""1788309022992""}"
2026-09-02T00:30:24.298828Z,1788309023000,ETH-USDT-SWAP,sell,long,1.77,2410.26,"{""bkLoss"":""0"",""bkPx"":""2410.26"",""ccy"":"""",""posSide"":""long"",""side"":""sell"",""sz"":""1.77"",""ts"":""1788309023000""}"
2026-09-02T00:30:24.302885Z,1788309023036,TRUMP-USDT-SWAP,sell,long,3603,2.238,"{""bkLoss"":""0"",""bkPx"":""2.238"",""ccy"":"""",""posSide"":""long"",""side"":""sell"",""sz"":""3603"",""ts"":""1788309023036""}"
2026-09-02T00:30:24.374484Z,1788309023174,NEAR-USDT-SWAP,sell,long,0.5,1.871,"{""bkLoss"":""0"",""bkPx"":""1.871"",""ccy"":"""",""posSide"":""long"",""side"":""sell"",""sz"":""0.5"",""ts"":""1788309023174""}"
2026-09-02T00:30:24.542273Z,1788309022861,ETH-USDT-SWAP,sell,long,11.67,2410.26,"{""bkLoss"":""0"",""bkPx"":""2410.26"",""ccy"":"""",""posSide"":""long"",""side"":""sell"",""sz"":""11.67"",""ts"":""1788309022861""}"
2026-09-02T00:30:25.085222Z,1788309023453,XRP-USDT-SWAP,sell,long,10.36,1.3442,"{""bkLoss"":""0"",""bkPx"":""1.3442"",""ccy"":"""",""posSide"":""long"",""side"":""sell"",""sz"":""10.36"",""ts"":""1788309023453""}"
2026-09-02T00:30:25.577849Z,1788309024682,TRUMP-USDT-SWAP,sell,long,4540,2.233,"{""bkLoss"":""0"",""bkPx"":""2.233"",""ccy"":"""",""posSide"":""long"",""side"":""sell"",""sz"":""4540"",""ts"":""1788309024682""}"
2026-09-02T00:30:25.953398Z,1788309025102,TRUMP-USDT-SWAP,sell,long,4834,2.232,"{""bkLoss"":""0"",""bkPx"":""2.232"",""ccy"":"""",""posSide"":""long"",""side"":""sell"",""sz"":""4834"",""ts"":""1788309025102""}"
2026-09-02T00:30:25.988440Z,1788309024027,ETH-USDT-SWAP,sell,long,5,2409.07,"{""bkLoss"":""0"",""bkPx"":""2409.07"",""ccy"":"""",""posSide"":""long"",""side"":""sell"",""sz"":""5"",""ts"":""1788309024027""}"
2026-09-02T00:30:26.067232Z,1788309023633,ZORA-USDT-SWAP,sell,long,10531,0.007589,"{""bkLoss"":""0"",""bkPx"":""0.007589"",""ccy"":"""",""posSide"":""long"",""side"":""sell"",""sz"":""10531"",""ts"":""1788309023633""}"
2026-09-02T00:30:26.079033Z,1788309023633,ENA-USDT-SWAP,sell,long,831,0.15825,"{""bkLoss"":""0"",""bkPx"":""0.15825"",""ccy"":"""",""posSide"":""long"",""side"":""sell"",""sz"":""831"",""ts"":""1788309023633""}"
2026-09-02T00:30:27.657859Z,1788309026593,FIL-USDT-SWAP,sell,long,9580,0.7747,"{""bkLoss"":""0"",""bkPx"":""0.7747"",""ccy"":"""",""posSide"":""long"",""side"":""sell"",""sz"":""9580"",""ts"":""1788309026593""}"
2026-09-02T00:30:28.570198Z,1788309027051,FIL-USDT-SWAP,sell,long,47954,0.7742,"{""bkLoss"":""0"",""bkPx"":""0.7742"",""ccy"":"""",""posSide"":""long"",""side"":""sell"",""sz"":""47954"",""ts"":""1788309027051""}"
2026-09-02T00:30:33.191665Z,1788309032062,FIL-USDT-SWAP,sell,long,5369,0.7737,"{""bkLoss"":""0"",""bkPx"":""0.7737"",""ccy"":"""",""posSide"":""long"",""side"":""sell"",""sz"":""5369"",""ts"":""1788309032062""}"
2026-09-02T00:30:41.753943Z,1788309040167,FIL-USDT-SWAP,sell,long,3619,0.7726,"{""bkLoss"":""0"",""bkPx"":""0.7726"",""ccy"":"""",""posSide"":""long"",""side"":""sell"",""sz"":""3619"",""ts"":""1788309040167""}"
2026-09-02T00:30:43.259136Z,1788309042325,FIL-USDT-SWAP,sell,long,3262,0.7723,"{""bkLoss"":""0"",""bkPx"":""0.7723"",""ccy"":"""",""posSide"":""long"",""side"":""sell"",""sz"":""3262"",""ts"":""1788309042325""}"
2026-09-02T00:30:44.651395Z,1788309043554,FIL-USDT-SWAP,sell,long,840,0.7717,"{""bkLoss"":""0"",""bkPx"":""0.7717"",""ccy"":"""",""posSide"":""long"",""side"":""sell"",""sz"":""840"",""ts"":""1788309043554""}"
2026-09-02T00:31:05.803055Z,1788309064444,NEAR-USDT-SWAP,sell,long,8.9,1.868,"{""bkLoss"":""0"",""bkPx"":""1.868"",""ccy"":"""",""posSide"":""long"",""side"":""sell"",""sz"":""8.9"",""ts"":""1788309064444""}"
2026-09-02T00:31:55.935688Z,1788309114947,TRUMP-USDT-SWAP,buy,short,280,2.254,"{""bkLoss"":""0"",""bkPx"":""2.254"",""ccy"":"""",""posSide"":""short"",""side"":""buy"",""sz"":""280"",""ts"":""1788309114947""}"
2026-09-02T00:32:42.743892Z,1788309161720,SKUU-USDT-SWAP,buy,short,69.2,22.54,"{""bkLoss"":""0"",""bkPx"":""22.54"",""ccy"":"""",""posSide"":""short"",""side"":""buy"",""sz"":""69.2"",""ts"":""1788309161720""}"
2026-09-02T00:32:44.692421Z,1788309163713,SKHYNIX-USDT-SWAP,buy,short,3,1210.56,"{""bkLoss"":""0"",""bkPx"":""1210.56"",""ccy"":"""",""posSide"":""short"",""side"":""buy"",""sz"":""3"",""ts"":""1788309163713""}"
2026-09-02T00:32:48.489092Z,1788309167461,SKHYNIX-USDT-SWAP,buy,short,0.296,1212.2,"{""bkLoss"":""0"",""bkPx"":""1212.2"",""ccy"":"""",""posSide"":""short"",""side"":""buy"",""sz"":""0.296"",""ts"":""1788309167461""}"
2026-09-02T00:33:35.913834Z,1788309214768,CL-USDT-SWAP,buy,short,67,91.28,"{""bkLoss"":""0"",""bkPx"":""91.28"",""ccy"":"""",""posSide"":""short"",""side"":""buy"",""sz"":""67"",""ts"":""1788309214768""}"
2026-09-02T00:34:27.054612Z,1788309266129,ARB-USDT-SWAP,sell,long,28.2,0.10761,"{""bkLoss"":""0"",""bkPx"":""0.10761"",""ccy"":"""",""posSide"":""long"",""side"":""sell"",""sz"":""28.2"",""ts"":""1788309266129""}"
2026-09-02T00:34:28.752849Z,1788309267796,CL-USDT-SWAP,buy,short,67,91.32,"{""bkLoss"":""0"",""bkPx"":""91.32"",""ccy"":"""",""posSide"":""short"",""side"":""buy"",""sz"":""67"",""ts"":""1788309267796""}"
2026-09-02T00:34:31.394909Z,1788309270547,0G-USDT-SWAP,sell,long,400,0.1902,"{""bkLoss"":""0"",""bkPx"":""0.1902"",""ccy"":"""",""posSide"":""long"",""side"":""sell"",""sz"":""400"",""ts"":""1788309270547""}"
2026-09-02T00:34:31.851116Z,1788309270932,CL-USDT-SWAP,buy,short,116,91.34,"{""bkLoss"":""0"",""bkPx"":""91.34"",""ccy"":"""",""posSide"":""short"",""side"":""buy"",""sz"":""116"",""ts"":""1788309270932""}"
2026-09-02T00:34:43.664347Z,1788309282675,ARB-USDT-SWAP,sell,long,380,0.10753,"{""bkLoss"":""0"",""bkPx"":""0.10753"",""ccy"":"""",""posSide"":""long"",""side"":""sell"",""sz"":""380"",""ts"":""1788309282675""}"
2026-09-02T00:35:02.297939Z,1788309301292,CL-USDT-SWAP,buy,short,47,91.39,"{""bkLoss"":""0"",""bkPx"":""91.39"",""ccy"":"""",""posSide"":""short"",""side"":""buy"",""sz"":""47"",""ts"":""1788309301292""}"
2026-09-02T00:35:04.833813Z,1788309303893,BZ-USDT-SWAP,buy,short,102,95.79,"{""bkLoss"":""0"",""bkPx"":""95.79"",""ccy"":"""",""posSide"":""short"",""side"":""buy"",""sz"":""102"",""ts"":""1788309303893""}"
2026-09-02T00:35:04.898502Z,1788309304092,CL-USDT-SWAP,buy,short,512,91.44,"{""bkLoss"":""0"",""bkPx"":""91.44"",""ccy"":"""",""posSide"":""short"",""side"":""buy"",""sz"":""512"",""ts"":""1788309304092""}"
2026-09-02T00:36:34.432400Z,1788309393243,BZ-USDT-SWAP,buy,short,470,95.81,"{""bkLoss"":""0"",""bkPx"":""95.81"",""ccy"":"""",""posSide"":""short"",""side"":""buy"",""sz"":""470"",""ts"":""1788309393243""}"
2026-09-02T00:36:45.843292Z,1788309404722,PI-USDT-SWAP,buy,short,2467,0.09337,"{""bkLoss"":""0"",""bkPx"":""0.09337"",""ccy"":"""",""posSide"":""short"",""side"":""buy"",""sz"":""2467"",""ts"":""1788309404722""}"
2026-09-02T00:36:59.017239Z,1788309418051,BZ-USDT-SWAP,buy,short,43,95.84,"{""bkLoss"":""0"",""bkPx"":""95.84"",""ccy"":"""",""posSide"":""short"",""side"":""buy"",""sz"":""43"",""ts"":""1788309418051""}"
2026-09-02T00:37:00.234799Z,1788309419071,BZ-USDT-SWAP,buy,short,118,95.86,"{""bkLoss"":""0"",""bkPx"":""95.86"",""ccy"":"""",""posSide"":""short"",""side"":""buy"",""sz"":""118"",""ts"":""1788309419071""}"
2026-09-02T00:37:15.474499Z,1788309434360,FIL-USDT-SWAP,sell,long,1759,0.7715,"{""bkLoss"":""0"",""bkPx"":""0.7715"",""ccy"":"""",""posSide"":""long"",""side"":""sell"",""sz"":""1759"",""ts"":""1788309434360""}"
2026-09-02T00:37:19.330063Z,1788309438182,LA-USDT-SWAP,buy,short,1630,0.06382,"{""bkLoss"":""0"",""bkPx"":""0.06382"",""ccy"":"""",""posSide"":""short"",""side"":""buy"",""sz"":""1630"",""ts"":""1788309438182""}"
2026-09-02T00:38:17.011696Z,1788309495801,FIL-USDT-SWAP,sell,long,8594,0.7713,"{""bkLoss"":""0"",""bkPx"":""0.7713"",""ccy"":"""",""posSide"":""long"",""side"":""sell"",""sz"":""8594"",""ts"":""1788309495801""}"
2026-09-02T00:38:17.763389Z,1788309496378,FIL-USDT-SWAP,sell,long,641,0.7709,"{""bkLoss"":""0"",""bkPx"":""0.7709"",""ccy"":"""",""posSide"":""long"",""side"":""sell"",""sz"":""641"",""ts"":""1788309496378""}"
2026-09-02T00:38:18.697087Z,1788309497057,FIL-USDT-SWAP,sell,long,755,0.7708,"{""bkLoss"":""0"",""bkPx"":""0.7708"",""ccy"":"""",""posSide"":""long"",""side"":""sell"",""sz"":""755"",""ts"":""1788309497057""}"
2026-09-02T00:38:26.995729Z,1788309505747,FIL-USDT-SWAP,sell,long,9623,0.7704,"{""bkLoss"":""0"",""bkPx"":""0.7704"",""ccy"":"""",""posSide"":""long"",""side"":""sell"",""sz"":""9623"",""ts"":""1788309505747""}"
2026-09-02T00:38:28.471709Z,1788309507183,FIL-USDT-SWAP,sell,long,1006,0.7703,"{""bkLoss"":""0"",""bkPx"":""0.7703"",""ccy"":"""",""posSide"":""long"",""side"":""sell"",""sz"":""1006"",""ts"":""1788309507183""}"
2026-09-02T00:38:29.658364Z,1788309508848,FIL-USDT-SWAP,sell,long,528,0.7683,"{""bkLoss"":""0"",""bkPx"":""0.7683"",""ccy"":"""",""posSide"":""long"",""side"":""sell"",""sz"":""528"",""ts"":""1788309508848""}"
2026-09-02T00:38:33.675755Z,1788309512702,PUMP-USDT-SWAP,sell,long,4,0.00434,"{""bkLoss"":""0"",""bkPx"":""0.00434"",""ccy"":"""",""posSide"":""long"",""side"":""sell"",""sz"":""4"",""ts"":""1788309512702""}"
2026-09-02T00:38:39.189622Z,1788309518290,ETH-USDT-SWAP,sell,long,7.65,2408.51,"{""bkLoss"":""0"",""bkPx"":""2408.51"",""ccy"":"""",""posSide"":""long"",""side"":""sell"",""sz"":""7.65"",""ts"":""1788309518290""}"
2026-09-02T00:38:39.194672Z,1788309518291,SOL-USDT-SWAP,sell,long,2,99.67,"{""bkLoss"":""0"",""bkPx"":""99.67"",""ccy"":"""",""posSide"":""long"",""side"":""sell"",""sz"":""2"",""ts"":""1788309518291""}"
2026-09-02T00:38:55.510500Z,1788309534314,ETH-USDT-SWAP,sell,long,0.64,2408.28,"{""bkLoss"":""0"",""bkPx"":""2408.28"",""ccy"":"""",""posSide"":""long"",""side"":""sell"",""sz"":""0.64"",""ts"":""1788309534314""}"
2026-09-02T00:38:55.515713Z,1788309534314,BTC-USDT-SWAP,sell,long,0.22,77147.5,"{""bkLoss"":""0"",""bkPx"":""77147.5"",""ccy"":"""",""posSide"":""long"",""side"":""sell"",""sz"":""0.22"",""ts"":""1788309534314""}"
2026-09-02T00:38:57.656296Z,1788309536321,ETH-USDT-SWAP,sell,long,6.83,2407.95,"{""bkLoss"":""0"",""bkPx"":""2407.95"",""ccy"":"""",""posSide"":""long"",""side"":""sell"",""sz"":""6.83"",""ts"":""1788309536321""}"
2026-09-02T00:39:05.845218Z,1788309544623,TRIA-USDT-SWAP,sell,long,120,0.00388,"{""bkLoss"":""0"",""bkPx"":""0.00388"",""ccy"":"""",""posSide"":""long"",""side"":""sell"",""sz"":""120"",""ts"":""1788309544623""}"
2026-09-02T00:39:07.117778Z,1788309545735,ETH-USDT-SWAP,sell,long,1.61,2406.98,"{""bkLoss"":""0"",""bkPx"":""2406.98"",""ccy"":"""",""posSide"":""long"",""side"":""sell"",""sz"":""1.61"",""ts"":""1788309545735""}"
2026-09-02T00:39:08.967870Z,1788309546061,XRP-USDT-SWAP,sell,long,395.71,1.3427,"{""bkLoss"":""0"",""bkPx"":""1.3427"",""ccy"":"""",""posSide"":""long"",""side"":""sell"",""sz"":""395.71"",""ts"":""1788309546061""}"
2026-09-02T00:40:08.326126Z,1788309607037,CL-USDT-SWAP,buy,short,10500,91.47,"{""bkLoss"":""0"",""bkPx"":""91.47"",""ccy"":"""",""posSide"":""short"",""side"":""buy"",""sz"":""10500"",""ts"":""1788309607037""}"
2026-09-02T00:40:08.332297Z,1788309607037,SOL-USDT-SWAP,sell,long,100.73,99.67,"{""bkLoss"":""0"",""bkPx"":""99.67"",""ccy"":"""",""posSide"":""long"",""side"":""sell"",""sz"":""100.73"",""ts"":""1788309607037""}"
2026-09-02T00:40:08.334567Z,1788309607037,XAU-USDT-SWAP,sell,long,10356,4334.2,"{""bkLoss"":""0"",""bkPx"":""4334.2"",""ccy"":"""",""posSide"":""long"",""side"":""sell"",""sz"":""10356"",""ts"":""1788309607037""}"
2026-09-02T00:40:08.340217Z,1788309607038,BTC-USDT-SWAP,sell,long,11.26,77171.5,"{""bkLoss"":""0"",""bkPx"":""77171.5"",""ccy"":"""",""posSide"":""long"",""side"":""sell"",""sz"":""11.26"",""ts"":""1788309607038""}"
2026-09-02T00:40:08.344620Z,1788309607038,ETH-USDT-SWAP,sell,long,271.67,2408.17,"{""bkLoss"":""0"",""bkPx"":""2408.17"",""ccy"":"""",""posSide"":""long"",""side"":""sell"",""sz"":""271.67"",""ts"":""1788309607038""}"
2026-09-02T00:40:17.724743Z,1788309616222,XRP-USDT-SWAP,sell,long,0.05,1.3403,"{""bkLoss"":""0"",""bkPx"":""1.3403"",""ccy"":"""",""posSide"":""long"",""side"":""sell"",""sz"":""0.05"",""ts"":""1788309616222""}"
2026-09-02T00:40:17.798665Z,1788309616198,ETH-USDT-SWAP,sell,long,31.68,2408.02,"{""bkLoss"":""0"",""bkPx"":""2408.02"",""ccy"":"""",""posSide"":""long"",""side"":""sell"",""sz"":""31.68"",""ts"":""1788309616198""}"
2026-09-02T00:40:17.807348Z,1788309616198,DOGE-USDT-SWAP,sell,long,105.52,0.08129,"{""bkLoss"":""0"",""bkPx"":""0.08129"",""ccy"":"""",""posSide"":""long"",""side"":""sell"",""sz"":""105.52"",""ts"":""1788309616198""}"
2026-09-02T00:40:17.814481Z,1788309616198,BTC-USDT-SWAP,sell,long,17.7,77160.7,"{""bkLoss"":""0"",""bkPx"":""77160.7"",""ccy"":"""",""posSide"":""long"",""side"":""sell"",""sz"":""17.7"",""ts"":""1788309616198""}"
2026-09-02T00:40:18.798803Z,1788309617343,ICX-USDT-SWAP,sell,long,4080,0.01002,"{""bkLoss"":""0"",""bkPx"":""0.01002"",""ccy"":"""",""posSide"":""long"",""side"":""sell"",""sz"":""4080"",""ts"":""1788309617343""}"
2026-09-02T00:40:37.966227Z,1788309636769,CL-USDT-SWAP,buy,short,90,91.52,"{""bkLoss"":""0"",""bkPx"":""91.52"",""ccy"":"""",""posSide"":""short"",""side"":""buy"",""sz"":""90"",""ts"":""1788309636769""}"
2026-09-02T00:40:39.487869Z,1788309638527,CL-USDT-SWAP,buy,short,49,91.58,"{""bkLoss"":""0"",""bkPx"":""91.58"",""ccy"":"""",""posSide"":""short"",""side"":""buy"",""sz"":""49"",""ts"":""1788309638527""}"
2026-09-02T00:40:39.669794Z,1788309638491,BZ-USDT-SWAP,buy,short,150,96.03,"{""bkLoss"":""0"",""bkPx"":""96.03"",""ccy"":"""",""posSide"":""short"",""side"":""buy"",""sz"":""150"",""ts"":""1788309638491""}"
2026-09-02T00:40:43.647855Z,1788309642610,NEAR-USDT-SWAP,sell,long,373.7,1.859,"{""bkLoss"":""0"",""bkPx"":""1.859"",""ccy"":"""",""posSide"":""long"",""side"":""sell"",""sz"":""373.7"",""ts"":""1788309642610""}"
2026-09-02T00:40:44.178314Z,1788309642839,ENA-USDT-SWAP,sell,long,68,0.15785,"{""bkLoss"":""0"",""bkPx"":""0.15785"",""ccy"":"""",""posSide"":""long"",""side"":""sell"",""sz"":""68"",""ts"":""1788309642839""}"
2026-09-02T00:40:50.702998Z,1788309649679,BZ-USDT-SWAP,buy,short,29,96.06,"{""bkLoss"":""0"",""bkPx"":""96.06"",""ccy"":"""",""posSide"":""short"",""side"":""buy"",""sz"":""29"",""ts"":""1788309649679""}"
2026-09-02T00:40:51.072487Z,1788309650071,BZ-USDT-SWAP,buy,short,641,96.08,"{""bkLoss"":""0"",""bkPx"":""96.08"",""ccy"":"""",""posSide"":""short"",""side"":""buy"",""sz"":""641"",""ts"":""1788309650071""}"
2026-09-02T00:40:51.124828Z,1788309650088,CL-USDT-SWAP,buy,short,20,91.61,"{""bkLoss"":""0"",""bkPx"":""91.61"",""ccy"":"""",""posSide"":""short"",""side"":""buy"",""sz"":""20"",""ts"":""1788309650088""}"
2026-09-02T00:40:54.222656Z,1788309652742,XPL-USDT-SWAP,sell,long,107,0.08082,"{""bkLoss"":""0"",""bkPx"":""0.08082"",""ccy"":"""",""posSide"":""long"",""side"":""sell"",""sz"":""107"",""ts"":""1788309652742""}"
2026-09-02T00:40:54.302247Z,1788309653332,XPL-USDT-SWAP,sell,long,764,0.08075,"{""bkLoss"":""0"",""bkPx"":""0.08075"",""ccy"":"""",""posSide"":""long"",""side"":""sell"",""sz"":""764"",""ts"":""1788309653332""}"
2026-09-02T00:40:56.616659Z,1788309655411,FIL-USDT-SWAP,sell,long,8005,0.7672,"{""bkLoss"":""0"",""bkPx"":""0.7672"",""ccy"":"""",""posSide"":""long"",""side"":""sell"",""sz"":""8005"",""ts"":""1788309655411""}"
2026-09-02T00:40:57.191325Z,1788309656196,BTC-USDT-SWAP,sell,long,27.19,77127.1,"{""bkLoss"":""0"",""bkPx"":""77127.1"",""ccy"":"""",""posSide"":""long"",""side"":""sell"",""sz"":""27.19"",""ts"":""1788309656196""}"
2026-09-02T00:40:57.283490Z,1788309655858,BTC-USDT-SWAP,sell,long,0.83,77128.7,"{""bkLoss"":""0"",""bkPx"":""77128.7"",""ccy"":"""",""posSide"":""long"",""side"":""sell"",""sz"":""0.83"",""ts"":""1788309655858""}"
2026-09-02T00:41:00.426523Z,1788309659799,FARTCOIN-USDT-SWAP,sell,long,295,0.1654,"{""bkLoss"":""0"",""bkPx"":""0.1654"",""ccy"":"""",""posSide"":""long"",""side"":""sell"",""sz"":""295"",""ts"":""1788309659799""}"
2026-09-02T00:41:01.200888Z,1788309659805,SOL-USDT-SWAP,sell,long,0.2,99.56,"{""bkLoss"":""0"",""bkPx"":""99.56"",""ccy"":"""",""posSide"":""long"",""side"":""sell"",""sz"":""0.2"",""ts"":""1788309659805""}"
2026-09-02T00:41:01.322269Z,1788309660200,BTC-USDT-SWAP,sell,long,0.43,77123,"{""bkLoss"":""0"",""bkPx"":""77123"",""ccy"":"""",""posSide"":""long"",""side"":""sell"",""sz"":""0.43"",""ts"":""1788309660200""}"
2026-09-02T00:41:01.958972Z,1788309660883,CL-USDT-SWAP,buy,short,2193,91.66,"{""bkLoss"":""0"",""bkPx"":""91.66"",""ccy"":"""",""posSide"":""short"",""side"":""buy"",""sz"":""2193"",""ts"":""1788309660883""}"
2026-09-02T00:41:02.039880Z,1788309660702,DOS-USDT-SWAP,sell,long,150,0.2534,"{""bkLoss"":""0"",""bkPx"":""0.2534"",""ccy"":"""",""posSide"":""long"",""side"":""sell"",""sz"":""150"",""ts"":""1788309660702""}"
2026-09-02T00:41:02.237423Z,1788309660922,BZ-USDT-SWAP,buy,short,2000,96.11,"{""bkLoss"":""0"",""bkPx"":""96.11"",""ccy"":"""",""posSide"":""short"",""side"":""buy"",""sz"":""2000"",""ts"":""1788309660922""}"
2026-09-02T00:41:02.241856Z,1788309661156,ETH-USDT-SWAP,sell,long,2.67,2406.29,"{""bkLoss"":""0"",""bkPx"":""2406.29"",""ccy"":"""",""posSide"":""long"",""side"":""sell"",""sz"":""2.67"",""ts"":""1788309661156""}"
2026-09-02T00:41:02.476533Z,1788309661122,AR-USDT-SWAP,sell,long,30,2.23,"{""bkLoss"":""0"",""bkPx"":""2.23"",""ccy"":"""",""posSide"":""long"",""side"":""sell"",""sz"":""30"",""ts"":""1788309661122""}"
2026-09-02T00:41:31.953736Z,1788309690680,TRIA-USDT-SWAP,sell,long,10,0.003854,"{""bkLoss"":""0"",""bkPx"":""0.003854"",""ccy"":"""",""posSide"":""long"",""side"":""sell"",""sz"":""10"",""ts"":""1788309690680""}"
2026-09-02T00:41:44.323764Z,1788309702936,ETH-USDT-SWAP,sell,long,85.68,2405.98,"{""bkLoss"":""0"",""bkPx"":""2405.98"",""ccy"":"""",""posSide"":""long"",""side"":""sell"",""sz"":""85.68"",""ts"":""1788309702936""}"
2026-09-02T00:41:50.114426Z,1788309709370,TAO-USDT-SWAP,sell,long,533,218.1,"{""bkLoss"":""0"",""bkPx"":""218.1"",""ccy"":"""",""posSide"":""long"",""side"":""sell"",""sz"":""533"",""ts"":""1788309709370""}"
2026-09-02T00:41:50.454535Z,1788309709387,ETH-USDT-SWAP,sell,long,28.64,2405.78,"{""bkLoss"":""0"",""bkPx"":""2405.78"",""ccy"":"""",""posSide"":""long"",""side"":""sell"",""sz"":""28.64"",""ts"":""1788309709387""}"
2026-09-02T00:41:50.888376Z,1788309709324,BTC-USDT-SWAP,sell,long,4,77097.2,"{""bkLoss"":""0"",""bkPx"":""77097.2"",""ccy"":"""",""posSide"":""long"",""side"":""sell"",""sz"":""4"",""ts"":""1788309709324""}"
2026-09-02T00:41:50.926514Z,1788309710239,ETH-USDT-SWAP,sell,long,0.39,2405.1,"{""bkLoss"":""0"",""bkPx"":""2405.1"",""ccy"":"""",""posSide"":""long"",""side"":""sell"",""sz"":""0.39"",""ts"":""1788309710239""}"
2026-09-02T00:42:01.291241Z,1788309719739,ZORA-USDT-SWAP,sell,long,1878,0.007496,"{""bkLoss"":""0"",""bkPx"":""0.007496"",""ccy"":"""",""posSide"":""long"",""side"":""sell"",""sz"":""1878"",""ts"":""1788309719739""}"
2026-09-02T00:42:37.883031Z,1788309757016,PI-USDT-SWAP,buy,short,1208,0.09389,"{""bkLoss"":""0"",""bkPx"":""0.09389"",""ccy"":"""",""posSide"":""short"",""side"":""buy"",""sz"":""1208"",""ts"":""1788309757016""}"
2026-09-02T00:42:43.330269Z,1788309761899,PI-USDT-SWAP,buy,short,852,0.09403,"{""bkLoss"":""0"",""bkPx"":""0.09403"",""ccy"":"""",""posSide"":""short"",""side"":""buy"",""sz"":""852"",""ts"":""1788309761899""}"
2026-09-02T00:43:19.316998Z,1788309798120,LIT-USDT-SWAP,buy,short,1035,3.5399,"{""bkLoss"":""0"",""bkPx"":""3.5399"",""ccy"":"""",""posSide"":""short"",""side"":""buy"",""sz"":""1035"",""ts"":""1788309798120""}"
2026-09-02T00:44:45.463455Z,1788309884186,LTC-USDT-SWAP,sell,long,7.3,49.14,"{""bkLoss"":""0"",""bkPx"":""49.14"",""ccy"":"""",""posSide"":""long"",""side"":""sell"",""sz"":""7.3"",""ts"":""1788309884186""}"
2026-09-02T00:44:52.539889Z,1788309891517,UNI-USDT-SWAP,sell,long,3732,5.836,"{""bkLoss"":""0"",""bkPx"":""5.836"",""ccy"":"""",""posSide"":""long"",""side"":""sell"",""sz"":""3732"",""ts"":""1788309891517""}"
2026-09-02T00:45:19.900938Z,1788309918696,TRIA-USDT-SWAP,sell,long,8,0.003846,"{""bkLoss"":""0"",""bkPx"":""0.003846"",""ccy"":"""",""posSide"":""long"",""side"":""sell"",""sz"":""8"",""ts"":""1788309918696""}"
2026-09-02T00:46:27.631908Z,1788309986383,TRIA-USDT-SWAP,sell,long,217,0.003839,"{""bkLoss"":""0"",""bkPx"":""0.003839"",""ccy"":"""",""posSide"":""long"",""side"":""sell"",""sz"":""217"",""ts"":""1788309986383""}"
2026-09-02T00:46:56.866825Z,1788310016007,LIT-USDT-SWAP,buy,short,42,3.5522,"{""bkLoss"":""0"",""bkPx"":""3.5522"",""ccy"":"""",""posSide"":""short"",""side"":""buy"",""sz"":""42"",""ts"":""1788310016007""}"
2026-09-02T00:46:59.820943Z,1788310018658,LIT-USDT-SWAP,buy,short,2,3.5547,"{""bkLoss"":""0"",""bkPx"":""3.5547"",""ccy"":"""",""posSide"":""short"",""side"":""buy"",""sz"":""2"",""ts"":""1788310018658""}"
2026-09-02T00:47:00.011146Z,1788310018675,FIL-USDT-SWAP,sell,long,9401,0.7682,"{""bkLoss"":""0"",""bkPx"":""0.7682"",""ccy"":"""",""posSide"":""long"",""side"":""sell"",""sz"":""9401"",""ts"":""1788310018675""}"
2026-09-02T00:47:26.627614Z,1788310045726,TRIA-USDT-SWAP,sell,long,84,0.003831,"{""bkLoss"":""0"",""bkPx"":""0.003831"",""ccy"":"""",""posSide"":""long"",""side"":""sell"",""sz"":""84"",""ts"":""1788310045726""}"
2026-09-02T00:47:28.907546Z,1788310047813,TRIA-USDT-SWAP,sell,long,1600,0.003821,"{""bkLoss"":""0"",""bkPx"":""0.003821"",""ccy"":"""",""posSide"":""long"",""side"":""sell"",""sz"":""1600"",""ts"":""1788310047813""}"
2026-09-02T00:47:28.908868Z,1788310047813,XAU-USDT-SWAP,sell,long,850,4336.2,"{""bkLoss"":""0"",""bkPx"":""4336.2"",""ccy"":"""",""posSide"":""long"",""side"":""sell"",""sz"":""850"",""ts"":""1788310047813""}"
2026-09-02T00:47:28.914208Z,1788310047813,RAVE-USDT-SWAP,sell,long,250,0.254,"{""bkLoss"":""0"",""bkPx"":""0.254"",""ccy"":"""",""posSide"":""long"",""side"":""sell"",""sz"":""250"",""ts"":""1788310047813""}"
2026-09-02T00:47:28.918198Z,1788310047813,BEAT-USDT-SWAP,sell,long,250,0.133,"{""bkLoss"":""0"",""bkPx"":""0.133"",""ccy"":"""",""posSide"":""long"",""side"":""sell"",""sz"":""250"",""ts"":""1788310047813""}"
2026-09-02T00:47:28.922141Z,1788310047813,CL-USDT-SWAP,buy,short,530,91.56,"{""bkLoss"":""0"",""bkPx"":""91.56"",""ccy"":"""",""posSide"":""short"",""side"":""buy"",""sz"":""530"",""ts"":""1788310047813""}"
2026-09-02T00:47:28.927082Z,1788310047813,JTO-USDT-SWAP,sell,long,2400,0.4213,"{""bkLoss"":""0"",""bkPx"":""0.4213"",""ccy"":"""",""posSide"":""long"",""side"":""sell"",""sz"":""2400"",""ts"":""1788310047813""}"
2026-09-02T00:47:28.931198Z,1788310047813,ATOM-USDT-SWAP,sell,long,500,1.457,"{""bkLoss"":""0"",""bkPx"":""1.457"",""ccy"":"""",""posSide"":""long"",""side"":""sell"",""sz"":""500"",""ts"":""1788310047813""}"
2026-09-02T00:48:12.057072Z,1788310090075,XPL-USDT-SWAP,sell,long,1792,0.08067,"{""bkLoss"":""0"",""bkPx"":""0.08067"",""ccy"":"""",""posSide"":""long"",""side"":""sell"",""sz"":""1792"",""ts"":""1788310090075""}"
2026-09-02T00:48:40.172723Z,1788310119373,LA-USDT-SWAP,buy,short,22,0.06519,"{""bkLoss"":""0"",""bkPx"":""0.06519"",""ccy"":"""",""posSide"":""short"",""side"":""buy"",""sz"":""22"",""ts"":""1788310119373""}"
2026-09-02T00:48:51.765517Z,1788310130744,LA-USDT-SWAP,buy,short,603,0.06552,"{""bkLoss"":""0"",""bkPx"":""0.06552"",""ccy"":"""",""posSide"":""short"",""side"":""buy"",""sz"":""603"",""ts"":""1788310130744""}"
2026-09-02T00:48:52.939273Z,1788310131934,LA-USDT-SWAP,buy,short,154,0.06562,"{""bkLoss"":""0"",""bkPx"":""0.06562"",""ccy"":"""",""posSide"":""short"",""side"":""buy"",""sz"":""154"",""ts"":""1788310131934""}"
2026-09-02T00:49:01.464208Z,1788310140377,LA-USDT-SWAP,buy,short,6,0.06572,"{""bkLoss"":""0"",""bkPx"":""0.06572"",""ccy"":"""",""posSide"":""short"",""side"":""buy"",""sz"":""6"",""ts"":""1788310140377""}"
2026-09-02T00:49:02.765411Z,1788310141704,LA-USDT-SWAP,buy,short,2268,0.06584,"{""bkLoss"":""0"",""bkPx"":""0.06584"",""ccy"":"""",""posSide"":""short"",""side"":""buy"",""sz"":""2268"",""ts"":""1788310141704""}"
2026-09-02T00:49:04.671470Z,1788310143584,LA-USDT-SWAP,buy,short,354,0.06632,"{""bkLoss"":""0"",""bkPx"":""0.06632"",""ccy"":"""",""posSide"":""short"",""side"":""buy"",""sz"":""354"",""ts"":""1788310143584""}"
2026-09-02T00:49:07.772014Z,1788310146852,FIL-USDT-SWAP,buy,short,10,0.7758,"{""bkLoss"":""0"",""bkPx"":""0.7758"",""ccy"":"""",""posSide"":""short"",""side"":""buy"",""sz"":""10"",""ts"":""1788310146852""}"
2026-09-02T00:49:15.703187Z,1788310154658,FIL-USDT-SWAP,buy,short,749,0.7763,"{""bkLoss"":""0"",""bkPx"":""0.7763"",""ccy"":"""",""posSide"":""short"",""side"":""buy"",""sz"":""749"",""ts"":""1788310154658""}"
2026-09-02T00:49:18.429395Z,1788310156924,0G-USDT-SWAP,sell,long,7040,0.1901,"{""bkLoss"":""0"",""bkPx"":""0.1901"",""ccy"":"""",""posSide"":""long"",""side"":""sell"",""sz"":""7040"",""ts"":""1788310156924""}"
2026-09-02T00:50:32.551343Z,1788310231239,TAO-USDT-SWAP,sell,long,2272,217.9,"{""bkLoss"":""0"",""bkPx"":""217.9"",""ccy"":"""",""posSide"":""long"",""side"":""sell"",""sz"":""2272"",""ts"":""1788310231239""}"
2026-09-02T00:50:36.810862Z,1788310235067,TRUMP-USDT-SWAP,sell,long,250000,2.238,"{""bkLoss"":""0"",""bkPx"":""2.238"",""ccy"":"""",""posSide"":""long"",""side"":""sell"",""sz"":""250000"",""ts"":""1788310235067""}"
2026-09-02T00:50:45.262678Z,1788310244052,BZ-USDT-SWAP,buy,short,10000,96.16,"{""bkLoss"":""0"",""bkPx"":""96.16"",""ccy"":"""",""posSide"":""short"",""side"":""buy"",""sz"":""10000"",""ts"":""1788310244052""}"
2026-09-02T00:50:51.260555Z,1788310250173,0G-USDT-SWAP,sell,long,279,0.1883,"{""bkLoss"":""0"",""bkPx"":""0.1883"",""ccy"":"""",""posSide"":""long"",""side"":""sell"",""sz"":""279"",""ts"":""1788310250173""}"
2026-09-02T00:50:51.636061Z,1788310250139,BEAT-USDT-SWAP,sell,long,84.3,0.133,"{""bkLoss"":""0"",""bkPx"":""0.133"",""ccy"":"""",""posSide"":""long"",""side"":""sell"",""sz"":""84.3"",""ts"":""1788310250139""}"
2026-09-02T00:50:52.867516Z,1788310251844,0G-USDT-SWAP,sell,long,4826,0.1881,"{""bkLoss"":""0"",""bkPx"":""0.1881"",""ccy"":"""",""posSide"":""long"",""side"":""sell"",""sz"":""4826"",""ts"":""1788310251844""}"
2026-09-02T00:50:53.697727Z,1788310252509,0G-USDT-SWAP,sell,long,19563,0.188,"{""bkLoss"":""0"",""bkPx"":""0.188"",""ccy"":"""",""posSide"":""long"",""side"":""sell"",""sz"":""19563"",""ts"":""1788310252509""}"
2026-09-02T00:51:33.886054Z,1788310293039,BZ-USDT-SWAP,buy,short,190,96.2,"{""bkLoss"":""0"",""bkPx"":""96.2"",""ccy"":"""",""posSide"":""short"",""side"":""buy"",""sz"":""190"",""ts"":""1788310293039""}"
2026-09-02T00:51:45.423330Z,1788310304499,FIL-USDT-SWAP,buy,short,1676,0.779,"{""bkLoss"":""0"",""bkPx"":""0.779"",""ccy"":"""",""posSide"":""short"",""side"":""buy"",""sz"":""1676"",""ts"":""1788310304499""}"
2026-09-02T00:51:51.628525Z,1788310310510,0G-USDT-SWAP,sell,long,250,0.1897,"{""bkLoss"":""0"",""bkPx"":""0.1897"",""ccy"":"""",""posSide"":""long"",""side"":""sell"",""sz"":""250"",""ts"":""1788310310510""}"
2026-09-02T00:51:56.867961Z,1788310250062,0G-USDT-SWAP,sell,long,2381,0.1897,"{""bkLoss"":""0"",""bkPx"":""0.1897"",""ccy"":"""",""posSide"":""long"",""side"":""sell"",""sz"":""2381"",""ts"":""1788310250062""}"
2026-09-02T00:52:04.683785Z,1788310323489,0G-USDT-SWAP,sell,long,1532,0.1874,"{""bkLoss"":""0"",""bkPx"":""0.1874"",""ccy"":"""",""posSide"":""long"",""side"":""sell"",""sz"":""1532"",""ts"":""1788310323489""}"
2026-09-02T00:52:11.881939Z,1788310330290,SOPH-USDT-SWAP,sell,long,293,0.003997,"{""bkLoss"":""0"",""bkPx"":""0.003997"",""ccy"":"""",""posSide"":""long"",""side"":""sell"",""sz"":""293"",""ts"":""1788310330290""}"
2026-09-02T00:52:28.426295Z,1788310346971,BZ-USDT-SWAP,buy,short,22658,96.22,"{""bkLoss"":""0"",""bkPx"":""96.22"",""ccy"":"""",""posSide"":""short"",""side"":""buy"",""sz"":""22658"",""ts"":""1788310346971""}"
2026-09-02T00:52:33.742323Z,1788310352832,CL-USDT-SWAP,buy,short,173,91.72,"{""bkLoss"":""0"",""bkPx"":""91.72"",""ccy"":"""",""posSide"":""short"",""side"":""buy"",""sz"":""173"",""ts"":""1788310352832""}"
2026-09-02T00:54:34.791839Z,1788310473876,INJ-USDT-SWAP,sell,long,15000,4.761,"{""bkLoss"":""0"",""bkPx"":""4.761"",""ccy"":"""",""posSide"":""long"",""side"":""sell"",""sz"":""15000"",""ts"":""1788310473876""}"
2026-09-02T00:55:00.419796Z,1788310498949,XAU-USDT-SWAP,sell,long,87,4324.5,"{""bkLoss"":""0"",""bkPx"":""4324.5"",""ccy"":"""",""posSide"":""long"",""side"":""sell"",""sz"":""87"",""ts"":""1788310498949""}"
2026-09-02T00:55:00.764955Z,1788310500079,XAU-USDT-SWAP,sell,long,186,4324,"{""bkLoss"":""0"",""bkPx"":""4324"",""ccy"":"""",""posSide"":""long"",""side"":""sell"",""sz"":""186"",""ts"":""1788310500079""}"
2026-09-02T00:55:01.070824Z,1788310499957,XAU-USDT-SWAP,sell,long,1,4324,"{""bkLoss"":""0"",""bkPx"":""4324"",""ccy"":"""",""posSide"":""long"",""side"":""sell"",""sz"":""1"",""ts"":""1788310499957""}"
2026-09-02T00:55:34.916900Z,1788310533194,MON-USDT-SWAP,sell,long,206,0.02612,"{""bkLoss"":""0"",""bkPx"":""0.02612"",""ccy"":"""",""posSide"":""long"",""side"":""sell"",""sz"":""206"",""ts"":""1788310533194""}"
2026-09-02T00:56:43.129195Z,1788310602206,UNI-USDT-SWAP,buy,short,425,5.898,"{""bkLoss"":""0"",""bkPx"":""5.898"",""ccy"":"""",""posSide"":""short"",""side"":""buy"",""sz"":""425"",""ts"":""1788310602206""}"
2026-09-02T00:56:53.004922Z,1788310612098,UNI-USDT-SWAP,buy,short,91,5.903,"{""bkLoss"":""0"",""bkPx"":""5.903"",""ccy"":"""",""posSide"":""short"",""side"":""buy"",""sz"":""91"",""ts"":""1788310612098""}"
2026-09-02T00:56:53.157815Z,1788310611853,UNI-USDT-SWAP,buy,short,117,5.902,"{""bkLoss"":""0"",""bkPx"":""5.902"",""ccy"":"""",""posSide"":""short"",""side"":""buy"",""sz"":""117"",""ts"":""1788310611853""}"
2026-09-02T00:57:21.539094Z,1788310640484,CL-USDT-SWAP,buy,short,110,91.78,"{""bkLoss"":""0"",""bkPx"":""91.78"",""ccy"":"""",""posSide"":""short"",""side"":""buy"",""sz"":""110"",""ts"":""1788310640484""}"
2026-09-02T00:57:24.263551Z,1788310643127,BZ-USDT-SWAP,buy,short,900,96.38,"{""bkLoss"":""0"",""bkPx"":""96.38"",""ccy"":"""",""posSide"":""short"",""side"":""buy"",""sz"":""900"",""ts"":""1788310643127""}"
2026-09-02T00:57:56.471067Z,1788310675535,ZORA-USDT-SWAP,sell,long,23,0.007479,"{""bkLoss"":""0"",""bkPx"":""0.007479"",""ccy"":"""",""posSide"":""long"",""side"":""sell"",""sz"":""23"",""ts"":""1788310675535""}"
2026-09-02T00:58:20.463213Z,1788310699565,ZORA-USDT-SWAP,sell,long,101,0.007466,"{""bkLoss"":""0"",""bkPx"":""0.007466"",""ccy"":"""",""posSide"":""long"",""side"":""sell"",""sz"":""101"",""ts"":""1788310699565""}"
2026-09-02T00:58:36.205332Z,1788310715258,INJ-USDT-SWAP,sell,long,104,4.75,"{""bkLoss"":""0"",""bkPx"":""4.75"",""ccy"":"""",""posSide"":""long"",""side"":""sell"",""sz"":""104"",""ts"":""1788310715258""}"
2026-09-02T00:59:02.735363Z,1788310741777,DOGE-USDT-SWAP,sell,long,12.08,0.08116,"{""bkLoss"":""0"",""bkPx"":""0.08116"",""ccy"":"""",""posSide"":""long"",""side"":""sell"",""sz"":""12.08"",""ts"":""1788310741777""}"
2026-09-02T00:59:02.748682Z,1788310741777,BNB-USDT-SWAP,sell,long,37,683.6,"{""bkLoss"":""0"",""bkPx"":""683.6"",""ccy"":"""",""posSide"":""long"",""side"":""sell"",""sz"":""37"",""ts"":""1788310741777""}"
2026-09-02T00:59:02.759218Z,1788310741777,BTC-USDT-SWAP,sell,long,1.65,77202.4,"{""bkLoss"":""0"",""bkPx"":""77202.4"",""ccy"":"""",""posSide"":""long"",""side"":""sell"",""sz"":""1.65"",""ts"":""1788310741777""}"
2026-09-02T00:59:02.762425Z,1788310741777,PENGU-USDT-SWAP,sell,long,628,0.008391,"{""bkLoss"":""0"",""bkPx"":""0.008391"",""ccy"":"""",""posSide"":""long"",""side"":""sell"",""sz"":""628"",""ts"":""1788310741777""}"
2026-09-02T00:59:02.766218Z,1788310741777,BZ-USDT-SWAP,buy,short,1592,96.42,"{""bkLoss"":""0"",""bkPx"":""96.42"",""ccy"":"""",""posSide"":""short"",""side"":""buy"",""sz"":""1592"",""ts"":""1788310741777""}"
2026-09-02T00:59:03.504953Z,1788310742354,CL-USDT-SWAP,buy,short,10,91.85,"{""bkLoss"":""0"",""bkPx"":""91.85"",""ccy"":"""",""posSide"":""short"",""side"":""buy"",""sz"":""10"",""ts"":""1788310742354""}"
2026-09-02T00:59:04.014221Z,1788310743009,CL-USDT-SWAP,buy,short,549,91.86,"{""bkLoss"":""0"",""bkPx"":""91.86"",""ccy"":"""",""posSide"":""short"",""side"":""buy"",""sz"":""549"",""ts"":""1788310743009""}"
2026-09-02T00:59:04.202716Z,1788310743184,BZ-USDT-SWAP,buy,short,2429,96.49,"{""bkLoss"":""0"",""bkPx"":""96.49"",""ccy"":"""",""posSide"":""short"",""side"":""buy"",""sz"":""2429"",""ts"":""1788310743184""}"
2026-09-02T00:59:06.181511Z,1788310745328,XAG-USDT-SWAP,sell,long,2256,64.02,"{""bkLoss"":""0"",""bkPx"":""64.02"",""ccy"":"""",""posSide"":""long"",""side"":""sell"",""sz"":""2256"",""ts"":""1788310745328""}"
2026-09-02T00:59:06.872112Z,1788310745794,XAU-USDT-SWAP,sell,long,374,4324.3,"{""bkLoss"":""0"",""bkPx"":""4324.3"",""ccy"":"""",""posSide"":""long"",""side"":""sell"",""sz"":""374"",""ts"":""1788310745794""}"
2026-09-02T00:59:07.000071Z,1788310744710,XAG-USDT-SWAP,sell,long,200,64.06,"{""bkLoss"":""0"",""bkPx"":""64.06"",""ccy"":"""",""posSide"":""long"",""side"":""sell"",""sz"":""200"",""ts"":""1788310744710""}"
2026-09-02T00:59:08.144709Z,1788310746878,BZ-USDT-SWAP,buy,short,390,96.58,"{""bkLoss"":""0"",""bkPx"":""96.58"",""ccy"":"""",""posSide"":""short"",""side"":""buy"",""sz"":""390"",""ts"":""1788310746878""}"
2026-09-02T00:59:08.392588Z,1788310744327,CL-USDT-SWAP,buy,short,20,91.92,"{""bkLoss"":""0"",""bkPx"":""91.92"",""ccy"":"""",""posSide"":""short"",""side"":""buy"",""sz"":""20"",""ts"":""1788310744327""}"
2026-09-02T00:59:55.992991Z,1788310795053,CL-USDT-SWAP,buy,short,50,91.99,"{""bkLoss"":""0"",""bkPx"":""91.99"",""ccy"":"""",""posSide"":""short"",""side"":""buy"",""sz"":""50"",""ts"":""1788310795053""}"
2026-09-02T01:00:02.392149Z,1788310801581,ENS-USDT-SWAP,sell,long,12258,5.593,"{""bkLoss"":""0"",""bkPx"":""5.593"",""ccy"":"""",""posSide"":""long"",""side"":""sell"",""sz"":""12258"",""ts"":""1788310801581""}"
2026-09-02T01:00:02.551227Z,1788310801397,CL-USDT-SWAP,buy,short,20,92.01,"{""bkLoss"":""0"",""bkPx"":""92.01"",""ccy"":"""",""posSide"":""short"",""side"":""buy"",""sz"":""20"",""ts"":""1788310801397""}"
2026-09-02T01:00:02.829779Z,1788310801756,XAG-USDT-SWAP,sell,long,2403,63.98,"{""bkLoss"":""0"",""bkPx"":""63.98"",""ccy"":"""",""posSide"":""long"",""side"":""sell"",""sz"":""2403"",""ts"":""1788310801756""}"
2026-09-02T01:00:02.924675Z,1788310801307,BZ-USDT-SWAP,buy,short,896,96.64,"{""bkLoss"":""0"",""bkPx"":""96.64"",""ccy"":"""",""posSide"":""short"",""side"":""buy"",""sz"":""896"",""ts"":""1788310801307""}"
2026-09-02T01:00:03.373465Z,1788310802359,CL-USDT-SWAP,buy,short,8,92.04,"{""bkLoss"":""0"",""bkPx"":""92.04"",""ccy"":"""",""posSide"":""short"",""side"":""buy"",""sz"":""8"",""ts"":""1788310802359""}"
2026-09-02T01:00:03.781285Z,1788310803038,BZ-USDT-SWAP,buy,short,333,96.85,"{""bkLoss"":""0"",""bkPx"":""96.85"",""ccy"":"""",""posSide"":""short"",""side"":""buy"",""sz"":""333"",""ts"":""1788310803038""}"
2026-09-02T01:00:03.957670Z,1788310803288,CL-USDT-SWAP,buy,short,16,92.21,"{""bkLoss"":""0"",""bkPx"":""92.21"",""ccy"":"""",""posSide"":""short"",""side"":""buy"",""sz"":""16"",""ts"":""1788310803288""}"
2026-09-02T01:00:04.028916Z,1788310802358,PENGU-USDT-SWAP,sell,long,381,0.008384,"{""bkLoss"":""0"",""bkPx"":""0.008384"",""ccy"":"""",""posSide"":""long"",""side"":""sell"",""sz"":""381"",""ts"":""1788310802358""}"
2026-09-02T01:00:04.117020Z,1788310803195,DOGE-USDT-SWAP,sell,long,0.87,0.08109,"{""bkLoss"":""0"",""bkPx"":""0.08109"",""ccy"":"""",""posSide"":""long"",""side"":""sell"",""sz"":""0.87"",""ts"":""1788310803195""}"
2026-09-02T01:00:04.120672Z,1788310803195,HYPE-USDT-SWAP,buy,short,12,82.523,"{""bkLoss"":""0"",""bkPx"":""82.523"",""ccy"":"""",""posSide"":""short"",""side"":""buy"",""sz"":""12"",""ts"":""1788310803195""}"
2026-09-02T01:00:04.125035Z,1788310803195,BTC-USDT-SWAP,sell,long,0.2,77164.9,"{""bkLoss"":""0"",""bkPx"":""77164.9"",""ccy"":"""",""posSide"":""long"",""side"":""sell"",""sz"":""0.2"",""ts"":""1788310803195""}"
2026-09-02T01:00:11.831506Z,1788310810445,RKLB-USDT-SWAP,sell,long,2.45,61.42,"{""bkLoss"":""0"",""bkPx"":""61.42"",""ccy"":"""",""posSide"":""long"",""side"":""sell"",""sz"":""2.45"",""ts"":""1788310810445""}"
2026-09-02T01:00:40.576908Z,1788310839267,LA-USDT-SWAP,sell,long,34,0.06372,"{""bkLoss"":""0"",""bkPx"":""0.06372"",""ccy"":"""",""posSide"":""long"",""side"":""sell"",""sz"":""34"",""ts"":""1788310839267""}"
2026-09-02T01:01:08.418198Z,1788310867470,GPS-USDT-SWAP,sell,long,10704,0.01017,"{""bkLoss"":""0"",""bkPx"":""0.01017"",""ccy"":"""",""posSide"":""long"",""side"":""sell"",""sz"":""10704"",""ts"":""1788310867470""}"
2026-09-02T01:01:19.585856Z,1788310877438,GRASS-USDT-SWAP,sell,long,466,0.3389,"{""bkLoss"":""0"",""bkPx"":""0.3389"",""ccy"":"""",""posSide"":""long"",""side"":""sell"",""sz"":""466"",""ts"":""1788310877438""}"
2026-09-02T01:01:19.983680Z,1788310878905,XRP-USDT-SWAP,sell,long,47.62,1.3398,"{""bkLoss"":""0"",""bkPx"":""1.3398"",""ccy"":"""",""posSide"":""long"",""side"":""sell"",""sz"":""47.62"",""ts"":""1788310878905""}"
2026-09-02T01:01:24.999808Z,1788310884132,XAU-USDT-SWAP,sell,long,345,4323.5,"{""bkLoss"":""0"",""bkPx"":""4323.5"",""ccy"":"""",""posSide"":""long"",""side"":""sell"",""sz"":""345"",""ts"":""1788310884132""}"
2026-09-02T01:01:25.279924Z,1788310884288,XAG-USDT-SWAP,sell,long,44213,64,"{""bkLoss"":""0"",""bkPx"":""64"",""ccy"":"""",""posSide"":""long"",""side"":""sell"",""sz"":""44213"",""ts"":""1788310884288""}"
2026-09-02T01:01:25.927482Z,1788310885016,XAU-USDT-SWAP,sell,long,434,4323.2,"{""bkLoss"":""0"",""bkPx"":""4323.2"",""ccy"":"""",""posSide"":""long"",""side"":""sell"",""sz"":""434"",""ts"":""1788310885016""}"
2026-09-02T01:01:29.688501Z,1788310889029,XAU-USDT-SWAP,sell,long,413,4322.9,"{""bkLoss"":""0"",""bkPx"":""4322.9"",""ccy"":"""",""posSide"":""long"",""side"":""sell"",""sz"":""413"",""ts"":""1788310889029""}"
2026-09-02T01:01:30.059159Z,1788310888948,XAU-USDT-SWAP,sell,long,18,4322.9,"{""bkLoss"":""0"",""bkPx"":""4322.9"",""ccy"":"""",""posSide"":""long"",""side"":""sell"",""sz"":""18"",""ts"":""1788310888948""}"
2026-09-02T01:01:52.831196Z,1788310911737,ICX-USDT-SWAP,sell,long,862,0.00997,"{""bkLoss"":""0"",""bkPx"":""0.00997"",""ccy"":"""",""posSide"":""long"",""side"":""sell"",""sz"":""862"",""ts"":""1788310911737""}"
2026-09-02T01:02:08.711228Z,1788310927814,XAU-USDT-SWAP,sell,long,64,4322.4,"{""bkLoss"":""0"",""bkPx"":""4322.4"",""ccy"":"""",""posSide"":""long"",""side"":""sell"",""sz"":""64"",""ts"":""1788310927814""}"
2026-09-02T01:02:09.181041Z,1788310928296,XAU-USDT-SWAP,sell,long,379,4320.6,"{""bkLoss"":""0"",""bkPx"":""4320.6"",""ccy"":"""",""posSide"":""long"",""side"":""sell"",""sz"":""379"",""ts"":""1788310928296""}"
2026-09-02T01:02:09.475986Z,1788310928381,XAG-USDT-SWAP,sell,long,1245,63.95,"{""bkLoss"":""0"",""bkPx"":""63.95"",""ccy"":"""",""posSide"":""long"",""side"":""sell"",""sz"":""1245"",""ts"":""1788310928381""}"
2026-09-02T01:02:10.060927Z,1788310929125,XAU-USDT-SWAP,sell,long,6000,4318.9,"{""bkLoss"":""0"",""bkPx"":""4318.9"",""ccy"":"""",""posSide"":""long"",""side"":""sell"",""sz"":""6000"",""ts"":""1788310929125""}"
2026-09-02T01:02:10.171933Z,1788310929097,TRUMP-USDT-SWAP,sell,long,1800,2.238,"{""bkLoss"":""0"",""bkPx"":""2.238"",""ccy"":"""",""posSide"":""long"",""side"":""sell"",""sz"":""1800"",""ts"":""1788310929097""}"
2026-09-02T01:02:10.944491Z,1788310930002,XAU-USDT-SWAP,sell,long,201,4316.8,"{""bkLoss"":""0"",""bkPx"":""4316.8"",""ccy"":"""",""posSide"":""long"",""side"":""sell"",""sz"":""201"",""ts"":""1788310930002""}"
2026-09-02T01:02:12.608837Z,1788310931347,XRP-USDT-SWAP,sell,long,3.07,1.3392,"{""bkLoss"":""0"",""bkPx"":""1.3392"",""ccy"":"""",""posSide"":""long"",""side"":""sell"",""sz"":""3.07"",""ts"":""1788310931347""}"
2026-09-02T01:02:14.703242Z,1788310933354,XAU-USDT-SWAP,sell,long,22,4316.3,"{""bkLoss"":""0"",""bkPx"":""4316.3"",""ccy"":"""",""posSide"":""long"",""side"":""sell"",""sz"":""22"",""ts"":""1788310933354""}"
2026-09-02T01:02:15.816859Z,1788310934986,XAU-USDT-SWAP,sell,long,3092,4315.9,"{""bkLoss"":""0"",""bkPx"":""4315.9"",""ccy"":"""",""posSide"":""long"",""side"":""sell"",""sz"":""3092"",""ts"":""1788310934986""}"
2026-09-02T01:02:39.800104Z,1788310958314,JTO-USDT-SWAP,sell,long,134,0.4197,"{""bkLoss"":""0"",""bkPx"":""0.4197"",""ccy"":"""",""posSide"":""long"",""side"":""sell"",""sz"":""134"",""ts"":""1788310958314""}"
2026-09-02T01:03:04.353556Z,1788310983345,DASH-USDT-SWAP,sell,long,213,42.68,"{""bkLoss"":""0"",""bkPx"":""42.68"",""ccy"":"""",""posSide"":""long"",""side"":""sell"",""sz"":""213"",""ts"":""1788310983345""}"
2026-09-02T01:03:05.109896Z,1788310983803,PENGU-USDT-SWAP,sell,long,846,0.008348,"{""bkLoss"":""0"",""bkPx"":""0.008348"",""ccy"":"""",""posSide"":""long"",""side"":""sell"",""sz"":""846"",""ts"":""1788310983803""}"
2026-09-02T01:03:17.225937Z,1788310996164,RLS-USDT-SWAP,sell,long,170,0.001855,"{""bkLoss"":""0"",""bkPx"":""0.001855"",""ccy"":"""",""posSide"":""long"",""side"":""sell"",""sz"":""170"",""ts"":""1788310996164""}"
2026-09-02T01:04:45.732341Z,1788311084322,TIA-USDT-SWAP,sell,long,1388,0.3502,"{""bkLoss"":""0"",""bkPx"":""0.3502"",""ccy"":"""",""posSide"":""long"",""side"":""sell"",""sz"":""1388"",""ts"":""1788311084322""}"
2026-09-02T01:04:56.068481Z,1788311094675,AR-USDT-SWAP,sell,long,7225,2.203,"{""bkLoss"":""0"",""bkPx"":""2.203"",""ccy"":"""",""posSide"":""long"",""side"":""sell"",""sz"":""7225"",""ts"":""1788311094675""}"
2026-09-02T01:05:08.987788Z,1788311108035,XAU-USDT-SWAP,sell,long,329,4315.7,"{""bkLoss"":""0"",""bkPx"":""4315.7"",""ccy"":"""",""posSide"":""long"",""side"":""sell"",""sz"":""329"",""ts"":""1788311108035""}"
2026-09-02T01:05:09.246837Z,1788311107937,XAU-USDT-SWAP,sell,long,100,4315.7,"{""bkLoss"":""0"",""bkPx"":""4315.7"",""ccy"":"""",""posSide"":""long"",""side"":""sell"",""sz"":""100"",""ts"":""1788311107937""}"
2026-09-02T01:05:10.073205Z,1788311109179,XAU-USDT-SWAP,sell,long,4048,4315.2,"{""bkLoss"":""0"",""bkPx"":""4315.2"",""ccy"":"""",""posSide"":""long"",""side"":""sell"",""sz"":""4048"",""ts"":""1788311109179""}"
2026-09-02T01:05:12.146882Z,1788311110670,XAU-USDT-SWAP,sell,long,183,4315,"{""bkLoss"":""0"",""bkPx"":""4315"",""ccy"":"""",""posSide"":""long"",""side"":""sell"",""sz"":""183"",""ts"":""1788311110670""}"
2026-09-02T01:05:16.823560Z,1788311116354,AR-USDT-SWAP,sell,long,50,2.198,"{""bkLoss"":""0"",""bkPx"":""2.198"",""ccy"":"""",""posSide"":""long"",""side"":""sell"",""sz"":""50"",""ts"":""1788311116354""}"
2026-09-02T01:05:30.196483Z,1788311129404,XAU-USDT-SWAP,sell,long,114,4314.8,"{""bkLoss"":""0"",""bkPx"":""4314.8"",""ccy"":"""",""posSide"":""long"",""side"":""sell"",""sz"":""114"",""ts"":""1788311129404""}"
2026-09-02T01:05:31.279105Z,1788311130299,XAU-USDT-SWAP,sell,long,2033,4314.5,"{""bkLoss"":""0"",""bkPx"":""4314.5"",""ccy"":"""",""posSide"":""long"",""side"":""sell"",""sz"":""2033"",""ts"":""1788311130299""}"
2026-09-02T01:05:31.718121Z,1788311130621,JTO-USDT-SWAP,sell,long,167,0.4169,"{""bkLoss"":""0"",""bkPx"":""0.4169"",""ccy"":"""",""posSide"":""long"",""side"":""sell"",""sz"":""167"",""ts"":""1788311130621""}"
2026-09-02T01:05:32.604899Z,1788311131265,JTO-USDT-SWAP,sell,long,10000,0.4164,"{""bkLoss"":""0"",""bkPx"":""0.4164"",""ccy"":"""",""posSide"":""long"",""side"":""sell"",""sz"":""10000"",""ts"":""1788311131265""}"
2026-09-02T01:05:33.303976Z,1788311131895,XRP-USDT-SWAP,sell,long,0.25,1.3391,"{""bkLoss"":""0"",""bkPx"":""1.3391"",""ccy"":"""",""posSide"":""long"",""side"":""sell"",""sz"":""0.25"",""ts"":""1788311131895""}"
2026-09-02T01:05:33.511138Z,1788311132099,AR-USDT-SWAP,sell,long,8829,2.196,"{""bkLoss"":""0"",""bkPx"":""2.196"",""ccy"":"""",""posSide"":""long"",""side"":""sell"",""sz"":""8829"",""ts"":""1788311132099""}"
2026-09-02T01:05:36.063737Z,1788311134748,XAU-USDT-SWAP,sell,long,2305,4314,"{""bkLoss"":""0"",""bkPx"":""4314"",""ccy"":"""",""posSide"":""long"",""side"":""sell"",""sz"":""2305"",""ts"":""1788311134748""}"
2026-09-02T01:05:36.804507Z,1788311135040,UNI-USDT-SWAP,sell,long,276,5.844,"{""bkLoss"":""0"",""bkPx"":""5.844"",""ccy"":"""",""posSide"":""long"",""side"":""sell"",""sz"":""276"",""ts"":""1788311135040""}"
2026-09-02T01:05:37.979155Z,1788311137060,XAU-USDT-SWAP,sell,long,350,4313.9,"{""bkLoss"":""0"",""bkPx"":""4313.9"",""ccy"":"""",""posSide"":""long"",""side"":""sell"",""sz"":""350"",""ts"":""1788311137060""}"
2026-09-02T01:05:39.749190Z,1788311138726,XAU-USDT-SWAP,sell,long,2749,4313.5,"{""bkLoss"":""0"",""bkPx"":""4313.5"",""ccy"":"""",""posSide"":""long"",""side"":""sell"",""sz"":""2749"",""ts"":""1788311138726""}"
2026-09-02T01:05:40.846132Z,1788311139623,XAG-USDT-SWAP,sell,long,9014,63.94,"{""bkLoss"":""0"",""bkPx"":""63.94"",""ccy"":"""",""posSide"":""long"",""side"":""sell"",""sz"":""9014"",""ts"":""1788311139623""}"
2026-09-02T01:05:44.007884Z,1788311143180,XAU-USDT-SWAP,sell,long,2928,4313.1,"{""bkLoss"":""0"",""bkPx"":""4313.1"",""ccy"":"""",""posSide"":""long"",""side"":""sell"",""sz"":""2928"",""ts"":""1788311143180""}"
2026-09-02T01:05:44.728811Z,1788311143552,XAG-USDT-SWAP,sell,long,2,63.92,"{""bkLoss"":""0"",""bkPx"":""63.92"",""ccy"":"""",""posSide"":""long"",""side"":""sell"",""sz"":""2"",""ts"":""1788311143552""}"
2026-09-02T01:05:45.428146Z,1788311144012,XAU-USDT-SWAP,sell,long,94,4312.3,"{""bkLoss"":""0"",""bkPx"":""4312.3"",""ccy"":"""",""posSide"":""long"",""side"":""sell"",""sz"":""94"",""ts"":""1788311144012""}"
2026-09-02T01:05:47.308802Z,1788311146087,XAU-USDT-SWAP,sell,long,39,4311.7,"{""bkLoss"":""0"",""bkPx"":""4311.7"",""ccy"":"""",""posSide"":""long"",""side"":""sell"",""sz"":""39"",""ts"":""1788311146087""}"
2026-09-02T01:06:02.758161Z,1788311162093,XAU-USDT-SWAP,sell,long,3226,4311.3,"{""bkLoss"":""0"",""bkPx"":""4311.3"",""ccy"":"""",""posSide"":""long"",""side"":""sell"",""sz"":""3226"",""ts"":""1788311162093""}"
2026-09-02T01:06:52.037351Z,1788311210504,LA-USDT-SWAP,sell,long,1531,0.06328,"{""bkLoss"":""0"",""bkPx"":""0.06328"",""ccy"":"""",""posSide"":""long"",""side"":""sell"",""sz"":""1531"",""ts"":""1788311210504""}"
2026-09-02T01:08:46.174889Z,1788311325345,ICP-USDT-SWAP,sell,long,48158,2.44,"{""bkLoss"":""0"",""bkPx"":""2.44"",""ccy"":"""",""posSide"":""long"",""side"":""sell"",""sz"":""48158"",""ts"":""1788311325345""}"
2026-09-02T01:08:48.770766Z,1788311327591,SOL-USDT-SWAP,sell,long,0.84,99.5,"{""bkLoss"":""0"",""bkPx"":""99.5"",""ccy"":"""",""posSide"":""long"",""side"":""sell"",""sz"":""0.84"",""ts"":""1788311327591""}"
2026-09-02T01:08:50.207835Z,1788311328780,TAO-USDT-SWAP,sell,long,369,217.2,"{""bkLoss"":""0"",""bkPx"":""217.2"",""ccy"":"""",""posSide"":""long"",""side"":""sell"",""sz"":""369"",""ts"":""1788311328780""}"
2026-09-02T01:08:51.311836Z,1788311330509,0G-USDT-SWAP,sell,long,400,0.1859,"{""bkLoss"":""0"",""bkPx"":""0.1859"",""ccy"":"""",""posSide"":""long"",""side"":""sell"",""sz"":""400"",""ts"":""1788311330509""}"
2026-09-02T01:08:54.261755Z,1788311333178,TAO-USDT-SWAP,sell,long,500,217.1,"{""bkLoss"":""0"",""bkPx"":""217.1"",""ccy"":"""",""posSide"":""long"",""side"":""sell"",""sz"":""500"",""ts"":""1788311333178""}"
2026-09-02T01:10:04.921689Z,1788311403807,XAG-USDT-SWAP,sell,long,209,63.89,"{""bkLoss"":""0"",""bkPx"":""63.89"",""ccy"":"""",""posSide"":""long"",""side"":""sell"",""sz"":""209"",""ts"":""1788311403807""}"
2026-09-02T01:12:11.883960Z,1788311530614,DOS-USDT-SWAP,buy,short,779,0.2622,"{""bkLoss"":""0"",""bkPx"":""0.2622"",""ccy"":"""",""posSide"":""short"",""side"":""buy"",""sz"":""779"",""ts"":""1788311530614""}"
2026-09-02T01:12:52.652166Z,1788311571030,CRV-USDT-SWAP,buy,short,1,0.3725,"{""bkLoss"":""0"",""bkPx"":""0.3725"",""ccy"":"""",""posSide"":""short"",""side"":""buy"",""sz"":""1"",""ts"":""1788311571030""}"
2026-09-02T01:13:36.671798Z,1788311615530,FIL-USDT-SWAP,sell,long,13398,0.7709,"{""bkLoss"":""0"",""bkPx"":""0.7709"",""ccy"":"""",""posSide"":""long"",""side"":""sell"",""sz"":""13398"",""ts"":""1788311615530""}"
2026-09-02T01:14:09.897764Z,1788311648702,ARB-USDT-SWAP,buy,short,32.8,0.10908,"{""bkLoss"":""0"",""bkPx"":""0.10908"",""ccy"":"""",""posSide"":""short"",""side"":""buy"",""sz"":""32.8"",""ts"":""1788311648702""}"
2026-09-02T01:14:13.908150Z,1788311652925,ARB-USDT-SWAP,buy,short,18.6,0.10914,"{""bkLoss"":""0"",""bkPx"":""0.10914"",""ccy"":"""",""posSide"":""short"",""side"":""buy"",""sz"":""18.6"",""ts"":""1788311652925""}"
2026-09-02T01:14:15.088534Z,1788311654050,ARB-USDT-SWAP,buy,short,304.7,0.10916,"{""bkLoss"":""0"",""bkPx"":""0.10916"",""ccy"":"""",""posSide"":""short"",""side"":""buy"",""sz"":""304.7"",""ts"":""1788311654050""}"
2026-09-02T01:14:55.501908Z,1788311694430,LA-USDT-SWAP,buy,short,1,0.06536,"{""bkLoss"":""0"",""bkPx"":""0.06536"",""ccy"":"""",""posSide"":""short"",""side"":""buy"",""sz"":""1"",""ts"":""1788311694430""}"
2026-09-02T01:14:56.603189Z,1788311695301,LA-USDT-SWAP,buy,short,1092,0.06538,"{""bkLoss"":""0"",""bkPx"":""0.06538"",""ccy"":"""",""posSide"":""short"",""side"":""buy"",""sz"":""1092"",""ts"":""1788311695301""}"
2026-09-02T01:16:21.667613Z,1788311780273,FIL-USDT-SWAP,sell,long,1107,0.7688,"{""bkLoss"":""0"",""bkPx"":""0.7688"",""ccy"":"""",""posSide"":""long"",""side"":""sell"",""sz"":""1107"",""ts"":""1788311780273""}"
2026-09-02T01:17:12.085250Z,1788311830974,PYTH-USDT-SWAP,sell,long,798,0.05354,"{""bkLoss"":""0"",""bkPx"":""0.05354"",""ccy"":"""",""posSide"":""long"",""side"":""sell"",""sz"":""798"",""ts"":""1788311830974""}"
2026-09-02T01:17:52.397593Z,1788311870998,MORPHO-USDT-SWAP,buy,short,1448,2.6328,"{""bkLoss"":""0"",""bkPx"":""2.6328"",""ccy"":"""",""posSide"":""short"",""side"":""buy"",""sz"":""1448"",""ts"":""1788311870998""}"
2026-09-02T01:18:01.491692Z,1788311880357,ICX-USDT-SWAP,sell,long,1,0.00993,"{""bkLoss"":""0"",""bkPx"":""0.00993"",""ccy"":"""",""posSide"":""long"",""side"":""sell"",""sz"":""1"",""ts"":""1788311880357""}"
2026-09-02T01:18:14.418164Z,1788311893295,TRUMP-USDT-SWAP,buy,short,170,2.261,"{""bkLoss"":""0"",""bkPx"":""2.261"",""ccy"":"""",""posSide"":""short"",""side"":""buy"",""sz"":""170"",""ts"":""1788311893295""}"
2026-09-02T01:18:56.093554Z,1788311934788,ARB-USDT-SWAP,buy,short,702.3,0.10968,"{""bkLoss"":""0"",""bkPx"":""0.10968"",""ccy"":"""",""posSide"":""short"",""side"":""buy"",""sz"":""702.3"",""ts"":""1788311934788""}"
2026-09-02T01:18:56.097356Z,1788311935000,ARB-USDT-SWAP,buy,short,15.1,0.10972,"{""bkLoss"":""0"",""bkPx"":""0.10972"",""ccy"":"""",""posSide"":""short"",""side"":""buy"",""sz"":""15.1"",""ts"":""1788311935000""}"
2026-09-02T01:19:29.885091Z,1788311968862,0G-USDT-SWAP,sell,long,278,0.1857,"{""bkLoss"":""0"",""bkPx"":""0.1857"",""ccy"":"""",""posSide"":""long"",""side"":""sell"",""sz"":""278"",""ts"":""1788311968862""}"
2026-09-02T01:19:42.695943Z,1788311982108,TRIA-USDT-SWAP,sell,long,542,0.003777,"{""bkLoss"":""0"",""bkPx"":""0.003777"",""ccy"":"""",""posSide"":""long"",""side"":""sell"",""sz"":""542"",""ts"":""1788311982108""}"
2026-09-02T01:19:43.849075Z,1788311982514,0G-USDT-SWAP,sell,long,569,0.1852,"{""bkLoss"":""0"",""bkPx"":""0.1852"",""ccy"":"""",""posSide"":""long"",""side"":""sell"",""sz"":""569"",""ts"":""1788311982514""}"
2026-09-02T01:19:52.649008Z,1788311991349,BICO-USDT-SWAP,buy,short,46315,0.02267,"{""bkLoss"":""0"",""bkPx"":""0.02267"",""ccy"":"""",""posSide"":""short"",""side"":""buy"",""sz"":""46315"",""ts"":""1788311991349""}"
2026-09-02T01:20:09.462079Z,1788312008493,ARB-USDT-SWAP,buy,short,328.8,0.10994,"{""bkLoss"":""0"",""bkPx"":""0.10994"",""ccy"":"""",""posSide"":""short"",""side"":""buy"",""sz"":""328.8"",""ts"":""1788312008493""}"
2026-09-02T01:20:40.746202Z,1788312039364,ICX-USDT-SWAP,sell,long,378,0.00986,"{""bkLoss"":""0"",""bkPx"":""0.00986"",""ccy"":"""",""posSide"":""long"",""side"":""sell"",""sz"":""378"",""ts"":""1788312039364""}"
2026-09-02T01:21:14.648114Z,1788312073351,BICO-USDT-SWAP,buy,short,9899,0.02281,"{""bkLoss"":""0"",""bkPx"":""0.02281"",""ccy"":"""",""posSide"":""short"",""side"":""buy"",""sz"":""9899"",""ts"":""1788312073351""}"
2026-09-02T01:22:26.509582Z,1788312145393,BICO-USDT-SWAP,buy,short,7,0.02294,"{""bkLoss"":""0"",""bkPx"":""0.02294"",""ccy"":"""",""posSide"":""short"",""side"":""buy"",""sz"":""7"",""ts"":""1788312145393""}"
2026-09-02T01:22:26.673116Z,1788312145401,SIGN-USDT-SWAP,buy,short,323,0.009082,"{""bkLoss"":""0"",""bkPx"":""0.009082"",""ccy"":"""",""posSide"":""short"",""side"":""buy"",""sz"":""323"",""ts"":""1788312145401""}"
2026-09-02T01:23:05.083706Z,1788312184163,NEAR-USDT-SWAP,sell,long,0.2,1.852,"{""bkLoss"":""0"",""bkPx"":""1.852"",""ccy"":"""",""posSide"":""long"",""side"":""sell"",""sz"":""0.2"",""ts"":""1788312184163""}"
2026-09-02T01:23:07.888062Z,1788312187150,CXMT-USDT-SWAP,sell,long,66,8.2,"{""bkLoss"":""0"",""bkPx"":""8.2"",""ccy"":"""",""posSide"":""long"",""side"":""sell"",""sz"":""66"",""ts"":""1788312187150""}"
2026-09-02T01:23:55.700806Z,1788312234691,PUMP-USDT-SWAP,sell,long,40,0.004318,"{""bkLoss"":""0"",""bkPx"":""0.004318"",""ccy"":"""",""posSide"":""long"",""side"":""sell"",""sz"":""40"",""ts"":""1788312234691""}"
2026-09-02T01:25:06.368067Z,1788312305378,PYTH-USDT-SWAP,buy,short,351,0.05394,"{""bkLoss"":""0"",""bkPx"":""0.05394"",""ccy"":"""",""posSide"":""short"",""side"":""buy"",""sz"":""351"",""ts"":""1788312305378""}"
2026-09-02T01:26:11.205132Z,1788312370062,NOT-USDT-SWAP,sell,long,5005,0.0004363,"{""bkLoss"":""0"",""bkPx"":""0.0004363"",""ccy"":"""",""posSide"":""long"",""side"":""sell"",""sz"":""5005"",""ts"":""1788312370062""}"
2026-09-02T01:27:04.402929Z,1788312423238,APR-USDT-SWAP,buy,short,184,0.2056,"{""bkLoss"":""0"",""bkPx"":""0.2056"",""ccy"":"""",""posSide"":""short"",""side"":""buy"",""sz"":""184"",""ts"":""1788312423238""}"
2026-09-02T01:27:42.566556Z,1788312461562,PUMP-USDT-SWAP,sell,long,91,0.004314,"{""bkLoss"":""0"",""bkPx"":""0.004314"",""ccy"":"""",""posSide"":""long"",""side"":""sell"",""sz"":""91"",""ts"":""1788312461562""}"
2026-09-02T01:28:10.117844Z,1788312489245,LIT-USDT-SWAP,sell,long,157,3.5193,"{""bkLoss"":""0"",""bkPx"":""3.5193"",""ccy"":"""",""posSide"":""long"",""side"":""sell"",""sz"":""157"",""ts"":""1788312489245""}"
2026-09-02T01:28:38.832568Z,1788312515839,PUMP-USDT-SWAP,sell,long,457,0.004312,"{""bkLoss"":""0"",""bkPx"":""0.004312"",""ccy"":"""",""posSide"":""long"",""side"":""sell"",""sz"":""457"",""ts"":""1788312515839""}"
2026-09-02T01:29:39.035273Z,1788312577833,WLD-USDT-SWAP,sell,long,5948,0.3588,"{""bkLoss"":""0"",""bkPx"":""0.3588"",""ccy"":"""",""posSide"":""long"",""side"":""sell"",""sz"":""5948"",""ts"":""1788312577833""}"
2026-09-02T01:29:53.403713Z,1788312592395,NEAR-USDT-SWAP,sell,long,53.5,1.848,"{""bkLoss"":""0"",""bkPx"":""1.848"",""ccy"":"""",""posSide"":""long"",""side"":""sell"",""sz"":""53.5"",""ts"":""1788312592395""}"
2026-09-02T01:29:56.776096Z,1788312595117,APT-USDT-SWAP,sell,long,612,0.5394,"{""bkLoss"":""0"",""bkPx"":""0.5394"",""ccy"":"""",""posSide"":""long"",""side"":""sell"",""sz"":""612"",""ts"":""1788312595117""}"
2026-09-02T01:30:05.664269Z,1788312604214,LIT-USDT-SWAP,sell,long,1591,3.5108,"{""bkLoss"":""0"",""bkPx"":""3.5108"",""ccy"":"""",""posSide"":""long"",""side"":""sell"",""sz"":""1591"",""ts"":""1788312604214""}"
2026-09-02T01:30:20.751289Z,1788312619423,SOL-USDT-SWAP,sell,long,0.01,99.43,"{""bkLoss"":""0"",""bkPx"":""99.43"",""ccy"":"""",""posSide"":""long"",""side"":""sell"",""sz"":""0.01"",""ts"":""1788312619423""}"
2026-09-02T01:31:09.815739Z,1788312668669,XIAOMI-USDT-SWAP,sell,long,228,3.509,"{""bkLoss"":""0"",""bkPx"":""3.509"",""ccy"":"""",""posSide"":""long"",""side"":""sell"",""sz"":""228"",""ts"":""1788312668669""}"
2026-09-02T01:31:30.266198Z,1788312689088,XIAOMI-USDT-SWAP,sell,long,2,3.504,"{""bkLoss"":""0"",""bkPx"":""3.504"",""ccy"":"""",""posSide"":""long"",""side"":""sell"",""sz"":""2"",""ts"":""1788312689088""}"
2026-09-02T01:32:14.845125Z,1788312733901,LA-USDT-SWAP,sell,long,6,0.06324,"{""bkLoss"":""0"",""bkPx"":""0.06324"",""ccy"":"""",""posSide"":""long"",""side"":""sell"",""sz"":""6"",""ts"":""1788312733901""}"
2026-09-02T01:32:16.131920Z,1788312734945,LA-USDT-SWAP,sell,long,101,0.06314,"{""bkLoss"":""0"",""bkPx"":""0.06314"",""ccy"":"""",""posSide"":""long"",""side"":""sell"",""sz"":""101"",""ts"":""1788312734945""}"
2026-09-02T01:32:17.113576Z,1788312736348,LA-USDT-SWAP,sell,long,445,0.06277,"{""bkLoss"":""0"",""bkPx"":""0.06277"",""ccy"":"""",""posSide"":""long"",""side"":""sell"",""sz"":""445"",""ts"":""1788312736348""}"
2026-09-02T01:32:27.751967Z,1788312746568,XIAOMI-USDT-SWAP,sell,long,172,3.501,"{""bkLoss"":""0"",""bkPx"":""3.501"",""ccy"":"""",""posSide"":""long"",""side"":""sell"",""sz"":""172"",""ts"":""1788312746568""}"
2026-09-02T01:32:39.610239Z,1788312758820,BTC-USDT-SWAP,sell,long,0.01,77084.3,"{""bkLoss"":""0"",""bkPx"":""77084.3"",""ccy"":"""",""posSide"":""long"",""side"":""sell"",""sz"":""0.01"",""ts"":""1788312758820""}"
2026-09-02T01:32:40.597172Z,1788312759321,XAG-USDT-SWAP,sell,long,98,63.88,"{""bkLoss"":""0"",""bkPx"":""63.88"",""ccy"":"""",""posSide"":""long"",""side"":""sell"",""sz"":""98"",""ts"":""1788312759321""}"
2026-09-02T01:32:47.017832Z,1788312765746,XAG-USDT-SWAP,sell,long,8081,63.87,"{""bkLoss"":""0"",""bkPx"":""63.87"",""ccy"":"""",""posSide"":""long"",""side"":""sell"",""sz"":""8081"",""ts"":""1788312765746""}"
2026-09-02T01:33:08.936996Z,1788312787768,CXMT-USDT-SWAP,sell,long,241,8.16,"{""bkLoss"":""0"",""bkPx"":""8.16"",""ccy"":"""",""posSide"":""long"",""side"":""sell"",""sz"":""241"",""ts"":""1788312787768""}"
2026-09-02T01:33:18.652971Z,1788312797325,NOT-USDT-SWAP,sell,long,2796,0.0004347,"{""bkLoss"":""0"",""bkPx"":""0.0004347"",""ccy"":"""",""posSide"":""long"",""side"":""sell"",""sz"":""2796"",""ts"":""1788312797325""}"
2026-09-02T01:33:25.228115Z,1788312804431,XIAOMI-USDT-SWAP,sell,long,1086,3.498,"{""bkLoss"":""0"",""bkPx"":""3.498"",""ccy"":"""",""posSide"":""long"",""side"":""sell"",""sz"":""1086"",""ts"":""1788312804431""}"
2026-09-02T01:33:26.139032Z,1788312805159,UNITREE-USDT-SWAP,sell,long,3.7,82.72,"{""bkLoss"":""0"",""bkPx"":""82.72"",""ccy"":"""",""posSide"":""long"",""side"":""sell"",""sz"":""3.7"",""ts"":""1788312805159""}"
2026-09-02T01:33:26.147614Z,1788312805159,TRUMP-USDT-SWAP,sell,long,1139,2.251,"{""bkLoss"":""0"",""bkPx"":""2.251"",""ccy"":"""",""posSide"":""long"",""side"":""sell"",""sz"":""1139"",""ts"":""1788312805159""}"
2026-09-02T01:33:26.152795Z,1788312805159,NVDA-USDT-SWAP,sell,long,0.76,217.57,"{""bkLoss"":""0"",""bkPx"":""217.57"",""ccy"":"""",""posSide"":""long"",""side"":""sell"",""sz"":""0.76"",""ts"":""1788312805159""}"
2026-09-02T01:33:26.155102Z,1788312805159,XAU-USDT-SWAP,sell,long,171,4319.4,"{""bkLoss"":""0"",""bkPx"":""4319.4"",""ccy"":"""",""posSide"":""long"",""side"":""sell"",""sz"":""171"",""ts"":""1788312805159""}"
2026-09-02T01:33:26.158640Z,1788312805159,XIAOMI-USDT-SWAP,sell,long,27,3.497,"{""bkLoss"":""0"",""bkPx"":""3.497"",""ccy"":"""",""posSide"":""long"",""side"":""sell"",""sz"":""27"",""ts"":""1788312805159""}"
2026-09-02T01:33:29.172909Z,1788312807760,XIAOMI-USDT-SWAP,sell,long,4,3.484,"{""bkLoss"":""0"",""bkPx"":""3.484"",""ccy"":"""",""posSide"":""long"",""side"":""sell"",""sz"":""4"",""ts"":""1788312807760""}"
2026-09-02T01:33:29.521782Z,1788312808098,XIAOMI-USDT-SWAP,sell,long,388,3.482,"{""bkLoss"":""0"",""bkPx"":""3.482"",""ccy"":"""",""posSide"":""long"",""side"":""sell"",""sz"":""388"",""ts"":""1788312808098""}"
2026-09-02T01:33:30.855668Z,1788312810179,XIAOMI-USDT-SWAP,sell,long,191,3.475,"{""bkLoss"":""0"",""bkPx"":""3.475"",""ccy"":"""",""posSide"":""long"",""side"":""sell"",""sz"":""191"",""ts"":""1788312810179""}"
2026-09-02T01:33:33.413636Z,1788312812447,UNITREE-USDT-SWAP,sell,long,0.22,82.56,"{""bkLoss"":""0"",""bkPx"":""82.56"",""ccy"":"""",""posSide"":""long"",""side"":""sell"",""sz"":""0.22"",""ts"":""1788312812447""}"
2026-09-02T01:33:41.381065Z,1788312820221,NEAR-USDT-SWAP,sell,long,45.3,1.846,"{""bkLoss"":""0"",""bkPx"":""1.846"",""ccy"":"""",""posSide"":""long"",""side"":""sell"",""sz"":""45.3"",""ts"":""1788312820221""}"
2026-09-02T01:33:42.664095Z,1788312821394,NEAR-USDT-SWAP,sell,long,2.4,1.845,"{""bkLoss"":""0"",""bkPx"":""1.845"",""ccy"":"""",""posSide"":""long"",""side"":""sell"",""sz"":""2.4"",""ts"":""1788312821394""}"
2026-09-02T01:33:59.954220Z,1788312839176,XAG-USDT-SWAP,sell,long,36926,63.85,"{""bkLoss"":""0"",""bkPx"":""63.85"",""ccy"":"""",""posSide"":""long"",""side"":""sell"",""sz"":""36926"",""ts"":""1788312839176""}"
2026-09-02T01:34:00.862270Z,1788312840021,XAG-USDT-SWAP,sell,long,774,63.84,"{""bkLoss"":""0"",""bkPx"":""63.84"",""ccy"":"""",""posSide"":""long"",""side"":""sell"",""sz"":""774"",""ts"":""1788312840021""}"
2026-09-02T01:34:03.108142Z,1788312841917,XAG-USDT-SWAP,sell,long,539,63.81,"{""bkLoss"":""0"",""bkPx"":""63.81"",""ccy"":"""",""posSide"":""long"",""side"":""sell"",""sz"":""539"",""ts"":""1788312841917""}"
2026-09-02T01:34:06.406137Z,1788312845011,UNITREE-USDT-SWAP,sell,long,0.88,82.32,"{""bkLoss"":""0"",""bkPx"":""82.32"",""ccy"":"""",""posSide"":""long"",""side"":""sell"",""sz"":""0.88"",""ts"":""1788312845011""}"
2026-09-02T01:34:10.138831Z,1788312849330,XAG-USDT-SWAP,sell,long,7,63.79,"{""bkLoss"":""0"",""bkPx"":""63.79"",""ccy"":"""",""posSide"":""long"",""side"":""sell"",""sz"":""7"",""ts"":""1788312849330""}"
2026-09-02T01:34:11.268656Z,1788312850147,EGLD-USDT-SWAP,buy,short,101,4.066,"{""bkLoss"":""0"",""bkPx"":""4.066"",""ccy"":"""",""posSide"":""short"",""side"":""buy"",""sz"":""101"",""ts"":""1788312850147""}"
2026-09-02T01:34:15.147280Z,1788312853787,BTC-USDT-SWAP,sell,long,10.51,77083.4,"{""bkLoss"":""0"",""bkPx"":""77083.4"",""ccy"":"""",""posSide"":""long"",""side"":""sell"",""sz"":""10.51"",""ts"":""1788312853787""}"
2026-09-02T01:34:20.416898Z,1788312858634,CXMT-USDT-SWAP,sell,long,5,8.15,"{""bkLoss"":""0"",""bkPx"":""8.15"",""ccy"":"""",""posSide"":""long"",""side"":""sell"",""sz"":""5"",""ts"":""1788312858634""}"
2026-09-02T01:34:20.878079Z,1788312860104,BTC-USDT-SWAP,sell,long,0.31,77073.9,"{""bkLoss"":""0"",""bkPx"":""77073.9"",""ccy"":"""",""posSide"":""long"",""side"":""sell"",""sz"":""0.31"",""ts"":""1788312860104""}"
2026-09-02T01:34:24.399758Z,1788312863221,BTC-USDT-SWAP,sell,long,1.81,77068.7,"{""bkLoss"":""0"",""bkPx"":""77068.7"",""ccy"":"""",""posSide"":""long"",""side"":""sell"",""sz"":""1.81"",""ts"":""1788312863221""}"
2026-09-02T01:34:29.010797Z,1788312867606,BTC-USDT-SWAP,sell,long,2.13,77064.1,"{""bkLoss"":""0"",""bkPx"":""77064.1"",""ccy"":"""",""posSide"":""long"",""side"":""sell"",""sz"":""2.13"",""ts"":""1788312867606""}"
2026-09-02T01:34:31.835857Z,1788312870563,XAG-USDT-SWAP,sell,long,4324,63.77,"{""bkLoss"":""0"",""bkPx"":""63.77"",""ccy"":"""",""posSide"":""long"",""side"":""sell"",""sz"":""4324"",""ts"":""1788312870563""}"
2026-09-02T01:34:34.022094Z,1788312872418,XIAOMI-USDT-SWAP,sell,long,1600,3.466,"{""bkLoss"":""0"",""bkPx"":""3.466"",""ccy"":"""",""posSide"":""long"",""side"":""sell"",""sz"":""1600"",""ts"":""1788312872418""}"
2026-09-02T01:34:36.544846Z,1788312875528,XIAOMI-USDT-SWAP,sell,long,2499,3.46,"{""bkLoss"":""0"",""bkPx"":""3.46"",""ccy"":"""",""posSide"":""long"",""side"":""sell"",""sz"":""2499"",""ts"":""1788312875528""}"
2026-09-02T01:34:37.327677Z,1788312876517,JUP-USDT-SWAP,sell,long,96,0.2099,"{""bkLoss"":""0"",""bkPx"":""0.2099"",""ccy"":"""",""posSide"":""long"",""side"":""sell"",""sz"":""96"",""ts"":""1788312876517""}"
2026-09-02T01:34:37.801835Z,1788312876828,XIAOMI-USDT-SWAP,sell,long,565,3.457,"{""bkLoss"":""0"",""bkPx"":""3.457"",""ccy"":"""",""posSide"":""long"",""side"":""sell"",""sz"":""565"",""ts"":""1788312876828""}"
2026-09-02T01:34:37.915177Z,1788312876329,NEAR-USDT-SWAP,sell,long,17.6,1.84,"{""bkLoss"":""0"",""bkPx"":""1.84"",""ccy"":"""",""posSide"":""long"",""side"":""sell"",""sz"":""17.6"",""ts"":""1788312876329""}"
2026-09-02T01:34:40.527618Z,1788312879859,AR-USDT-SWAP,sell,long,961,2.192,"{""bkLoss"":""0"",""bkPx"":""2.192"",""ccy"":"""",""posSide"":""long"",""side"":""sell"",""sz"":""961"",""ts"":""1788312879859""}"
2026-09-02T01:34:40.716783Z,1788312879704,BTC-USDT-SWAP,sell,long,0.06,77053.8,"{""bkLoss"":""0"",""bkPx"":""77053.8"",""ccy"":"""",""posSide"":""long"",""side"":""sell"",""sz"":""0.06"",""ts"":""1788312879704""}"
2026-09-02T01:34:40.817308Z,1788312879728,DASH-USDT-SWAP,sell,long,774,42.61,"{""bkLoss"":""0"",""bkPx"":""42.61"",""ccy"":"""",""posSide"":""long"",""side"":""sell"",""sz"":""774"",""ts"":""1788312879728""}"
2026-09-02T01:34:58.758957Z,1788312897565,BTC-USDT-SWAP,sell,long,0.84,77040.6,"{""bkLoss"":""0"",""bkPx"":""77040.6"",""ccy"":"""",""posSide"":""long"",""side"":""sell"",""sz"":""0.84"",""ts"":""1788312897565""}"
2026-09-02T01:35:02.500742Z,1788312901652,BTC-USDT-SWAP,sell,long,2.58,77026.4,"{""bkLoss"":""0"",""bkPx"":""77026.4"",""ccy"":"""",""posSide"":""long"",""side"":""sell"",""sz"":""2.58"",""ts"":""1788312901652""}"
2026-09-02T01:35:03.401512Z,1788312902253,GALA-USDT-SWAP,sell,long,300000,0.001749,"{""bkLoss"":""0"",""bkPx"":""0.001749"",""ccy"":"""",""posSide"":""long"",""side"":""sell"",""sz"":""300000"",""ts"":""1788312902253""}"
2026-09-02T01:35:05.165271Z,1788312904194,AAVE-USDT-SWAP,sell,long,428.1,126.56,"{""bkLoss"":""0"",""bkPx"":""126.56"",""ccy"":"""",""posSide"":""long"",""side"":""sell"",""sz"":""428.1"",""ts"":""1788312904194""}"
2026-09-02T01:35:06.019625Z,1788312905102,ETH-USDT-SWAP,sell,long,0.22,2404.9,"{""bkLoss"":""0"",""bkPx"":""2404.9"",""ccy"":"""",""posSide"":""long"",""side"":""sell"",""sz"":""0.22"",""ts"":""1788312905102""}"
2026-09-02T01:35:13.686880Z,1788312912265,AAVE-USDT-SWAP,sell,long,0.1,126.51,"{""bkLoss"":""0"",""bkPx"":""126.51"",""ccy"":"""",""posSide"":""long"",""side"":""sell"",""sz"":""0.1"",""ts"":""1788312912265""}"
2026-09-02T01:35:15.048819Z,1788312914363,ADA-USDT-SWAP,sell,long,0.1,0.1952,"{""bkLoss"":""0"",""bkPx"":""0.1952"",""ccy"":"""",""posSide"":""long"",""side"":""sell"",""sz"":""0.1"",""ts"":""1788312914363""}"
2026-09-02T01:35:22.556682Z,1788312921712,DOGE-USDT-SWAP,sell,long,5.22,0.08098,"{""bkLoss"":""0"",""bkPx"":""0.08098"",""ccy"":"""",""posSide"":""long"",""side"":""sell"",""sz"":""5.22"",""ts"":""1788312921712""}"
2026-09-02T01:35:22.750971Z,1788312921735,PENGU-USDT-SWAP,sell,long,2333,0.008337,"{""bkLoss"":""0"",""bkPx"":""0.008337"",""ccy"":"""",""posSide"":""long"",""side"":""sell"",""sz"":""2333"",""ts"":""1788312921735""}"
2026-09-02T01:35:23.004050Z,1788312921744,ETH-USDT-SWAP,sell,long,0.4,2404.64,"{""bkLoss"":""0"",""bkPx"":""2404.64"",""ccy"":"""",""posSide"":""long"",""side"":""sell"",""sz"":""0.4"",""ts"":""1788312921744""}"
2026-09-02T01:35:23.245042Z,1788312921549,BTC-USDT-SWAP,sell,long,0.19,77021.3,"{""bkLoss"":""0"",""bkPx"":""77021.3"",""ccy"":"""",""posSide"":""long"",""side"":""sell"",""sz"":""0.19"",""ts"":""1788312921549""}"
2026-09-02T01:35:23.355134Z,1788312922373,DOGE-USDT-SWAP,sell,long,0.01,0.08097,"{""bkLoss"":""0"",""bkPx"":""0.08097"",""ccy"":"""",""posSide"":""long"",""side"":""sell"",""sz"":""0.01"",""ts"":""1788312922373""}"
2026-09-02T01:35:23.904524Z,1788312922293,ETH-USDT-SWAP,sell,long,6.25,2404.32,"{""bkLoss"":""0"",""bkPx"":""2404.32"",""ccy"":"""",""posSide"":""long"",""side"":""sell"",""sz"":""6.25"",""ts"":""1788312922293""}"
2026-09-02T01:35:24.352665Z,1788312923575,LTC-USDT-SWAP,sell,long,51.1,49.07,"{""bkLoss"":""0"",""bkPx"":""49.07"",""ccy"":"""",""posSide"":""long"",""side"":""sell"",""sz"":""51.1"",""ts"":""1788312923575""}"
2026-09-02T01:35:24.693954Z,1788312923575,SOL-USDT-SWAP,sell,long,230.35,99.4,"{""bkLoss"":""0"",""bkPx"":""99.4"",""ccy"":"""",""posSide"":""long"",""side"":""sell"",""sz"":""230.35"",""ts"":""1788312923575""}"
2026-09-02T01:35:28.234073Z,1788312927212,ETH-USDT-SWAP,sell,long,5.9,2404.04,"{""bkLoss"":""0"",""bkPx"":""2404.04"",""ccy"":"""",""posSide"":""long"",""side"":""sell"",""sz"":""5.9"",""ts"":""1788312927212""}"
2026-09-02T01:35:33.856741Z,1788312932910,BICO-USDT-SWAP,buy,short,453,0.02296,"{""bkLoss"":""0"",""bkPx"":""0.02296"",""ccy"":"""",""posSide"":""short"",""side"":""buy"",""sz"":""453"",""ts"":""1788312932910""}"
2026-09-02T01:35:37.300135Z,1788312936319,BTC-USDT-SWAP,sell,long,1.08,76998.7,"{""bkLoss"":""0"",""bkPx"":""76998.7"",""ccy"":"""",""posSide"":""long"",""side"":""sell"",""sz"":""1.08"",""ts"":""1788312936319""}"
2026-09-02T01:35:37.329670Z,1788312936300,BICO-USDT-SWAP,buy,short,165920,0.023,"{""bkLoss"":""0"",""bkPx"":""0.023"",""ccy"":"""",""posSide"":""short"",""side"":""buy"",""sz"":""165920"",""ts"":""1788312936300""}"
2026-09-02T01:35:38.445582Z,1788312937459,BICO-USDT-SWAP,buy,short,44,0.02306,"{""bkLoss"":""0"",""bkPx"":""0.02306"",""ccy"":"""",""posSide"":""short"",""side"":""buy"",""sz"":""44"",""ts"":""1788312937459""}"
2026-09-02T01:35:56.170832Z,1788312955096,KAITO-USDT-SWAP,sell,long,2500,0.3004,"{""bkLoss"":""0"",""bkPx"":""0.3004"",""ccy"":"""",""posSide"":""long"",""side"":""sell"",""sz"":""2500"",""ts"":""1788312955096""}"
2026-09-02T01:36:13.151212Z,1788312972376,ETH-USDT-SWAP,sell,long,20.68,2403.48,"{""bkLoss"":""0"",""bkPx"":""2403.48"",""ccy"":"""",""posSide"":""long"",""side"":""sell"",""sz"":""20.68"",""ts"":""1788312972376""}"
2026-09-02T01:36:16.163075Z,1788312974928,ETH-USDT-SWAP,sell,long,197.73,2402.72,"{""bkLoss"":""0"",""bkPx"":""2402.72"",""ccy"":"""",""posSide"":""long"",""side"":""sell"",""sz"":""197.73"",""ts"":""1788312974928""}"
2026-09-02T01:36:32.791072Z,1788312991866,UNI-USDT-SWAP,sell,long,176,5.825,"{""bkLoss"":""0"",""bkPx"":""5.825"",""ccy"":"""",""posSide"":""long"",""side"":""sell"",""sz"":""176"",""ts"":""1788312991866""}"
2026-09-02T01:36:47.458814Z,1788313006485,NEAR-USDT-SWAP,sell,long,179.6,1.837,"{""bkLoss"":""0"",""bkPx"":""1.837"",""ccy"":"""",""posSide"":""long"",""side"":""sell"",""sz"":""179.6"",""ts"":""1788313006485""}"
2026-09-02T01:36:48.128943Z,1788313007048,TRUMP-USDT-SWAP,sell,long,1824,2.234,"{""bkLoss"":""0"",""bkPx"":""2.234"",""ccy"":"""",""posSide"":""long"",""side"":""sell"",""sz"":""1824"",""ts"":""1788313007048""}"
2026-09-02T01:36:57.872101Z,1788313016959,TAO-USDT-SWAP,sell,long,534,216.8,"{""bkLoss"":""0"",""bkPx"":""216.8"",""ccy"":"""",""posSide"":""long"",""side"":""sell"",""sz"":""534"",""ts"":""1788313016959""}"
2026-09-02T01:37:05.059593Z,1788313023946,ETH-USDT-SWAP,sell,long,1180.14,2402.58,"{""bkLoss"":""0"",""bkPx"":""2402.58"",""ccy"":"""",""posSide"":""long"",""side"":""sell"",""sz"":""1180.14"",""ts"":""1788313023946""}"
2026-09-02T01:37:06.076791Z,1788313025089,SOL-USDT-SWAP,sell,long,9.81,99.3,"{""bkLoss"":""0"",""bkPx"":""99.3"",""ccy"":"""",""posSide"":""long"",""side"":""sell"",""sz"":""9.81"",""ts"":""1788313025089""}"
2026-09-02T01:37:08.035575Z,1788313026850,ETH-USDT-SWAP,sell,long,2.92,2402.27,"{""bkLoss"":""0"",""bkPx"":""2402.27"",""ccy"":"""",""posSide"":""long"",""side"":""sell"",""sz"":""2.92"",""ts"":""1788313026850""}"
2026-09-02T01:37:08.174212Z,1788313027063,ENS-USDT-SWAP,sell,long,1297,5.556,"{""bkLoss"":""0"",""bkPx"":""5.556"",""ccy"":"""",""posSide"":""long"",""side"":""sell"",""sz"":""1297"",""ts"":""1788313027063""}"
2026-09-02T01:37:09.843096Z,1788313028716,GRASS-USDT-SWAP,sell,long,1609,0.3372,"{""bkLoss"":""0"",""bkPx"":""0.3372"",""ccy"":"""",""posSide"":""long"",""side"":""sell"",""sz"":""1609"",""ts"":""1788313028716""}"
2026-09-02T01:37:11.071131Z,1788313030164,BTC-USDT-SWAP,sell,long,0.22,76992.6,"{""bkLoss"":""0"",""bkPx"":""76992.6"",""ccy"":"""",""posSide"":""long"",""side"":""sell"",""sz"":""0.22"",""ts"":""1788313030164""}"
2026-09-02T01:37:12.916336Z,1788313031869,TRUMP-USDT-SWAP,sell,long,1475,2.233,"{""bkLoss"":""0"",""bkPx"":""2.233"",""ccy"":"""",""posSide"":""long"",""side"":""sell"",""sz"":""1475"",""ts"":""1788313031869""}"
2026-09-02T01:37:12.950500Z,1788313031768,ETH-USDT-SWAP,sell,long,2.69,2402.02,"{""bkLoss"":""0"",""bkPx"":""2402.02"",""ccy"":"""",""posSide"":""long"",""side"":""sell"",""sz"":""2.69"",""ts"":""1788313031768""}"
2026-09-02T01:37:13.010207Z,1788313031756,BTC-USDT-SWAP,sell,long,11.23,76989.4,"{""bkLoss"":""0"",""bkPx"":""76989.4"",""ccy"":"""",""posSide"":""long"",""side"":""sell"",""sz"":""11.23"",""ts"":""1788313031756""}"
2026-09-02T01:37:13.548835Z,1788313030104,ETH-USDT-SWAP,sell,long,20.64,2402.15,"{""bkLoss"":""0"",""bkPx"":""2402.15"",""ccy"":"""",""posSide"":""long"",""side"":""sell"",""sz"":""20.64"",""ts"":""1788313030104""}"
2026-09-02T01:37:13.704601Z,1788313032797,SOL-USDT-SWAP,sell,long,381.11,99.25,"{""bkLoss"":""0"",""bkPx"":""99.25"",""ccy"":"""",""posSide"":""long"",""side"":""sell"",""sz"":""381.11"",""ts"":""1788313032797""}"
2026-09-02T01:37:13.900338Z,1788313032349,ETH-USDT-SWAP,sell,long,28.15,2401.9,"{""bkLoss"":""0"",""bkPx"":""2401.9"",""ccy"":"""",""posSide"":""long"",""side"":""sell"",""sz"":""28.15"",""ts"":""1788313032349""}"
2026-09-02T01:37:15.607726Z,1788313034199,UNITREE-USDT-SWAP,sell,long,0.08,82.21,"{""bkLoss"":""0"",""bkPx"":""82.21"",""ccy"":"""",""posSide"":""long"",""side"":""sell"",""sz"":""0.08"",""ts"":""1788313034199""}"
2026-09-02T01:37:15.753155Z,1788313034715,ETH-USDT-SWAP,sell,long,3.58,2401.88,"{""bkLoss"":""0"",""bkPx"":""2401.88"",""ccy"":"""",""posSide"":""long"",""side"":""sell"",""sz"":""3.58"",""ts"":""1788313034715""}"
2026-09-02T01:37:16.494153Z,1788313035115,BTC-USDT-SWAP,sell,long,3.54,76983.9,"{""bkLoss"":""0"",""bkPx"":""76983.9"",""ccy"":"""",""posSide"":""long"",""side"":""sell"",""sz"":""3.54"",""ts"":""1788313035115""}"
2026-09-02T01:37:17.730409Z,1788313036641,DOGE-USDT-SWAP,sell,long,0.01,0.08092,"{""bkLoss"":""0"",""bkPx"":""0.08092"",""ccy"":"""",""posSide"":""long"",""side"":""sell"",""sz"":""0.01"",""ts"":""1788313036641""}"
2026-09-02T01:37:31.787955Z,1788313051090,XRP-USDT-SWAP,sell,long,0.08,1.3372,"{""bkLoss"":""0"",""bkPx"":""1.3372"",""ccy"":"""",""posSide"":""long"",""side"":""sell"",""sz"":""0.08"",""ts"":""1788313051090""}"
2026-09-02T01:37:32.108766Z,1788313051085,DOGE-USDT-SWAP,sell,long,1154.19,0.08093,"{""bkLoss"":""0"",""bkPx"":""0.08093"",""ccy"":"""",""posSide"":""long"",""side"":""sell"",""sz"":""1154.19"",""ts"":""1788313051085""}"
2026-09-02T01:37:32.113426Z,1788313051085,CL-USDT-SWAP,buy,short,880,91.79,"{""bkLoss"":""0"",""bkPx"":""91.79"",""ccy"":"""",""posSide"":""short"",""side"":""buy"",""sz"":""880"",""ts"":""1788313051085""}"
2026-09-02T01:37:34.770877Z,1788313053482,NEAR-USDT-SWAP,sell,long,32.5,1.836,"{""bkLoss"":""0"",""bkPx"":""1.836"",""ccy"":"""",""posSide"":""long"",""side"":""sell"",""sz"":""32.5"",""ts"":""1788313053482""}"
2026-09-02T01:37:37.423163Z,1788313056378,XRP-USDT-SWAP,sell,long,0.5,1.3369,"{""bkLoss"":""0"",""bkPx"":""1.3369"",""ccy"":"""",""posSide"":""long"",""side"":""sell"",""sz"":""0.5"",""ts"":""1788313056378""}"
2026-09-02T01:37:38.883658Z,1788313057829,PENGU-USDT-SWAP,sell,long,72,0.008321,"{""bkLoss"":""0"",""bkPx"":""0.008321"",""ccy"":"""",""posSide"":""long"",""side"":""sell"",""sz"":""72"",""ts"":""1788313057829""}"
2026-09-02T01:37:39.395257Z,1788313058237,PENGU-USDT-SWAP,sell,long,2,0.008319,"{""bkLoss"":""0"",""bkPx"":""0.008319"",""ccy"":"""",""posSide"":""long"",""side"":""sell"",""sz"":""2"",""ts"":""1788313058237""}"
2026-09-02T01:37:45.391726Z,1788313064395,UNI-USDT-SWAP,sell,long,7,5.807,"{""bkLoss"":""0"",""bkPx"":""5.807"",""ccy"":"""",""posSide"":""long"",""side"":""sell"",""sz"":""7"",""ts"":""1788313064395""}"
2026-09-02T01:37:46.710962Z,1788313065950,TRUMP-USDT-SWAP,sell,long,436,2.23,"{""bkLoss"":""0"",""bkPx"":""2.23"",""ccy"":"""",""posSide"":""long"",""side"":""sell"",""sz"":""436"",""ts"":""1788313065950""}"
2026-09-02T01:37:46.958797Z,1788313066301,TRUMP-USDT-SWAP,sell,long,160,2.229,"{""bkLoss"":""0"",""bkPx"":""2.229"",""ccy"":"""",""posSide"":""long"",""side"":""sell"",""sz"":""160"",""ts"":""1788313066301""}"
2026-09-02T01:37:47.718875Z,1788313066518,ENS-USDT-SWAP,sell,long,16042,5.547,"{""bkLoss"":""0"",""bkPx"":""5.547"",""ccy"":"""",""posSide"":""long"",""side"":""sell"",""sz"":""16042"",""ts"":""1788313066518""}"
2026-09-02T01:37:48.124572Z,1788313067231,UNI-USDT-SWAP,sell,long,379,5.805,"{""bkLoss"":""0"",""bkPx"":""5.805"",""ccy"":"""",""posSide"":""long"",""side"":""sell"",""sz"":""379"",""ts"":""1788313067231""}"
2026-09-02T01:37:49.186621Z,1788313068059,SNDK-USDT-SWAP,sell,long,0.073,1534.16,"{""bkLoss"":""0"",""bkPx"":""1534.16"",""ccy"":"""",""posSide"":""long"",""side"":""sell"",""sz"":""0.073"",""ts"":""1788313068059""}"
2026-09-02T01:37:50.230903Z,1788313069348,UNI-USDT-SWAP,sell,long,2,5.802,"{""bkLoss"":""0"",""bkPx"":""5.802"",""ccy"":"""",""posSide"":""long"",""side"":""sell"",""sz"":""2"",""ts"":""1788313069348""}"
2026-09-02T01:37:53.163317Z,1788313072144,ADA-USDT-SWAP,sell,long,619.5,0.1946,"{""bkLoss"":""0"",""bkPx"":""0.1946"",""ccy"":"""",""posSide"":""long"",""side"":""sell"",""sz"":""619.5"",""ts"":""1788313072144""}"
2026-09-02T01:37:53.284468Z,1788313071800,SNDK-USDT-SWAP,sell,long,0.201,1533.34,"{""bkLoss"":""0"",""bkPx"":""1533.34"",""ccy"":"""",""posSide"":""long"",""side"":""sell"",""sz"":""0.201"",""ts"":""1788313071800""}"
2026-09-02T01:37:54.886999Z,1788313073271,SKHYNIX-USDT-SWAP,sell,long,2.077,1191.91,"{""bkLoss"":""0"",""bkPx"":""1191.91"",""ccy"":"""",""posSide"":""long"",""side"":""sell"",""sz"":""2.077"",""ts"":""1788313073271""}"
2026-09-02T01:37:56.477341Z,1788313075679,BTC-USDT-SWAP,sell,long,0.18,76979.4,"{""bkLoss"":""0"",""bkPx"":""76979.4"",""ccy"":"""",""posSide"":""long"",""side"":""sell"",""sz"":""0.18"",""ts"":""1788313075679""}"
2026-09-02T01:37:56.703553Z,1788313075544,XRP-USDT-SWAP,sell,long,0.67,1.3367,"{""bkLoss"":""0"",""bkPx"":""1.3367"",""ccy"":"""",""posSide"":""long"",""side"":""sell"",""sz"":""0.67"",""ts"":""1788313075544""}"
2026-09-02T01:37:58.021337Z,1788313076390,PENGU-USDT-SWAP,sell,long,1561,0.008315,"{""bkLoss"":""0"",""bkPx"":""0.008315"",""ccy"":"""",""posSide"":""long"",""side"":""sell"",""sz"":""1561"",""ts"":""1788313076390""}"
2026-09-02T01:38:03.367407Z,1788313082554,PENGU-USDT-SWAP,sell,long,1910,0.008314,"{""bkLoss"":""0"",""bkPx"":""0.008314"",""ccy"":"""",""posSide"":""long"",""side"":""sell"",""sz"":""1910"",""ts"":""1788313082554""}"
2026-09-02T01:38:03.520879Z,1788313082530,UNI-USDT-SWAP,sell,long,153,5.801,"{""bkLoss"":""0"",""bkPx"":""5.801"",""ccy"":"""",""posSide"":""long"",""side"":""sell"",""sz"":""153"",""ts"":""1788313082530""}"
2026-09-02T01:38:04.496310Z,1788313083117,UNI-USDT-SWAP,sell,long,246,5.8,"{""bkLoss"":""0"",""bkPx"":""5.8"",""ccy"":"""",""posSide"":""long"",""side"":""sell"",""sz"":""246"",""ts"":""1788313083117""}"
2026-09-02T01:38:05.629387Z,1788313084113,PENGU-USDT-SWAP,sell,long,153,0.008309,"{""bkLoss"":""0"",""bkPx"":""0.008309"",""ccy"":"""",""posSide"":""long"",""side"":""sell"",""sz"":""153"",""ts"":""1788313084113""}"
2026-09-02T01:38:05.965546Z,1788313084735,ZEC-USDT-SWAP,sell,long,1019,824.29,"{""bkLoss"":""0"",""bkPx"":""824.29"",""ccy"":"""",""posSide"":""long"",""side"":""sell"",""sz"":""1019"",""ts"":""1788313084735""}"
2026-09-02T01:38:08.532021Z,1788313087161,ZEC-USDT-SWAP,sell,long,32,823.68,"{""bkLoss"":""0"",""bkPx"":""823.68"",""ccy"":"""",""posSide"":""long"",""side"":""sell"",""sz"":""32"",""ts"":""1788313087161""}"
2026-09-02T01:38:17.615869Z,1788313096532,XAG-USDT-SWAP,sell,long,1720,63.75,"{""bkLoss"":""0"",""bkPx"":""63.75"",""ccy"":"""",""posSide"":""long"",""side"":""sell"",""sz"":""1720"",""ts"":""1788313096532""}"
2026-09-02T01:38:20.897013Z,1788313099813,STX-USDT-SWAP,sell,long,4,0.249,"{""bkLoss"":""0"",""bkPx"":""0.249"",""ccy"":"""",""posSide"":""long"",""side"":""sell"",""sz"":""4"",""ts"":""1788313099813""}"
2026-09-02T01:38:26.323814Z,1788313105226,UNI-USDT-SWAP,sell,long,43,5.793,"{""bkLoss"":""0"",""bkPx"":""5.793"",""ccy"":"""",""posSide"":""long"",""side"":""sell"",""sz"":""43"",""ts"":""1788313105226""}"
2026-09-02T01:38:26.518371Z,1788313105187,PUMP-USDT-SWAP,sell,long,11,0.004298,"{""bkLoss"":""0"",""bkPx"":""0.004298"",""ccy"":"""",""posSide"":""long"",""side"":""sell"",""sz"":""11"",""ts"":""1788313105187""}"
2026-09-02T01:38:30.027212Z,1788313108802,DOGE-USDT-SWAP,sell,long,0.47,0.08087,"{""bkLoss"":""0"",""bkPx"":""0.08087"",""ccy"":"""",""posSide"":""long"",""side"":""sell"",""sz"":""0.47"",""ts"":""1788313108802""}"
2026-09-02T01:38:31.385660Z,1788313110248,SNDK-USDT-SWAP,sell,long,15,1532.66,"{""bkLoss"":""0"",""bkPx"":""1532.66"",""ccy"":"""",""posSide"":""long"",""side"":""sell"",""sz"":""15"",""ts"":""1788313110248""}"
2026-09-02T01:38:32.205379Z,1788313111192,UNI-USDT-SWAP,sell,long,5,5.79,"{""bkLoss"":""0"",""bkPx"":""5.79"",""ccy"":"""",""posSide"":""long"",""side"":""sell"",""sz"":""5"",""ts"":""1788313111192""}"
2026-09-02T01:38:32.859199Z,1788313111850,DOGE-USDT-SWAP,sell,long,0.09,0.08086,"{""bkLoss"":""0"",""bkPx"":""0.08086"",""ccy"":"""",""posSide"":""long"",""side"":""sell"",""sz"":""0.09"",""ts"":""1788313111850""}"
2026-09-02T01:38:35.890374Z,1788313114672,SNDK-USDT-SWAP,sell,long,0.062,1532.5,"{""bkLoss"":""0"",""bkPx"":""1532.5"",""ccy"":"""",""posSide"":""long"",""side"":""sell"",""sz"":""0.062"",""ts"":""1788313114672""}"
2026-09-02T01:38:39.433089Z,1788313118351,BTC-USDT-SWAP,sell,long,13.78,76977,"{""bkLoss"":""0"",""bkPx"":""76977"",""ccy"":"""",""posSide"":""long"",""side"":""sell"",""sz"":""13.78"",""ts"":""1788313118351""}"
2026-09-02T01:38:41.994577Z,1788313120870,DOGE-USDT-SWAP,sell,long,0.38,0.08084,"{""bkLoss"":""0"",""bkPx"":""0.08084"",""ccy"":"""",""posSide"":""long"",""side"":""sell"",""sz"":""0.38"",""ts"":""1788313120870""}"
2026-09-02T01:38:42.755134Z,1788313121217,BTC-USDT-SWAP,sell,long,0.78,76975.8,"{""bkLoss"":""0"",""bkPx"":""76975.8"",""ccy"":"""",""posSide"":""long"",""side"":""sell"",""sz"":""0.78"",""ts"":""1788313121217""}"
2026-09-02T01:38:43.850843Z,1788313123025,ETH-USDT-SWAP,sell,long,1.38,2401.86,"{""bkLoss"":""0"",""bkPx"":""2401.86"",""ccy"":"""",""posSide"":""long"",""side"":""sell"",""sz"":""1.38"",""ts"":""1788313123025""}"
2026-09-02T01:38:43.881905Z,1788313122918,BTC-USDT-SWAP,sell,long,1.87,76973,"{""bkLoss"":""0"",""bkPx"":""76973"",""ccy"":"""",""posSide"":""long"",""side"":""sell"",""sz"":""1.87"",""ts"":""1788313122918""}"
2026-09-02T01:38:43.885684Z,1788313122918,ETH-USDT-SWAP,sell,long,6.69,2401.86,"{""bkLoss"":""0"",""bkPx"":""2401.86"",""ccy"":"""",""posSide"":""long"",""side"":""sell"",""sz"":""6.69"",""ts"":""1788313122918""}"
2026-09-02T01:38:45.466687Z,1788313124091,SKHYNIX-USDT-SWAP,sell,long,0.232,1189.53,"{""bkLoss"":""0"",""bkPx"":""1189.53"",""ccy"":"""",""posSide"":""long"",""side"":""sell"",""sz"":""0.232"",""ts"":""1788313124091""}"
2026-09-02T01:38:45.472978Z,1788313124510,ETH-USDT-SWAP,sell,long,4.14,2401.51,"{""bkLoss"":""0"",""bkPx"":""2401.51"",""ccy"":"""",""posSide"":""long"",""side"":""sell"",""sz"":""4.14"",""ts"":""1788313124510""}"
2026-09-02T01:38:46.274262Z,1788313124926,ETC-USDT-SWAP,sell,long,134.56,7.132,"{""bkLoss"":""0"",""bkPx"":""7.132"",""ccy"":"""",""posSide"":""long"",""side"":""sell"",""sz"":""134.56"",""ts"":""1788313124926""}"
2026-09-02T01:38:46.447196Z,1788313125235,SNDK-USDT-SWAP,sell,long,8.354,1531.66,"{""bkLoss"":""0"",""bkPx"":""1531.66"",""ccy"":"""",""posSide"":""long"",""side"":""sell"",""sz"":""8.354"",""ts"":""1788313125235""}"
2026-09-02T01:38:47.010867Z,1788313125783,ZEC-USDT-SWAP,sell,long,15,823.58,"{""bkLoss"":""0"",""bkPx"":""823.58"",""ccy"":"""",""posSide"":""long"",""side"":""sell"",""sz"":""15"",""ts"":""1788313125783""}"
2026-09-02T01:38:47.209011Z,1788313126027,ZORA-USDT-SWAP,sell,long,1886,0.007454,"{""bkLoss"":""0"",""bkPx"":""0.007454"",""ccy"":"""",""posSide"":""long"",""side"":""sell"",""sz"":""1886"",""ts"":""1788313126027""}"
2026-09-02T01:38:47.212991Z,1788313126495,SOL-USDT-SWAP,sell,long,0.24,99.17,"{""bkLoss"":""0"",""bkPx"":""99.17"",""ccy"":"""",""posSide"":""long"",""side"":""sell"",""sz"":""0.24"",""ts"":""1788313126495""}"
2026-09-02T01:38:47.476118Z,1788313125191,SOL-USDT-SWAP,sell,long,49.5,99.19,"{""bkLoss"":""0"",""bkPx"":""99.19"",""ccy"":"""",""posSide"":""long"",""side"":""sell"",""sz"":""49.5"",""ts"":""1788313125191""}"
2026-09-02T01:38:50.713343Z,1788313129936,DASH-USDT-SWAP,sell,long,724,42.46,"{""bkLoss"":""0"",""bkPx"":""42.46"",""ccy"":"""",""posSide"":""long"",""side"":""sell"",""sz"":""724"",""ts"":""1788313129936""}"
2026-09-02T01:39:03.842838Z,1788313142875,XAG-USDT-SWAP,sell,long,1240,63.74,"{""bkLoss"":""0"",""bkPx"":""63.74"",""ccy"":"""",""posSide"":""long"",""side"":""sell"",""sz"":""1240"",""ts"":""1788313142875""}"
2026-09-02T01:39:10.173667Z,1788313149383,FARTCOIN-USDT-SWAP,sell,long,34,0.1651,"{""bkLoss"":""0"",""bkPx"":""0.1651"",""ccy"":"""",""posSide"":""long"",""side"":""sell"",""sz"":""34"",""ts"":""1788313149383""}"
2026-09-02T01:39:10.388007Z,1788313149371,NEAR-USDT-SWAP,sell,long,20.4,1.834,"{""bkLoss"":""0"",""bkPx"":""1.834"",""ccy"":"""",""posSide"":""long"",""side"":""sell"",""sz"":""20.4"",""ts"":""1788313149371""}"
2026-09-02T01:39:10.919985Z,1788313149631,SOL-USDT-SWAP,sell,long,1.95,99.15,"{""bkLoss"":""0"",""bkPx"":""99.15"",""ccy"":"""",""posSide"":""long"",""side"":""sell"",""sz"":""1.95"",""ts"":""1788313149631""}"
2026-09-02T01:39:13.815113Z,1788313152730,GRVT-USDT-SWAP,sell,long,2,0.1473,"{""bkLoss"":""0"",""bkPx"":""0.1473"",""ccy"":"""",""posSide"":""long"",""side"":""sell"",""sz"":""2"",""ts"":""1788313152730""}"
2026-09-02T01:39:15.334642Z,1788313154037,DASH-USDT-SWAP,sell,long,3611,42.37,"{""bkLoss"":""0"",""bkPx"":""42.37"",""ccy"":"""",""posSide"":""long"",""side"":""sell"",""sz"":""3611"",""ts"":""1788313154037""}"
2026-09-02T01:39:17.297057Z,1788313155944,FIL-USDT-SWAP,sell,long,45284,0.7674,"{""bkLoss"":""0"",""bkPx"":""0.7674"",""ccy"":"""",""posSide"":""long"",""side"":""sell"",""sz"":""45284"",""ts"":""1788313155944""}"
2026-09-02T01:39:18.062908Z,1788313156893,GALA-USDT-SWAP,sell,long,180885,0.00174,"{""bkLoss"":""0"",""bkPx"":""0.00174"",""ccy"":"""",""posSide"":""long"",""side"":""sell"",""sz"":""180885"",""ts"":""1788313156893""}"
2026-09-02T01:39:18.068733Z,1788313156893,ETH-USDT-SWAP,sell,long,26.59,2401.54,"{""bkLoss"":""0"",""bkPx"":""2401.54"",""ccy"":"""",""posSide"":""long"",""side"":""sell"",""sz"":""26.59"",""ts"":""1788313156893""}"
2026-09-02T01:39:19.812868Z,1788313158893,DASH-USDT-SWAP,sell,long,5234,42.3,"{""bkLoss"":""0"",""bkPx"":""42.3"",""ccy"":"""",""posSide"":""long"",""side"":""sell"",""sz"":""5234"",""ts"":""1788313158893""}"
2026-09-02T01:39:20.829101Z,1788313160124,ONDO-USDT-SWAP,sell,long,561,0.3367,"{""bkLoss"":""0"",""bkPx"":""0.3367"",""ccy"":"""",""posSide"":""long"",""side"":""sell"",""sz"":""561"",""ts"":""1788313160124""}"
2026-09-02T01:39:22.414499Z,1788313161501,TRUMP-USDT-SWAP,sell,long,22500,2.227,"{""bkLoss"":""0"",""bkPx"":""2.227"",""ccy"":"""",""posSide"":""long"",""side"":""sell"",""sz"":""22500"",""ts"":""1788313161501""}"
2026-09-02T01:39:23.443644Z,1788313162570,SOL-USDT-SWAP,sell,long,9.55,99.13,"{""bkLoss"":""0"",""bkPx"":""99.13"",""ccy"":"""",""posSide"":""long"",""side"":""sell"",""sz"":""9.55"",""ts"":""1788313162570""}"
2026-09-02T01:39:25.828939Z,1788313165187,TRUMP-USDT-SWAP,sell,long,24,2.225,"{""bkLoss"":""0"",""bkPx"":""2.225"",""ccy"":"""",""posSide"":""long"",""side"":""sell"",""sz"":""24"",""ts"":""1788313165187""}"
2026-09-02T01:39:27.492873Z,1788313166672,FIL-USDT-SWAP,sell,long,18858,0.7668,"{""bkLoss"":""0"",""bkPx"":""0.7668"",""ccy"":"""",""posSide"":""long"",""side"":""sell"",""sz"":""18858"",""ts"":""1788313166672""}"
2026-09-02T01:39:28.319738Z,1788313167284,XRP-USDT-SWAP,sell,long,3.09,1.3365,"{""bkLoss"":""0"",""bkPx"":""1.3365"",""ccy"":"""",""posSide"":""long"",""side"":""sell"",""sz"":""3.09"",""ts"":""1788313167284""}"
2026-09-02T01:39:28.517352Z,1788313167624,DOGE-USDT-SWAP,sell,long,2.81,0.08081,"{""bkLoss"":""0"",""bkPx"":""0.08081"",""ccy"":"""",""posSide"":""long"",""side"":""sell"",""sz"":""2.81"",""ts"":""1788313167624""}"
2026-09-02T01:39:28.750755Z,1788313167228,UNI-USDT-SWAP,sell,long,13,5.787,"{""bkLoss"":""0"",""bkPx"":""5.787"",""ccy"":"""",""posSide"":""long"",""side"":""sell"",""sz"":""13"",""ts"":""1788313167228""}"
2026-09-02T01:39:30.951670Z,1788313169857,FIL-USDT-SWAP,sell,long,68,0.7658,"{""bkLoss"":""0"",""bkPx"":""0.7658"",""ccy"":"""",""posSide"":""long"",""side"":""sell"",""sz"":""68"",""ts"":""1788313169857""}"
2026-09-02T01:39:31.332978Z,1788313170087,FIL-USDT-SWAP,sell,long,25564,0.7655,"{""bkLoss"":""0"",""bkPx"":""0.7655"",""ccy"":"""",""posSide"":""long"",""side"":""sell"",""sz"":""25564"",""ts"":""1788313170087""}"
2026-09-02T01:39:32.901388Z,1788313171784,ETH-USDT-SWAP,sell,long,0.03,2400.91,"{""bkLoss"":""0"",""bkPx"":""2400.91"",""ccy"":"""",""posSide"":""long"",""side"":""sell"",""sz"":""0.03"",""ts"":""1788313171784""}"
2026-09-02T01:39:33.491042Z,1788313171721,XRP-USDT-SWAP,sell,long,17.72,1.3364,"{""bkLoss"":""0"",""bkPx"":""1.3364"",""ccy"":"""",""posSide"":""long"",""side"":""sell"",""sz"":""17.72"",""ts"":""1788313171721""}"
2026-09-02T01:39:34.865226Z,1788313173979,GIGGLE-USDT-SWAP,sell,long,20,36.35,"{""bkLoss"":""0"",""bkPx"":""36.35"",""ccy"":"""",""posSide"":""long"",""side"":""sell"",""sz"":""20"",""ts"":""1788313173979""}"
2026-09-02T01:39:35.042328Z,1788313174100,GIGGLE-USDT-SWAP,sell,long,1123,36.35,"{""bkLoss"":""0"",""bkPx"":""36.35"",""ccy"":"""",""posSide"":""long"",""side"":""sell"",""sz"":""1123"",""ts"":""1788313174100""}"
2026-09-02T01:39:50.148739Z,1788313188974,FIL-USDT-SWAP,sell,long,23428,0.7645,"{""bkLoss"":""0"",""bkPx"":""0.7645"",""ccy"":"""",""posSide"":""long"",""side"":""sell"",""sz"":""23428"",""ts"":""1788313188974""}"
2026-09-02T01:39:51.631017Z,1788313190753,MOVE-USDT-SWAP,sell,long,8702,0.008329,"{""bkLoss"":""0"",""bkPx"":""0.008329"",""ccy"":"""",""posSide"":""long"",""side"":""sell"",""sz"":""8702"",""ts"":""1788313190753""}"
2026-09-02T01:39:54.211827Z,1788313192933,MOVE-USDT-SWAP,sell,long,5089,0.0083,"{""bkLoss"":""0"",""bkPx"":""0.0083"",""ccy"":"""",""posSide"":""long"",""side"":""sell"",""sz"":""5089"",""ts"":""1788313192933""}"
2026-09-02T01:39:56.149689Z,1788313195118,SOL-USDT-SWAP,sell,long,0.49,99.12,"{""bkLoss"":""0"",""bkPx"":""99.12"",""ccy"":"""",""posSide"":""long"",""side"":""sell"",""sz"":""0.49"",""ts"":""1788313195118""}"
2026-09-02T01:39:57.523134Z,1788313196383,FIL-USDT-SWAP,sell,long,35564,0.7638,"{""bkLoss"":""0"",""bkPx"":""0.7638"",""ccy"":"""",""posSide"":""long"",""side"":""sell"",""sz"":""35564"",""ts"":""1788313196383""}"
2026-09-02T01:40:00.298547Z,1788313199226,ETH-USDT-SWAP,sell,long,0.9,2400.76,"{""bkLoss"":""0"",""bkPx"":""2400.76"",""ccy"":"""",""posSide"":""long"",""side"":""sell"",""sz"":""0.9"",""ts"":""1788313199226""}"
2026-09-02T01:40:01.258277Z,1788313200194,STRK-USDT-SWAP,sell,long,14018,0.02622,"{""bkLoss"":""0"",""bkPx"":""0.02622"",""ccy"":"""",""posSide"":""long"",""side"":""sell"",""sz"":""14018"",""ts"":""1788313200194""}"
2026-09-02T01:40:01.262038Z,1788313200376,ETH-USDT-SWAP,sell,long,52.47,2400.39,"{""bkLoss"":""0"",""bkPx"":""2400.39"",""ccy"":"""",""posSide"":""long"",""side"":""sell"",""sz"":""52.47"",""ts"":""1788313200376""}"
2026-09-02T01:40:01.348641Z,1788313200246,BTC-USDT-SWAP,sell,long,0.24,76958.2,"{""bkLoss"":""0"",""bkPx"":""76958.2"",""ccy"":"""",""posSide"":""long"",""side"":""sell"",""sz"":""0.24"",""ts"":""1788313200246""}"
2026-09-02T01:40:08.785111Z,1788313207497,WLD-USDT-SWAP,sell,long,20,0.3572,"{""bkLoss"":""0"",""bkPx"":""0.3572"",""ccy"":"""",""posSide"":""long"",""side"":""sell"",""sz"":""20"",""ts"":""1788313207497""}"
2026-09-02T01:40:08.959147Z,1788313208054,SOL-USDT-SWAP,sell,long,14.71,99.09,"{""bkLoss"":""0"",""bkPx"":""99.09"",""ccy"":"""",""posSide"":""long"",""side"":""sell"",""sz"":""14.71"",""ts"":""1788313208054""}"
2026-09-02T01:40:09.224263Z,1788313208305,OP-USDT-SWAP,sell,long,10635,0.09399,"{""bkLoss"":""0"",""bkPx"":""0.09399"",""ccy"":"""",""posSide"":""long"",""side"":""sell"",""sz"":""10635"",""ts"":""1788313208305""}"
2026-09-02T01:40:10.209161Z,1788313209024,ETH-USDT-SWAP,sell,long,100.42,2400.23,"{""bkLoss"":""0"",""bkPx"":""2400.23"",""ccy"":"""",""posSide"":""long"",""side"":""sell"",""sz"":""100.42"",""ts"":""1788313209024""}"
2026-09-02T01:40:10.327234Z,1788313209234,SOL-USDT-SWAP,sell,long,0.12,99.07,"{""bkLoss"":""0"",""bkPx"":""99.07"",""ccy"":"""",""posSide"":""long"",""side"":""sell"",""sz"":""0.12"",""ts"":""1788313209234""}"
2026-09-02T01:40:12.863097Z,1788313211932,ETH-USDT-SWAP,sell,long,2.42,2399.45,"{""bkLoss"":""0"",""bkPx"":""2399.45"",""ccy"":"""",""posSide"":""long"",""side"":""sell"",""sz"":""2.42"",""ts"":""1788313211932""}"
2026-09-02T01:40:13.163229Z,1788313212192,ETH-USDT-SWAP,sell,long,58.5,2398.9,"{""bkLoss"":""0"",""bkPx"":""2398.9"",""ccy"":"""",""posSide"":""long"",""side"":""sell"",""sz"":""58.5"",""ts"":""1788313212192""}"
2026-09-02T01:40:13.181749Z,1788313212371,ZEC-USDT-SWAP,sell,long,14,822.96,"{""bkLoss"":""0"",""bkPx"":""822.96"",""ccy"":"""",""posSide"":""long"",""side"":""sell"",""sz"":""14"",""ts"":""1788313212371""}"
2026-09-02T01:40:14.020280Z,1788313213072,BTC-USDT-SWAP,sell,long,2.62,76946.6,"{""bkLoss"":""0"",""bkPx"":""76946.6"",""ccy"":"""",""posSide"":""long"",""side"":""sell"",""sz"":""2.62"",""ts"":""1788313213072""}"
2026-09-02T01:40:14.094818Z,1788313212541,PUMP-USDT-SWAP,sell,long,221,0.004289,"{""bkLoss"":""0"",""bkPx"":""0.004289"",""ccy"":"""",""posSide"":""long"",""side"":""sell"",""sz"":""221"",""ts"":""1788313212541""}"
2026-09-02T01:40:15.652138Z,1788313212578,SOL-USDT-SWAP,sell,long,5.32,99.05,"{""bkLoss"":""0"",""bkPx"":""99.05"",""ccy"":"""",""posSide"":""long"",""side"":""sell"",""sz"":""5.32"",""ts"":""1788313212578""}"
2026-09-02T01:40:44.019151Z,1788313241222,ETH-USDT-SWAP,sell,long,0.17,2397.87,"{""bkLoss"":""0"",""bkPx"":""2397.87"",""ccy"":"""",""posSide"":""long"",""side"":""sell"",""sz"":""0.17"",""ts"":""1788313241222""}"
2026-09-02T01:40:44.169309Z,1788313241385,UNI-USDT-SWAP,sell,long,46,5.779,"{""bkLoss"":""0"",""bkPx"":""5.779"",""ccy"":"""",""posSide"":""long"",""side"":""sell"",""sz"":""46"",""ts"":""1788313241385""}"
2026-09-02T01:40:44.176789Z,1788313241516,BTC-USDT-SWAP,sell,long,0.33,76917,"{""bkLoss"":""0"",""bkPx"":""76917"",""ccy"":"""",""posSide"":""long"",""side"":""sell"",""sz"":""0.33"",""ts"":""1788313241516""}"
2026-09-02T01:40:44.183173Z,1788313241519,DOGE-USDT-SWAP,sell,long,0.12,0.08071,"{""bkLoss"":""0"",""bkPx"":""0.08071"",""ccy"":"""",""posSide"":""long"",""side"":""sell"",""sz"":""0.12"",""ts"":""1788313241519""}"
2026-09-02T01:40:44.300970Z,1788313241515,XRP-USDT-SWAP,sell,long,7.02,1.3346,"{""bkLoss"":""0"",""bkPx"":""1.3346"",""ccy"":"""",""posSide"":""long"",""side"":""sell"",""sz"":""7.02"",""ts"":""1788313241515""}"
2026-09-02T01:40:44.311662Z,1788313241659,WLD-USDT-SWAP,sell,long,8,0.3568,"{""bkLoss"":""0"",""bkPx"":""0.3568"",""ccy"":"""",""posSide"":""long"",""side"":""sell"",""sz"":""8"",""ts"":""1788313241659""}"
2026-09-02T01:40:44.404182Z,1788313241754,AIXBT-USDT-SWAP,sell,long,5000,0.01949,"{""bkLoss"":""0"",""bkPx"":""0.01949"",""ccy"":"""",""posSide"":""long"",""side"":""sell"",""sz"":""5000"",""ts"":""1788313241754""}"
2026-09-02T01:40:44.437313Z,1788313241757,ZEC-USDT-SWAP,sell,long,102,822.24,"{""bkLoss"":""0"",""bkPx"":""822.24"",""ccy"":"""",""posSide"":""long"",""side"":""sell"",""sz"":""102"",""ts"":""1788313241757""}"
2026-09-02T01:40:44.444371Z,1788313241738,SOL-USDT-SWAP,sell,long,11.53,98.98,"{""bkLoss"":""0"",""bkPx"":""98.98"",""ccy"":"""",""posSide"":""long"",""side"":""sell"",""sz"":""11.53"",""ts"":""1788313241738""}"
2026-09-02T01:40:44.588808Z,1788313242090,XRP-USDT-SWAP,sell,long,0.23,1.332,"{""bkLoss"":""0"",""bkPx"":""1.332"",""ccy"":"""",""posSide"":""long"",""side"":""sell"",""sz"":""0.23"",""ts"":""1788313242090""}"
2026-09-02T01:40:44.592692Z,1788313242090,AVAX-USDT-SWAP,sell,long,41.9,7.115,"{""bkLoss"":""0"",""bkPx"":""7.115"",""ccy"":"""",""posSide"":""long"",""side"":""sell"",""sz"":""41.9"",""ts"":""1788313242090""}"
2026-09-02T01:40:44.599084Z,1788313242091,DOGE-USDT-SWAP,sell,long,3.21,0.08035,"{""bkLoss"":""0"",""bkPx"":""0.08035"",""ccy"":"""",""posSide"":""long"",""side"":""sell"",""sz"":""3.21"",""ts"":""1788313242091""}"
2026-09-02T01:40:44.711203Z,1788313242177,ADA-USDT-SWAP,sell,long,185.7,0.1939,"{""bkLoss"":""0"",""bkPx"":""0.1939"",""ccy"":"""",""posSide"":""long"",""side"":""sell"",""sz"":""185.7"",""ts"":""1788313242177""}"
2026-09-02T01:40:44.761164Z,1788313241741,ENA-USDT-SWAP,sell,long,1,0.15571,"{""bkLoss"":""0"",""bkPx"":""0.15571"",""ccy"":"""",""posSide"":""long"",""side"":""sell"",""sz"":""1"",""ts"":""1788313241741""}"
2026-09-02T01:40:44.776585Z,1788313241432,SUI-USDT-SWAP,sell,long,1,0.7101,"{""bkLoss"":""0"",""bkPx"":""0.7101"",""ccy"":"""",""posSide"":""long"",""side"":""sell"",""sz"":""1"",""ts"":""1788313241432""}"
2026-09-02T01:40:44.909040Z,1788313241693,PUMP-USDT-SWAP,sell,long,113,0.004285,"{""bkLoss"":""0"",""bkPx"":""0.004285"",""ccy"":"""",""posSide"":""long"",""side"":""sell"",""sz"":""113"",""ts"":""1788313241693""}"
2026-09-02T01:40:44.959979Z,1788313241816,OP-USDT-SWAP,sell,long,2782,0.09349,"{""bkLoss"":""0"",""bkPx"":""0.09349"",""ccy"":"""",""posSide"":""long"",""side"":""sell"",""sz"":""2782"",""ts"":""1788313241816""}"
2026-09-02T01:40:45.050938Z,1788313241612,SNDK-USDT-SWAP,sell,long,6.486,1533.25,"{""bkLoss"":""0"",""bkPx"":""1533.25"",""ccy"":"""",""posSide"":""long"",""side"":""sell"",""sz"":""6.486"",""ts"":""1788313241612""}"
2026-09-02T01:40:45.057757Z,1788313241618,NOT-USDT-SWAP,sell,long,22518,0.0004335,"{""bkLoss"":""0"",""bkPx"":""0.0004335"",""ccy"":"""",""posSide"":""long"",""side"":""sell"",""sz"":""22518"",""ts"":""1788313241618""}"
2026-09-02T01:40:45.061995Z,1788313241619,APT-USDT-SWAP,sell,long,4000,0.5374,"{""bkLoss"":""0"",""bkPx"":""0.5374"",""ccy"":"""",""posSide"":""long"",""side"":""sell"",""sz"":""4000"",""ts"":""1788313241619""}"
2026-09-02T01:40:45.088991Z,1788313242562,TRUMP-USDT-SWAP,sell,long,10000,2.219,"{""bkLoss"":""0"",""bkPx"":""2.219"",""ccy"":"""",""posSide"":""long"",""side"":""sell"",""sz"":""10000"",""ts"":""1788313242562""}"
2026-09-02T01:40:45.092651Z,1788313242562,SOL-USDT-SWAP,sell,long,20,98.94,"{""bkLoss"":""0"",""bkPx"":""98.94"",""ccy"":"""",""posSide"":""long"",""side"":""sell"",""sz"":""20"",""ts"":""1788313242562""}"
2026-09-02T01:40:45.151350Z,1788313241836,TRB-USDT-SWAP,sell,long,1500,16.45,"{""bkLoss"":""0"",""bkPx"":""16.45"",""ccy"":"""",""posSide"":""long"",""side"":""sell"",""sz"":""1500"",""ts"":""1788313241836""}"
2026-09-02T01:40:45.578046Z,1788313241348,OP-USDT-SWAP,sell,long,3483,0.09376,"{""bkLoss"":""0"",""bkPx"":""0.09376"",""ccy"":"""",""posSide"":""long"",""side"":""sell"",""sz"":""3483"",""ts"":""1788313241348""}"
2026-09-02T01:40:45.580567Z,1788313242041,XLM-USDT-SWAP,sell,long,1200,0.17337,"{""bkLoss"":""0"",""bkPx"":""0.17337"",""ccy"":"""",""posSide"":""long"",""side"":""sell"",""sz"":""1200"",""ts"":""1788313242041""}"
2026-09-02T01:40:45.586959Z,1788313242426,ZEC-USDT-SWAP,sell,long,35,821.94,"{""bkLoss"":""0"",""bkPx"":""821.94"",""ccy"":"""",""posSide"":""long"",""side"":""sell"",""sz"":""35"",""ts"":""1788313242426""}"
2026-09-02T01:40:45.611653Z,1788313242540,APT-USDT-SWAP,sell,long,770,0.535,"{""bkLoss"":""0"",""bkPx"":""0.535"",""ccy"":"""",""posSide"":""long"",""side"":""sell"",""sz"":""770"",""ts"":""1788313242540""}"
2026-09-02T01:40:46.257679Z,1788313241543,SHIB-USDT-SWAP,sell,long,46.3,0.000005087,"{""bkLoss"":""0"",""bkPx"":""0.000005087"",""ccy"":"""",""posSide"":""long"",""side"":""sell"",""sz"":""46.3"",""ts"":""1788313241543""}"
2026-09-02T01:40:46.308949Z,1788313242528,JTO-USDT-SWAP,sell,long,3333,0.4151,"{""bkLoss"":""0"",""bkPx"":""0.4151"",""ccy"":"""",""posSide"":""long"",""side"":""sell"",""sz"":""3333"",""ts"":""1788313242528""}"
2026-09-02T01:40:46.313839Z,1788313241767,PEPE-USDT-SWAP,sell,long,29.5,0.000003437,"{""bkLoss"":""0"",""bkPx"":""0.000003437"",""ccy"":"""",""posSide"":""long"",""side"":""sell"",""sz"":""29.5"",""ts"":""1788313241767""}"
2026-09-02T01:40:46.325792Z,1788313242166,IOTA-USDT-SWAP,sell,long,2716,0.03878,"{""bkLoss"":""0"",""bkPx"":""0.03878"",""ccy"":"""",""posSide"":""long"",""side"":""sell"",""sz"":""2716"",""ts"":""1788313242166""}"
2026-09-02T01:40:46.360793Z,1788313244646,GRVT-USDT-SWAP,sell,long,3,0.14571,"{""bkLoss"":""0"",""bkPx"":""0.14571"",""ccy"":"""",""posSide"":""long"",""side"":""sell"",""sz"":""3"",""ts"":""1788313244646""}"
2026-09-02T01:40:46.606809Z,1788313242381,GRVT-USDT-SWAP,sell,long,500,0.14623,"{""bkLoss"":""0"",""bkPx"":""0.14623"",""ccy"":"""",""posSide"":""long"",""side"":""sell"",""sz"":""500"",""ts"":""1788313242381""}"
2026-09-02T01:40:46.625426Z,1788313242510,PEPE-USDT-SWAP,sell,long,4.3,0.000003429,"{""bkLoss"":""0"",""bkPx"":""0.000003429"",""ccy"":"""",""posSide"":""long"",""side"":""sell"",""sz"":""4.3"",""ts"":""1788313242510""}"
2026-09-02T01:40:46.640596Z,1788313242628,ARB-USDT-SWAP,sell,long,2297.1,0.1085,"{""bkLoss"":""0"",""bkPx"":""0.1085"",""ccy"":"""",""posSide"":""long"",""side"":""sell"",""sz"":""2297.1"",""ts"":""1788313242628""}"
2026-09-02T01:40:46.643691Z,1788313242630,XPL-USDT-SWAP,sell,long,172,0.08078,"{""bkLoss"":""0"",""bkPx"":""0.08078"",""ccy"":"""",""posSide"":""long"",""side"":""sell"",""sz"":""172"",""ts"":""1788313242630""}"
2026-09-02T01:40:47.358996Z,1788313242387,KAITO-USDT-SWAP,sell,long,500,0.2985,"{""bkLoss"":""0"",""bkPx"":""0.2985"",""ccy"":"""",""posSide"":""long"",""side"":""sell"",""sz"":""500"",""ts"":""1788313242387""}"
2026-09-02T01:40:47.367850Z,1788313242581,RENDER-USDT-SWAP,sell,long,7968,1.393,"{""bkLoss"":""0"",""bkPx"":""1.393"",""ccy"":"""",""posSide"":""long"",""side"":""sell"",""sz"":""7968"",""ts"":""1788313242581""}"
2026-09-02T01:40:47.387682Z,1788313242716,ICP-USDT-SWAP,sell,long,7087,2.434,"{""bkLoss"":""0"",""bkPx"":""2.434"",""ccy"":"""",""posSide"":""long"",""side"":""sell"",""sz"":""7087"",""ts"":""1788313242716""}"
2026-09-02T01:40:47.955737Z,1788313242028,ETC-USDT-SWAP,sell,long,3,7.124,"{""bkLoss"":""0"",""bkPx"":""7.124"",""ccy"":"""",""posSide"":""long"",""side"":""sell"",""sz"":""3"",""ts"":""1788313242028""}"
2026-09-02T01:40:48.125803Z,1788313242032,BTC-USDT-SWAP,sell,long,1.23,76895.7,"{""bkLoss"":""0"",""bkPx"":""76895.7"",""ccy"":"""",""posSide"":""long"",""side"":""sell"",""sz"":""1.23"",""ts"":""1788313242032""}"
2026-09-02T01:40:48.146929Z,1788313242194,UNI-USDT-SWAP,sell,long,259,5.778,"{""bkLoss"":""0"",""bkPx"":""5.778"",""ccy"":"""",""posSide"":""long"",""side"":""sell"",""sz"":""259"",""ts"":""1788313242194""}"
2026-09-02T01:40:48.234663Z,1788313246883,XRP-USDT-SWAP,sell,long,4.82,1.3316,"{""bkLoss"":""0"",""bkPx"":""1.3316"",""ccy"":"""",""posSide"":""long"",""side"":""sell"",""sz"":""4.82"",""ts"":""1788313246883""}"
2026-09-02T01:40:48.909173Z,1788313247030,MEGA-USDT-SWAP,sell,long,145,0.03695,"{""bkLoss"":""0"",""bkPx"":""0.03695"",""ccy"":"""",""posSide"":""long"",""side"":""sell"",""sz"":""145"",""ts"":""1788313247030""}"
2026-09-02T01:40:49.021558Z,1788313242131,SUSHI-USDT-SWAP,sell,long,36,0.1951,"{""bkLoss"":""0"",""bkPx"":""0.1951"",""ccy"":"""",""posSide"":""long"",""side"":""sell"",""sz"":""36"",""ts"":""1788313242131""}"
2026-09-02T01:40:49.271629Z,1788313243964,OP-USDT-SWAP,sell,long,1997,0.09304,"{""bkLoss"":""0"",""bkPx"":""0.09304"",""ccy"":"""",""posSide"":""long"",""side"":""sell"",""sz"":""1997"",""ts"":""1788313243964""}"
2026-09-02T01:40:49.277358Z,1788313244201,OP-USDT-SWAP,sell,long,431,0.09288,"{""bkLoss"":""0"",""bkPx"":""0.09288"",""ccy"":"""",""posSide"":""long"",""side"":""sell"",""sz"":""431"",""ts"":""1788313244201""}"
2026-09-02T01:40:49.346122Z,1788313242361,ETH-USDT-SWAP,sell,long,0.41,2390.65,"{""bkLoss"":""0"",""bkPx"":""2390.65"",""ccy"":"""",""posSide"":""long"",""side"":""sell"",""sz"":""0.41"",""ts"":""1788313242361""}"
2026-09-02T01:40:49.659211Z,1788313243366,ARB-USDT-SWAP,sell,long,577.1,0.10841,"{""bkLoss"":""0"",""bkPx"":""0.10841"",""ccy"":"""",""posSide"":""long"",""side"":""sell"",""sz"":""577.1"",""ts"":""1788313243366""}"
2026-09-02T01:40:53.451205Z,1788313242548,SHIB-USDT-SWAP,sell,long,0.1,0.000005081,"{""bkLoss"":""0"",""bkPx"":""0.000005081"",""ccy"":"""",""posSide"":""long"",""side"":""sell"",""sz"":""0.1"",""ts"":""1788313242548""}"
2026-09-02T01:40:53.847936Z,1788313250480,XRP-USDT-SWAP,sell,long,350.2,1.3315,"{""bkLoss"":""0"",""bkPx"":""1.3315"",""ccy"":"""",""posSide"":""long"",""side"":""sell"",""sz"":""350.2"",""ts"":""1788313250480""}"
2026-09-02T01:40:58.457806Z,1788313243358,GRVT-USDT-SWAP,sell,long,350,0.14604,"{""bkLoss"":""0"",""bkPx"":""0.14604"",""ccy"":"""",""posSide"":""long"",""side"":""sell"",""sz"":""350"",""ts"":""1788313243358""}"
2026-09-02T01:40:59.527054Z,1788313258113,LIT-USDT-SWAP,sell,long,872,3.5056,"{""bkLoss"":""0"",""bkPx"":""3.5056"",""ccy"":"""",""posSide"":""long"",""side"":""sell"",""sz"":""872"",""ts"":""1788313258113""}"
2026-09-02T01:41:05.931479Z,1788313264780,PUMP-USDT-SWAP,sell,long,18,0.004271,"{""bkLoss"":""0"",""bkPx"":""0.004271"",""ccy"":"""",""posSide"":""long"",""side"":""sell"",""sz"":""18"",""ts"":""1788313264780""}"
2026-09-02T01:41:07.767017Z,1788313266216,ZORA-USDT-SWAP,sell,long,155,0.007448,"{""bkLoss"":""0"",""bkPx"":""0.007448"",""ccy"":"""",""posSide"":""long"",""side"":""sell"",""sz"":""155"",""ts"":""1788313266216""}"
2026-09-02T01:41:08.004374Z,1788313266382,PUMP-USDT-SWAP,sell,long,8992,0.004261,"{""bkLoss"":""0"",""bkPx"":""0.004261"",""ccy"":"""",""posSide"":""long"",""side"":""sell"",""sz"":""8992"",""ts"":""1788313266382""}"
2026-09-02T01:41:48.495754Z,1788313307009,UNITREE-USDT-SWAP,sell,long,159.69,82.15,"{""bkLoss"":""0"",""bkPx"":""82.15"",""ccy"":"""",""posSide"":""long"",""side"":""sell"",""sz"":""159.69"",""ts"":""1788313307009""}"
2026-09-02T01:42:02.794074Z,1788313321529,PUMP-USDT-SWAP,sell,long,1979,0.004243,"{""bkLoss"":""0"",""bkPx"":""0.004243"",""ccy"":"""",""posSide"":""long"",""side"":""sell"",""sz"":""1979"",""ts"":""1788313321529""}"
2026-09-02T01:42:43.613735Z,1788313362529,PUMP-USDT-SWAP,sell,long,69,0.004239,"{""bkLoss"":""0"",""bkPx"":""0.004239"",""ccy"":"""",""posSide"":""long"",""side"":""sell"",""sz"":""69"",""ts"":""1788313362529""}"
2026-09-02T01:43:18.147113Z,1788313397293,JUP-USDT-SWAP,sell,long,230,0.2089,"{""bkLoss"":""0"",""bkPx"":""0.2089"",""ccy"":"""",""posSide"":""long"",""side"":""sell"",""sz"":""230"",""ts"":""1788313397293""}"
2026-09-02T01:44:09.798998Z,1788313448637,GRAM-USDT-SWAP,sell,long,2500,1.3,"{""bkLoss"":""0"",""bkPx"":""1.3"",""ccy"":"""",""posSide"":""long"",""side"":""sell"",""sz"":""2500"",""ts"":""1788313448637""}"
2026-09-02T01:44:09.804527Z,1788313448637,BTC-USDT-SWAP,sell,long,1.29,76935.1,"{""bkLoss"":""0"",""bkPx"":""76935.1"",""ccy"":"""",""posSide"":""long"",""side"":""sell"",""sz"":""1.29"",""ts"":""1788313448637""}"
2026-09-02T01:44:17.330837Z,1788313456497,LIT-USDT-SWAP,sell,long,63,3.4845,"{""bkLoss"":""0"",""bkPx"":""3.4845"",""ccy"":"""",""posSide"":""long"",""side"":""sell"",""sz"":""63"",""ts"":""1788313456497""}"
2026-09-02T01:44:17.540106Z,1788313456453,ETH-USDT-SWAP,sell,long,16.8,2396,"{""bkLoss"":""0"",""bkPx"":""2396"",""ccy"":"""",""posSide"":""long"",""side"":""sell"",""sz"":""16.8"",""ts"":""1788313456453""}"
2026-09-02T01:44:18.551135Z,1788313456938,XAU-USDT-SWAP,sell,long,300,4313.5,"{""bkLoss"":""0"",""bkPx"":""4313.5"",""ccy"":"""",""posSide"":""long"",""side"":""sell"",""sz"":""300"",""ts"":""1788313456938""}"
2026-09-02T01:44:18.554106Z,1788313456938,BTC-USDT-SWAP,sell,long,2,76906.4,"{""bkLoss"":""0"",""bkPx"":""76906.4"",""ccy"":"""",""posSide"":""long"",""side"":""sell"",""sz"":""2"",""ts"":""1788313456938""}"
2026-09-02T01:44:19.897876Z,1788313458800,AAVE-USDT-SWAP,sell,long,394.3,125.57,"{""bkLoss"":""0"",""bkPx"":""125.57"",""ccy"":"""",""posSide"":""long"",""side"":""sell"",""sz"":""394.3"",""ts"":""1788313458800""}"
2026-09-02T01:44:20.299577Z,1788313458953,ZEN-USDT-SWAP,sell,long,6,5.341,"{""bkLoss"":""0"",""bkPx"":""5.341"",""ccy"":"""",""posSide"":""long"",""side"":""sell"",""sz"":""6"",""ts"":""1788313458953""}"
2026-09-02T01:44:22.238270Z,1788313461155,LIT-USDT-SWAP,sell,long,582,3.4758,"{""bkLoss"":""0"",""bkPx"":""3.4758"",""ccy"":"""",""posSide"":""long"",""side"":""sell"",""sz"":""582"",""ts"":""1788313461155""}"
2026-09-02T01:44:22.344042Z,1788313460998,LIT-USDT-SWAP,sell,long,10,3.4758,"{""bkLoss"":""0"",""bkPx"":""3.4758"",""ccy"":"""",""posSide"":""long"",""side"":""sell"",""sz"":""10"",""ts"":""1788313460998""}"
2026-09-02T01:44:26.762292Z,1788313465892,0G-USDT-SWAP,sell,long,59,0.184,"{""bkLoss"":""0"",""bkPx"":""0.184"",""ccy"":"""",""posSide"":""long"",""side"":""sell"",""sz"":""59"",""ts"":""1788313465892""}"
2026-09-02T01:44:30.375255Z,1788313469124,BTC-USDT-SWAP,sell,long,6.75,76888.2,"{""bkLoss"":""0"",""bkPx"":""76888.2"",""ccy"":"""",""posSide"":""long"",""side"":""sell"",""sz"":""6.75"",""ts"":""1788313469124""}"
2026-09-02T01:44:44.343541Z,1788313483531,BTC-USDT-SWAP,sell,long,0.17,76846.8,"{""bkLoss"":""0"",""bkPx"":""76846.8"",""ccy"":"""",""posSide"":""long"",""side"":""sell"",""sz"":""0.17"",""ts"":""1788313483531""}"
2026-09-02T01:44:45.641190Z,1788313484824,BTC-USDT-SWAP,sell,long,9.05,76832.5,"{""bkLoss"":""0"",""bkPx"":""76832.5"",""ccy"":"""",""posSide"":""long"",""side"":""sell"",""sz"":""9.05"",""ts"":""1788313484824""}"
2026-09-02T01:44:46.050140Z,1788313485418,BTC-USDT-SWAP,sell,long,10.87,76832,"{""bkLoss"":""0"",""bkPx"":""76832"",""ccy"":"""",""posSide"":""long"",""side"":""sell"",""sz"":""10.87"",""ts"":""1788313485418""}"
2026-09-02T01:44:47.779284Z,1788313486766,BTC-USDT-SWAP,sell,long,1.59,76829.9,"{""bkLoss"":""0"",""bkPx"":""76829.9"",""ccy"":"""",""posSide"":""long"",""side"":""sell"",""sz"":""1.59"",""ts"":""1788313486766""}"
2026-09-02T01:44:48.387302Z,1788313487274,BTC-USDT-SWAP,sell,long,1.01,76829.5,"{""bkLoss"":""0"",""bkPx"":""76829.5"",""ccy"":"""",""posSide"":""long"",""side"":""sell"",""sz"":""1.01"",""ts"":""1788313487274""}"
2026-09-02T01:44:49.095186Z,1788313488111,ZEC-USDT-SWAP,sell,long,11,821.61,"{""bkLoss"":""0"",""bkPx"":""821.61"",""ccy"":"""",""posSide"":""long"",""side"":""sell"",""sz"":""11"",""ts"":""1788313488111""}"
2026-09-02T01:44:49.159582Z,1788313488381,SOL-USDT-SWAP,sell,long,0.5,98.91,"{""bkLoss"":""0"",""bkPx"":""98.91"",""ccy"":"""",""posSide"":""long"",""side"":""sell"",""sz"":""0.5"",""ts"":""1788313488381""}"
2026-09-02T01:44:49.202835Z,1788313488181,BTC-USDT-SWAP,sell,long,2.18,76817.3,"{""bkLoss"":""0"",""bkPx"":""76817.3"",""ccy"":"""",""posSide"":""long"",""side"":""sell"",""sz"":""2.18"",""ts"":""1788313488181""}"
2026-09-02T01:44:49.219782Z,1788313488283,ETH-USDT-SWAP,sell,long,1609.76,2393.26,"{""bkLoss"":""0"",""bkPx"":""2393.26"",""ccy"":"""",""posSide"":""long"",""side"":""sell"",""sz"":""1609.76"",""ts"":""1788313488283""}"
2026-09-02T01:45:02.525799Z,1788313501076,ZK-USDT-SWAP,sell,long,665,0.008694,"{""bkLoss"":""0"",""bkPx"":""0.008694"",""ccy"":"""",""posSide"":""long"",""side"":""sell"",""sz"":""665"",""ts"":""1788313501076""}"
2026-09-02T01:45:08.786159Z,1788313507286,BILL-USDT-SWAP,sell,long,452,0.01801,"{""bkLoss"":""0"",""bkPx"":""0.01801"",""ccy"":"""",""posSide"":""long"",""side"":""sell"",""sz"":""452"",""ts"":""1788313507286""}"
2026-09-02T01:45:28.396562Z,1788313527611,SOL-USDT-SWAP,sell,long,136.22,98.88,"{""bkLoss"":""0"",""bkPx"":""98.88"",""ccy"":"""",""posSide"":""long"",""side"":""sell"",""sz"":""136.22"",""ts"":""1788313527611""}"
2026-09-02T01:45:36.310794Z,1788313534950,PUMP-USDT-SWAP,sell,long,15,0.004223,"{""bkLoss"":""0"",""bkPx"":""0.004223"",""ccy"":"""",""posSide"":""long"",""side"":""sell"",""sz"":""15"",""ts"":""1788313534950""}"
2026-09-02T01:45:36.928661Z,1788313536126,PUMP-USDT-SWAP,sell,long,2,0.004217,"{""bkLoss"":""0"",""bkPx"":""0.004217"",""ccy"":"""",""posSide"":""long"",""side"":""sell"",""sz"":""2"",""ts"":""1788313536126""}"
2026-09-02T01:45:39.072889Z,1788313538045,PUMP-USDT-SWAP,sell,long,374,0.00421,"{""bkLoss"":""0"",""bkPx"":""0.00421"",""ccy"":"""",""posSide"":""long"",""side"":""sell"",""sz"":""374"",""ts"":""1788313538045""}"
2026-09-02T01:46:08.336124Z,1788313567530,UNI-USDT-SWAP,buy,short,664,5.87,"{""bkLoss"":""0"",""bkPx"":""5.87"",""ccy"":"""",""posSide"":""short"",""side"":""buy"",""sz"":""664"",""ts"":""1788313567530""}"
2026-09-02T01:46:30.914272Z,1788313589930,CHZ-USDT-SWAP,sell,long,50,0.01318,"{""bkLoss"":""0"",""bkPx"":""0.01318"",""ccy"":"""",""posSide"":""long"",""side"":""sell"",""sz"":""50"",""ts"":""1788313589930""}"
