recv_ts_utc,exch_ts_ms,inst_id,side,pos_side,sz,bk_px,raw_json
2026-08-30T20:31:20.376815Z,1788121879275,GRAM-USDT-SWAP,sell,long,144,1.367,"{""bkLoss"":""0"",""bkPx"":""1.367"",""ccy"":"""",""posSide"":""long"",""side"":""sell"",""sz"":""144"",""ts"":""1788121879275""}"
2026-08-30T20:31:27.117047Z,1788121886092,SOL-USDT-SWAP,sell,long,1.09,105.04,"{""bkLoss"":""0"",""bkPx"":""105.04"",""ccy"":"""",""posSide"":""long"",""side"":""sell"",""sz"":""1.09"",""ts"":""1788121886092""}"
2026-08-30T20:31:29.201481Z,1788121888124,SOL-USDT-SWAP,sell,long,0.23,105.01,"{""bkLoss"":""0"",""bkPx"":""105.01"",""ccy"":"""",""posSide"":""long"",""side"":""sell"",""sz"":""0.23"",""ts"":""1788121888124""}"
2026-08-30T20:31:29.546188Z,1788121888312,BONK-USDT-SWAP,sell,long,34686,0.000002914,"{""bkLoss"":""0"",""bkPx"":""0.000002914"",""ccy"":"""",""posSide"":""long"",""side"":""sell"",""sz"":""34686"",""ts"":""1788121888312""}"
2026-08-30T20:31:29.995468Z,1788121888505,DOGE-USDT-SWAP,sell,long,0.91,0.08527,"{""bkLoss"":""0"",""bkPx"":""0.08527"",""ccy"":"""",""posSide"":""long"",""side"":""sell"",""sz"":""0.91"",""ts"":""1788121888505""}"
2026-08-30T20:31:30.139645Z,1788121888571,RE-USDT-SWAP,sell,long,3,0.48233,"{""bkLoss"":""0"",""bkPx"":""0.48233"",""ccy"":"""",""posSide"":""long"",""side"":""sell"",""sz"":""3"",""ts"":""1788121888571""}"
2026-08-30T20:31:30.581180Z,1788121888735,WIF-USDT-SWAP,sell,long,2336,0.1988,"{""bkLoss"":""0"",""bkPx"":""0.1988"",""ccy"":"""",""posSide"":""long"",""side"":""sell"",""sz"":""2336"",""ts"":""1788121888735""}"
2026-08-30T20:31:30.794467Z,1788121890093,HYPE-USDT-SWAP,sell,long,21,82.045,"{""bkLoss"":""0"",""bkPx"":""82.045"",""ccy"":"""",""posSide"":""long"",""side"":""sell"",""sz"":""21"",""ts"":""1788121890093""}"
2026-08-30T20:31:51.345800Z,1788121910156,ICP-USDT-SWAP,sell,long,51202,2.429,"{""bkLoss"":""0"",""bkPx"":""2.429"",""ccy"":"""",""posSide"":""long"",""side"":""sell"",""sz"":""51202"",""ts"":""1788121910156""}"
2026-08-30T20:31:53.463349Z,1788121912501,DOGE-USDT-SWAP,sell,long,3.97,0.08523,"{""bkLoss"":""0"",""bkPx"":""0.08523"",""ccy"":"""",""posSide"":""long"",""side"":""sell"",""sz"":""3.97"",""ts"":""1788121912501""}"
2026-08-30T20:31:53.914905Z,1788121912654,XRP-USDT-SWAP,sell,long,20.59,1.3992,"{""bkLoss"":""0"",""bkPx"":""1.3992"",""ccy"":"""",""posSide"":""long"",""side"":""sell"",""sz"":""20.59"",""ts"":""1788121912654""}"
2026-08-30T20:31:53.926941Z,1788121912671,XPL-USDT-SWAP,sell,long,160,0.0877,"{""bkLoss"":""0"",""bkPx"":""0.0877"",""ccy"":"""",""posSide"":""long"",""side"":""sell"",""sz"":""160"",""ts"":""1788121912671""}"
2026-08-30T20:31:54.250158Z,1788121913236,SOL-USDT-SWAP,sell,long,5.63,104.93,"{""bkLoss"":""0"",""bkPx"":""104.93"",""ccy"":"""",""posSide"":""long"",""side"":""sell"",""sz"":""5.63"",""ts"":""1788121913236""}"
2026-08-30T20:31:55.753464Z,1788121914422,PEPE-USDT-SWAP,sell,long,1.2,0.000003673,"{""bkLoss"":""0"",""bkPx"":""0.000003673"",""ccy"":"""",""posSide"":""long"",""side"":""sell"",""sz"":""1.2"",""ts"":""1788121914422""}"
2026-08-30T20:32:02.434931Z,1788121921418,UNI-USDT-SWAP,sell,long,22,5.285,"{""bkLoss"":""0"",""bkPx"":""5.285"",""ccy"":"""",""posSide"":""long"",""side"":""sell"",""sz"":""22"",""ts"":""1788121921418""}"
2026-08-30T20:32:02.675984Z,1788121919067,HYPE-USDT-SWAP,sell,long,37,81.992,"{""bkLoss"":""0"",""bkPx"":""81.992"",""ccy"":"""",""posSide"":""long"",""side"":""sell"",""sz"":""37"",""ts"":""1788121919067""}"
2026-08-30T20:32:13.316395Z,1788121931801,RE-USDT-SWAP,sell,long,1983,0.48115,"{""bkLoss"":""0"",""bkPx"":""0.48115"",""ccy"":"""",""posSide"":""long"",""side"":""sell"",""sz"":""1983"",""ts"":""1788121931801""}"
2026-08-30T20:32:14.008843Z,1788121932638,UNI-USDT-SWAP,sell,long,3923,5.278,"{""bkLoss"":""0"",""bkPx"":""5.278"",""ccy"":"""",""posSide"":""long"",""side"":""sell"",""sz"":""3923"",""ts"":""1788121932638""}"
2026-08-30T20:32:14.131405Z,1788121932482,RE-USDT-SWAP,sell,long,26,0.48098,"{""bkLoss"":""0"",""bkPx"":""0.48098"",""ccy"":"""",""posSide"":""long"",""side"":""sell"",""sz"":""26"",""ts"":""1788121932482""}"
2026-08-30T20:32:24.144861Z,1788121943008,UNI-USDT-SWAP,sell,long,1347,5.273,"{""bkLoss"":""0"",""bkPx"":""5.273"",""ccy"":"""",""posSide"":""long"",""side"":""sell"",""sz"":""1347"",""ts"":""1788121943008""}"
2026-08-30T20:32:40.984358Z,1788121959820,DASH-USDT-SWAP,sell,long,5989,43.18,"{""bkLoss"":""0"",""bkPx"":""43.18"",""ccy"":"""",""posSide"":""long"",""side"":""sell"",""sz"":""5989"",""ts"":""1788121959820""}"
2026-08-30T20:32:43.937278Z,1788121962961,SPX-USDT-SWAP,sell,long,1,0.561,"{""bkLoss"":""0"",""bkPx"":""0.561"",""ccy"":"""",""posSide"":""long"",""side"":""sell"",""sz"":""1"",""ts"":""1788121962961""}"
2026-08-30T20:32:44.486813Z,1788121963414,SPX-USDT-SWAP,sell,long,1,0.5609,"{""bkLoss"":""0"",""bkPx"":""0.5609"",""ccy"":"""",""posSide"":""long"",""side"":""sell"",""sz"":""1"",""ts"":""1788121963414""}"
2026-08-30T20:32:51.422080Z,1788121970260,BICO-USDT-SWAP,sell,long,26154,0.02194,"{""bkLoss"":""0"",""bkPx"":""0.02194"",""ccy"":"""",""posSide"":""long"",""side"":""sell"",""sz"":""26154"",""ts"":""1788121970260""}"
2026-08-30T20:32:52.619707Z,1788121971584,SNDK-USDT-SWAP,sell,long,1.19,1492.44,"{""bkLoss"":""0"",""bkPx"":""1492.44"",""ccy"":"""",""posSide"":""long"",""side"":""sell"",""sz"":""1.19"",""ts"":""1788121971584""}"
2026-08-30T20:33:57.116468Z,1788122036002,AUCTION-USDT-SWAP,sell,long,194,3.951,"{""bkLoss"":""0"",""bkPx"":""3.951"",""ccy"":"""",""posSide"":""long"",""side"":""sell"",""sz"":""194"",""ts"":""1788122036002""}"
2026-08-30T20:33:57.635581Z,1788122035942,AUCTION-USDT-SWAP,sell,long,20,3.951,"{""bkLoss"":""0"",""bkPx"":""3.951"",""ccy"":"""",""posSide"":""long"",""side"":""sell"",""sz"":""20"",""ts"":""1788122035942""}"
2026-08-30T20:33:58.704609Z,1788122037467,SKHYNIX-USDT-SWAP,sell,long,0.663,1226.37,"{""bkLoss"":""0"",""bkPx"":""1226.37"",""ccy"":"""",""posSide"":""long"",""side"":""sell"",""sz"":""0.663"",""ts"":""1788122037467""}"
2026-08-30T20:34:07.720493Z,1788122046244,AUCTION-USDT-SWAP,sell,long,5,3.933,"{""bkLoss"":""0"",""bkPx"":""3.933"",""ccy"":"""",""posSide"":""long"",""side"":""sell"",""sz"":""5"",""ts"":""1788122046244""}"
2026-08-30T20:34:08.568496Z,1788122047491,AUCTION-USDT-SWAP,sell,long,164,3.927,"{""bkLoss"":""0"",""bkPx"":""3.927"",""ccy"":"""",""posSide"":""long"",""side"":""sell"",""sz"":""164"",""ts"":""1788122047491""}"
2026-08-30T20:34:16.508773Z,1788122055497,LIT-USDT-SWAP,sell,long,82,3.8109,"{""bkLoss"":""0"",""bkPx"":""3.8109"",""ccy"":"""",""posSide"":""long"",""side"":""sell"",""sz"":""82"",""ts"":""1788122055497""}"
2026-08-30T20:34:22.290163Z,1788122061284,TRUMP-USDT-SWAP,sell,long,701,2.514,"{""bkLoss"":""0"",""bkPx"":""2.514"",""ccy"":"""",""posSide"":""long"",""side"":""sell"",""sz"":""701"",""ts"":""1788122061284""}"
2026-08-30T20:34:36.526466Z,1788122075310,SNDK-USDT-SWAP,sell,long,0.004,1491.31,"{""bkLoss"":""0"",""bkPx"":""1491.31"",""ccy"":"""",""posSide"":""long"",""side"":""sell"",""sz"":""0.004"",""ts"":""1788122075310""}"
2026-08-30T20:35:01.644283Z,1788122100549,HYPE-USDT-SWAP,sell,long,59,81.943,"{""bkLoss"":""0"",""bkPx"":""81.943"",""ccy"":"""",""posSide"":""long"",""side"":""sell"",""sz"":""59"",""ts"":""1788122100549""}"
2026-08-30T20:37:21.942556Z,1788122240817,BZ-USDT-SWAP,buy,short,5,89.5,"{""bkLoss"":""0"",""bkPx"":""89.5"",""ccy"":"""",""posSide"":""short"",""side"":""buy"",""sz"":""5"",""ts"":""1788122240817""}"
2026-08-30T20:37:51.608503Z,1788122270776,CL-USDT-SWAP,buy,short,1912,84.55,"{""bkLoss"":""0"",""bkPx"":""84.55"",""ccy"":"""",""posSide"":""short"",""side"":""buy"",""sz"":""1912"",""ts"":""1788122270776""}"
2026-08-30T20:37:52.242422Z,1788122271237,CL-USDT-SWAP,buy,short,1,84.61,"{""bkLoss"":""0"",""bkPx"":""84.61"",""ccy"":"""",""posSide"":""short"",""side"":""buy"",""sz"":""1"",""ts"":""1788122271237""}"
2026-08-30T20:37:53.105366Z,1788122271603,BZ-USDT-SWAP,buy,short,8000,89.67,"{""bkLoss"":""0"",""bkPx"":""89.67"",""ccy"":"""",""posSide"":""short"",""side"":""buy"",""sz"":""8000"",""ts"":""1788122271603""}"
2026-08-30T20:37:56.288725Z,1788122275235,BZ-USDT-SWAP,buy,short,1,89.73,"{""bkLoss"":""0"",""bkPx"":""89.73"",""ccy"":"""",""posSide"":""short"",""side"":""buy"",""sz"":""1"",""ts"":""1788122275235""}"
2026-08-30T20:38:00.512726Z,1788122279325,SNDK-USDT-SWAP,sell,long,23.59,1492,"{""bkLoss"":""0"",""bkPx"":""1492"",""ccy"":"""",""posSide"":""long"",""side"":""sell"",""sz"":""23.59"",""ts"":""1788122279325""}"
2026-08-30T20:38:00.516018Z,1788122279325,BZ-USDT-SWAP,buy,short,65000,89.82,"{""bkLoss"":""0"",""bkPx"":""89.82"",""ccy"":"""",""posSide"":""short"",""side"":""buy"",""sz"":""65000"",""ts"":""1788122279325""}"
2026-08-30T20:38:02.390638Z,1788122280998,BZ-USDT-SWAP,buy,short,3236,89.91,"{""bkLoss"":""0"",""bkPx"":""89.91"",""ccy"":"""",""posSide"":""short"",""side"":""buy"",""sz"":""3236"",""ts"":""1788122280998""}"
2026-08-30T20:38:02.593680Z,1788122281458,BZ-USDT-SWAP,buy,short,36,89.92,"{""bkLoss"":""0"",""bkPx"":""89.92"",""ccy"":"""",""posSide"":""short"",""side"":""buy"",""sz"":""36"",""ts"":""1788122281458""}"
2026-08-30T20:38:32.381697Z,1788122310959,BICO-USDT-SWAP,sell,long,62047,0.02191,"{""bkLoss"":""0"",""bkPx"":""0.02191"",""ccy"":"""",""posSide"":""long"",""side"":""sell"",""sz"":""62047"",""ts"":""1788122310959""}"
2026-08-30T20:38:33.467613Z,1788122279325,TSLL-USDT-SWAP,sell,long,981,9.12,"{""bkLoss"":""0"",""bkPx"":""9.12"",""ccy"":"""",""posSide"":""long"",""side"":""sell"",""sz"":""981"",""ts"":""1788122279325""}"
2026-08-30T20:38:43.509755Z,1788122322632,ANIME-USDT-SWAP,buy,short,2,0.002846,"{""bkLoss"":""0"",""bkPx"":""0.002846"",""ccy"":"""",""posSide"":""short"",""side"":""buy"",""sz"":""2"",""ts"":""1788122322632""}"
2026-08-30T20:38:57.750739Z,1788122336987,CL-USDT-SWAP,buy,short,238,84.82,"{""bkLoss"":""0"",""bkPx"":""84.82"",""ccy"":"""",""posSide"":""short"",""side"":""buy"",""sz"":""238"",""ts"":""1788122336987""}"
2026-08-30T20:38:58.929595Z,1788122338130,CL-USDT-SWAP,buy,short,476,84.83,"{""bkLoss"":""0"",""bkPx"":""84.83"",""ccy"":"""",""posSide"":""short"",""side"":""buy"",""sz"":""476"",""ts"":""1788122338130""}"
2026-08-30T20:39:08.654765Z,1788122347402,MOODENG-USDT-SWAP,sell,long,4013,0.04045,"{""bkLoss"":""0"",""bkPx"":""0.04045"",""ccy"":"""",""posSide"":""long"",""side"":""sell"",""sz"":""4013"",""ts"":""1788122347402""}"
2026-08-30T20:39:09.386466Z,1788122348345,BICO-USDT-SWAP,sell,long,2296,0.02188,"{""bkLoss"":""0"",""bkPx"":""0.02188"",""ccy"":"""",""posSide"":""long"",""side"":""sell"",""sz"":""2296"",""ts"":""1788122348345""}"
2026-08-30T20:39:09.737883Z,1788122348541,AUCTION-USDT-SWAP,sell,long,218,3.923,"{""bkLoss"":""0"",""bkPx"":""3.923"",""ccy"":"""",""posSide"":""long"",""side"":""sell"",""sz"":""218"",""ts"":""1788122348541""}"
2026-08-30T20:39:24.069222Z,1788122362950,HYPE-USDT-SWAP,sell,long,10,81.901,"{""bkLoss"":""0"",""bkPx"":""81.901"",""ccy"":"""",""posSide"":""long"",""side"":""sell"",""sz"":""10"",""ts"":""1788122362950""}"
2026-08-30T20:39:24.175553Z,1788122363020,HYPE-USDT-SWAP,sell,long,26,81.901,"{""bkLoss"":""0"",""bkPx"":""81.901"",""ccy"":"""",""posSide"":""long"",""side"":""sell"",""sz"":""26"",""ts"":""1788122363020""}"
2026-08-30T20:39:26.996394Z,1788122366313,ZEC-USDT-SWAP,sell,long,8,858.96,"{""bkLoss"":""0"",""bkPx"":""858.96"",""ccy"":"""",""posSide"":""long"",""side"":""sell"",""sz"":""8"",""ts"":""1788122366313""}"
2026-08-30T20:39:28.074820Z,1788122366562,HYPE-USDT-SWAP,sell,long,98,81.815,"{""bkLoss"":""0"",""bkPx"":""81.815"",""ccy"":"""",""posSide"":""long"",""side"":""sell"",""sz"":""98"",""ts"":""1788122366562""}"
2026-08-30T20:39:28.158984Z,1788122367063,HYPE-USDT-SWAP,sell,long,24,81.808,"{""bkLoss"":""0"",""bkPx"":""81.808"",""ccy"":"""",""posSide"":""long"",""side"":""sell"",""sz"":""24"",""ts"":""1788122367063""}"
2026-08-30T20:39:28.621493Z,1788122367277,BEAT-USDT-SWAP,sell,long,15.6,0.1322,"{""bkLoss"":""0"",""bkPx"":""0.1322"",""ccy"":"""",""posSide"":""long"",""side"":""sell"",""sz"":""15.6"",""ts"":""1788122367277""}"
2026-08-30T20:39:32.627940Z,1788122371261,ZEC-USDT-SWAP,sell,long,249,858.37,"{""bkLoss"":""0"",""bkPx"":""858.37"",""ccy"":"""",""posSide"":""long"",""side"":""sell"",""sz"":""249"",""ts"":""1788122371261""}"
2026-08-30T20:39:36.246919Z,1788122374791,ZEC-USDT-SWAP,sell,long,91,858.23,"{""bkLoss"":""0"",""bkPx"":""858.23"",""ccy"":"""",""posSide"":""long"",""side"":""sell"",""sz"":""91"",""ts"":""1788122374791""}"
2026-08-30T20:39:36.523399Z,1788122375261,ZEC-USDT-SWAP,sell,long,20,857.68,"{""bkLoss"":""0"",""bkPx"":""857.68"",""ccy"":"""",""posSide"":""long"",""side"":""sell"",""sz"":""20"",""ts"":""1788122375261""}"
2026-08-30T20:39:36.679598Z,1788122375424,ASTER-USDT-SWAP,sell,long,6406,0.6993,"{""bkLoss"":""0"",""bkPx"":""0.6993"",""ccy"":"""",""posSide"":""long"",""side"":""sell"",""sz"":""6406"",""ts"":""1788122375424""}"
2026-08-30T20:39:36.686589Z,1788122375424,ADA-USDT-SWAP,sell,long,475.4,0.2016,"{""bkLoss"":""0"",""bkPx"":""0.2016"",""ccy"":"""",""posSide"":""long"",""side"":""sell"",""sz"":""475.4"",""ts"":""1788122375424""}"
2026-08-30T20:39:36.772194Z,1788122375818,TRUMP-USDT-SWAP,sell,long,145,2.512,"{""bkLoss"":""0"",""bkPx"":""2.512"",""ccy"":"""",""posSide"":""long"",""side"":""sell"",""sz"":""145"",""ts"":""1788122375818""}"
2026-08-30T20:39:37.415152Z,1788122376536,MAGIC-USDT-SWAP,sell,long,40667,0.04737,"{""bkLoss"":""0"",""bkPx"":""0.04737"",""ccy"":"""",""posSide"":""long"",""side"":""sell"",""sz"":""40667"",""ts"":""1788122376536""}"
2026-08-30T20:39:39.950753Z,1788122378928,SPACE-USDT-SWAP,sell,long,112,0.004879,"{""bkLoss"":""0"",""bkPx"":""0.004879"",""ccy"":"""",""posSide"":""long"",""side"":""sell"",""sz"":""112"",""ts"":""1788122378928""}"
2026-08-30T20:39:40.259970Z,1788122378953,PEOPLE-USDT-SWAP,sell,long,5040,0.007933,"{""bkLoss"":""0"",""bkPx"":""0.007933"",""ccy"":"""",""posSide"":""long"",""side"":""sell"",""sz"":""5040"",""ts"":""1788122378953""}"
2026-08-30T20:39:42.213985Z,1788122380873,XPL-USDT-SWAP,sell,long,1,0.08755,"{""bkLoss"":""0"",""bkPx"":""0.08755"",""ccy"":"""",""posSide"":""long"",""side"":""sell"",""sz"":""1"",""ts"":""1788122380873""}"
2026-08-30T20:39:42.393814Z,1788122380868,PEOPLE-USDT-SWAP,sell,long,630,0.007928,"{""bkLoss"":""0"",""bkPx"":""0.007928"",""ccy"":"""",""posSide"":""long"",""side"":""sell"",""sz"":""630"",""ts"":""1788122380868""}"
2026-08-30T20:39:49.611990Z,1788122388646,LAB-USDT-SWAP,sell,long,5800,0.08021,"{""bkLoss"":""0"",""bkPx"":""0.08021"",""ccy"":"""",""posSide"":""long"",""side"":""sell"",""sz"":""5800"",""ts"":""1788122388646""}"
2026-08-30T20:39:50.859507Z,1788122389550,LAB-USDT-SWAP,sell,long,191,0.08006,"{""bkLoss"":""0"",""bkPx"":""0.08006"",""ccy"":"""",""posSide"":""long"",""side"":""sell"",""sz"":""191"",""ts"":""1788122389550""}"
2026-08-30T20:39:51.269621Z,1788122390372,LAB-USDT-SWAP,sell,long,1260.7,0.07984,"{""bkLoss"":""0"",""bkPx"":""0.07984"",""ccy"":"""",""posSide"":""long"",""side"":""sell"",""sz"":""1260.7"",""ts"":""1788122390372""}"
2026-08-30T20:39:51.534058Z,1788122390626,BTC-USDT-SWAP,sell,long,0.62,78677.8,"{""bkLoss"":""0"",""bkPx"":""78677.8"",""ccy"":"""",""posSide"":""long"",""side"":""sell"",""sz"":""0.62"",""ts"":""1788122390626""}"
2026-08-30T20:39:52.471968Z,1788122390628,MAGIC-USDT-SWAP,sell,long,240,0.04733,"{""bkLoss"":""0"",""bkPx"":""0.04733"",""ccy"":"""",""posSide"":""long"",""side"":""sell"",""sz"":""240"",""ts"":""1788122390628""}"
2026-08-30T20:39:52.588196Z,1788122391052,BTC-USDT-SWAP,sell,long,0.07,78672.8,"{""bkLoss"":""0"",""bkPx"":""78672.8"",""ccy"":"""",""posSide"":""long"",""side"":""sell"",""sz"":""0.07"",""ts"":""1788122391052""}"
2026-08-30T20:39:52.785151Z,1788122391469,PEPE-USDT-SWAP,sell,long,3,0.00000367,"{""bkLoss"":""0"",""bkPx"":""0.00000367"",""ccy"":"""",""posSide"":""long"",""side"":""sell"",""sz"":""3"",""ts"":""1788122391469""}"
2026-08-30T20:39:52.790969Z,1788122391504,LAB-USDT-SWAP,sell,long,4168.9,0.07982,"{""bkLoss"":""0"",""bkPx"":""0.07982"",""ccy"":"""",""posSide"":""long"",""side"":""sell"",""sz"":""4168.9"",""ts"":""1788122391504""}"
2026-08-30T20:39:52.883478Z,1788122392043,TRUMP-USDT-SWAP,sell,long,110,2.511,"{""bkLoss"":""0"",""bkPx"":""2.511"",""ccy"":"""",""posSide"":""long"",""side"":""sell"",""sz"":""110"",""ts"":""1788122392043""}"
2026-08-30T20:39:53.112262Z,1788122391849,DOS-USDT-SWAP,sell,long,5,0.3131,"{""bkLoss"":""0"",""bkPx"":""0.3131"",""ccy"":"""",""posSide"":""long"",""side"":""sell"",""sz"":""5"",""ts"":""1788122391849""}"
2026-08-30T20:39:53.119699Z,1788122391849,UNI-USDT-SWAP,sell,long,2,5.284,"{""bkLoss"":""0"",""bkPx"":""5.284"",""ccy"":"""",""posSide"":""long"",""side"":""sell"",""sz"":""2"",""ts"":""1788122391849""}"
2026-08-30T20:39:53.134010Z,1788122391849,AUCTION-USDT-SWAP,sell,long,7,3.928,"{""bkLoss"":""0"",""bkPx"":""3.928"",""ccy"":"""",""posSide"":""long"",""side"":""sell"",""sz"":""7"",""ts"":""1788122391849""}"
2026-08-30T20:39:53.527197Z,1788122392709,LAB-USDT-SWAP,sell,long,80.3,0.07974,"{""bkLoss"":""0"",""bkPx"":""0.07974"",""ccy"":"""",""posSide"":""long"",""side"":""sell"",""sz"":""80.3"",""ts"":""1788122392709""}"
2026-08-30T20:39:53.851697Z,1788122392497,SPX-USDT-SWAP,sell,long,224,0.5582,"{""bkLoss"":""0"",""bkPx"":""0.5582"",""ccy"":"""",""posSide"":""long"",""side"":""sell"",""sz"":""224"",""ts"":""1788122392497""}"
2026-08-30T20:39:53.905963Z,1788122392377,PEPE-USDT-SWAP,sell,long,10.7,0.000003667,"{""bkLoss"":""0"",""bkPx"":""0.000003667"",""ccy"":"""",""posSide"":""long"",""side"":""sell"",""sz"":""10.7"",""ts"":""1788122392377""}"
2026-08-30T20:39:54.870843Z,1788122393935,GRVT-USDT-SWAP,sell,long,137,0.17542,"{""bkLoss"":""0"",""bkPx"":""0.17542"",""ccy"":"""",""posSide"":""long"",""side"":""sell"",""sz"":""137"",""ts"":""1788122393935""}"
2026-08-30T20:39:55.477666Z,1788122394298,LAB-USDT-SWAP,sell,long,693.3,0.07972,"{""bkLoss"":""0"",""bkPx"":""0.07972"",""ccy"":"""",""posSide"":""long"",""side"":""sell"",""sz"":""693.3"",""ts"":""1788122394298""}"
2026-08-30T20:39:55.797666Z,1788122394720,MAGIC-USDT-SWAP,sell,long,5421,0.04731,"{""bkLoss"":""0"",""bkPx"":""0.04731"",""ccy"":"""",""posSide"":""long"",""side"":""sell"",""sz"":""5421"",""ts"":""1788122394720""}"
2026-08-30T20:39:56.224930Z,1788122395233,LAB-USDT-SWAP,sell,long,126.2,0.0797,"{""bkLoss"":""0"",""bkPx"":""0.0797"",""ccy"":"""",""posSide"":""long"",""side"":""sell"",""sz"":""126.2"",""ts"":""1788122395233""}"
2026-08-30T20:39:57.213954Z,1788122396190,LAB-USDT-SWAP,sell,long,2134.4,0.07964,"{""bkLoss"":""0"",""bkPx"":""0.07964"",""ccy"":"""",""posSide"":""long"",""side"":""sell"",""sz"":""2134.4"",""ts"":""1788122396190""}"
2026-08-30T20:40:04.103070Z,1788122403163,AUCTION-USDT-SWAP,sell,long,549,3.915,"{""bkLoss"":""0"",""bkPx"":""3.915"",""ccy"":"""",""posSide"":""long"",""side"":""sell"",""sz"":""549"",""ts"":""1788122403163""}"
2026-08-30T20:40:08.741171Z,1788122407671,HYPE-USDT-SWAP,sell,long,1,81.768,"{""bkLoss"":""0"",""bkPx"":""81.768"",""ccy"":"""",""posSide"":""long"",""side"":""sell"",""sz"":""1"",""ts"":""1788122407671""}"
2026-08-30T20:40:08.763928Z,1788122408027,HYPE-USDT-SWAP,sell,long,19,81.716,"{""bkLoss"":""0"",""bkPx"":""81.716"",""ccy"":"""",""posSide"":""long"",""side"":""sell"",""sz"":""19"",""ts"":""1788122408027""}"
2026-08-30T20:40:09.902492Z,1788122408939,XPL-USDT-SWAP,sell,long,1119,0.08738,"{""bkLoss"":""0"",""bkPx"":""0.08738"",""ccy"":"""",""posSide"":""long"",""side"":""sell"",""sz"":""1119"",""ts"":""1788122408939""}"
2026-08-30T20:40:12.558122Z,1788122411640,SOL-USDT-SWAP,sell,long,0.01,104.88,"{""bkLoss"":""0"",""bkPx"":""104.88"",""ccy"":"""",""posSide"":""long"",""side"":""sell"",""sz"":""0.01"",""ts"":""1788122411640""}"
2026-08-30T20:40:12.561456Z,1788122411664,BICO-USDT-SWAP,sell,long,944,0.02185,"{""bkLoss"":""0"",""bkPx"":""0.02185"",""ccy"":"""",""posSide"":""long"",""side"":""sell"",""sz"":""944"",""ts"":""1788122411664""}"
2026-08-30T20:40:12.565811Z,1788122411664,BTC-USDT-SWAP,sell,long,0.49,78629.9,"{""bkLoss"":""0"",""bkPx"":""78629.9"",""ccy"":"""",""posSide"":""long"",""side"":""sell"",""sz"":""0.49"",""ts"":""1788122411664""}"
2026-08-30T20:40:12.571242Z,1788122411667,XRP-USDT-SWAP,sell,long,500.29,1.3976,"{""bkLoss"":""0"",""bkPx"":""1.3976"",""ccy"":"""",""posSide"":""long"",""side"":""sell"",""sz"":""500.29"",""ts"":""1788122411667""}"
2026-08-30T20:40:12.574978Z,1788122411669,PEOPLE-USDT-SWAP,sell,long,200,0.007907,"{""bkLoss"":""0"",""bkPx"":""0.007907"",""ccy"":"""",""posSide"":""long"",""side"":""sell"",""sz"":""200"",""ts"":""1788122411669""}"
2026-08-30T20:40:12.581494Z,1788122411730,ETH-USDT-SWAP,sell,long,5.8,2492.56,"{""bkLoss"":""0"",""bkPx"":""2492.56"",""ccy"":"""",""posSide"":""long"",""side"":""sell"",""sz"":""5.8"",""ts"":""1788122411730""}"
2026-08-30T20:40:12.584413Z,1788122411730,FIL-USDT-SWAP,sell,long,5600,0.6814,"{""bkLoss"":""0"",""bkPx"":""0.6814"",""ccy"":"""",""posSide"":""long"",""side"":""sell"",""sz"":""5600"",""ts"":""1788122411730""}"
2026-08-30T20:40:13.131651Z,1788122411243,SHIB-USDT-SWAP,sell,long,582,0.000005133,"{""bkLoss"":""0"",""bkPx"":""0.000005133"",""ccy"":"""",""posSide"":""long"",""side"":""sell"",""sz"":""582"",""ts"":""1788122411243""}"
2026-08-30T20:40:13.563759Z,1788122411853,DOGE-USDT-SWAP,sell,long,8.15,0.08516,"{""bkLoss"":""0"",""bkPx"":""0.08516"",""ccy"":"""",""posSide"":""long"",""side"":""sell"",""sz"":""8.15"",""ts"":""1788122411853""}"
2026-08-30T20:40:13.565247Z,1788122411866,GRVT-USDT-SWAP,sell,long,1770,0.17525,"{""bkLoss"":""0"",""bkPx"":""0.17525"",""ccy"":"""",""posSide"":""long"",""side"":""sell"",""sz"":""1770"",""ts"":""1788122411866""}"
2026-08-30T20:40:13.579633Z,1788122411869,TRUMP-USDT-SWAP,sell,long,4944,2.506,"{""bkLoss"":""0"",""bkPx"":""2.506"",""ccy"":"""",""posSide"":""long"",""side"":""sell"",""sz"":""4944"",""ts"":""1788122411869""}"
2026-08-30T20:40:13.582884Z,1788122411869,FLOKI-USDT-SWAP,sell,long,225,0.0000251,"{""bkLoss"":""0"",""bkPx"":""0.0000251"",""ccy"":"""",""posSide"":""long"",""side"":""sell"",""sz"":""225"",""ts"":""1788122411869""}"
2026-08-30T20:40:13.610638Z,1788122411594,HYPE-USDT-SWAP,sell,long,4,81.697,"{""bkLoss"":""0"",""bkPx"":""81.697"",""ccy"":"""",""posSide"":""long"",""side"":""sell"",""sz"":""4"",""ts"":""1788122411594""}"
2026-08-30T20:40:13.613075Z,1788122411541,BARD-USDT-SWAP,sell,long,15,0.1288,"{""bkLoss"":""0"",""bkPx"":""0.1288"",""ccy"":"""",""posSide"":""long"",""side"":""sell"",""sz"":""15"",""ts"":""1788122411541""}"
2026-08-30T20:40:13.620948Z,1788122411541,ZEC-USDT-SWAP,sell,long,5,856.66,"{""bkLoss"":""0"",""bkPx"":""856.66"",""ccy"":"""",""posSide"":""long"",""side"":""sell"",""sz"":""5"",""ts"":""1788122411541""}"
2026-08-30T20:40:13.645243Z,1788122411665,SUSHI-USDT-SWAP,sell,long,10108,0.1968,"{""bkLoss"":""0"",""bkPx"":""0.1968"",""ccy"":"""",""posSide"":""long"",""side"":""sell"",""sz"":""10108"",""ts"":""1788122411665""}"
2026-08-30T20:40:13.719807Z,1788122412532,ETC-USDT-SWAP,sell,long,3.17,7.344,"{""bkLoss"":""0"",""bkPx"":""7.344"",""ccy"":"""",""posSide"":""long"",""side"":""sell"",""sz"":""3.17"",""ts"":""1788122412532""}"
2026-08-30T20:40:13.723840Z,1788122412650,DOGE-USDT-SWAP,sell,long,1.74,0.08511,"{""bkLoss"":""0"",""bkPx"":""0.08511"",""ccy"":"""",""posSide"":""long"",""side"":""sell"",""sz"":""1.74"",""ts"":""1788122412650""}"
2026-08-30T20:40:13.751507Z,1788122411677,PEPE-USDT-SWAP,sell,long,12.2,0.000003665,"{""bkLoss"":""0"",""bkPx"":""0.000003665"",""ccy"":"""",""posSide"":""long"",""side"":""sell"",""sz"":""12.2"",""ts"":""1788122411677""}"
2026-08-30T20:40:14.181609Z,1788122412804,PEOPLE-USDT-SWAP,sell,long,456,0.007852,"{""bkLoss"":""0"",""bkPx"":""0.007852"",""ccy"":"""",""posSide"":""long"",""side"":""sell"",""sz"":""456"",""ts"":""1788122412804""}"
2026-08-30T20:40:14.183483Z,1788122412908,BTC-USDT-SWAP,sell,long,0.02,78622.6,"{""bkLoss"":""0"",""bkPx"":""78622.6"",""ccy"":"""",""posSide"":""long"",""side"":""sell"",""sz"":""0.02"",""ts"":""1788122412908""}"
2026-08-30T20:40:14.190775Z,1788122412985,LTC-USDT-SWAP,sell,long,500,49.32,"{""bkLoss"":""0"",""bkPx"":""49.32"",""ccy"":"""",""posSide"":""long"",""side"":""sell"",""sz"":""500"",""ts"":""1788122412985""}"
2026-08-30T20:40:14.194397Z,1788122412985,SOL-USDT-SWAP,sell,long,1261.24,104.8,"{""bkLoss"":""0"",""bkPx"":""104.8"",""ccy"":"""",""posSide"":""long"",""side"":""sell"",""sz"":""1261.24"",""ts"":""1788122412985""}"
2026-08-30T20:40:14.196766Z,1788122413102,PIPPIN-USDT-SWAP,sell,long,3108,0.01808,"{""bkLoss"":""0"",""bkPx"":""0.01808"",""ccy"":"""",""posSide"":""long"",""side"":""sell"",""sz"":""3108"",""ts"":""1788122413102""}"
2026-08-30T20:40:14.228654Z,1788122411646,KAITO-USDT-SWAP,sell,long,603,0.3058,"{""bkLoss"":""0"",""bkPx"":""0.3058"",""ccy"":"""",""posSide"":""long"",""side"":""sell"",""sz"":""603"",""ts"":""1788122411646""}"
2026-08-30T20:40:14.305422Z,1788122412805,HYPE-USDT-SWAP,sell,long,606,81.655,"{""bkLoss"":""0"",""bkPx"":""81.655"",""ccy"":"""",""posSide"":""long"",""side"":""sell"",""sz"":""606"",""ts"":""1788122412805""}"
2026-08-30T20:40:14.341175Z,1788122411136,PENGU-USDT-SWAP,sell,long,22,0.009039,"{""bkLoss"":""0"",""bkPx"":""0.009039"",""ccy"":"""",""posSide"":""long"",""side"":""sell"",""sz"":""22"",""ts"":""1788122411136""}"
2026-08-30T20:40:14.362171Z,1788122411644,LTC-USDT-SWAP,sell,long,10,49.33,"{""bkLoss"":""0"",""bkPx"":""49.33"",""ccy"":"""",""posSide"":""long"",""side"":""sell"",""sz"":""10"",""ts"":""1788122411644""}"
2026-08-30T20:40:14.409523Z,1788122411875,TURBO-USDT-SWAP,sell,long,13.8,0.0009771,"{""bkLoss"":""0"",""bkPx"":""0.0009771"",""ccy"":"""",""posSide"":""long"",""side"":""sell"",""sz"":""13.8"",""ts"":""1788122411875""}"
2026-08-30T20:40:14.421815Z,1788122412233,BEAT-USDT-SWAP,sell,long,255.9,0.1317,"{""bkLoss"":""0"",""bkPx"":""0.1317"",""ccy"":"""",""posSide"":""long"",""side"":""sell"",""sz"":""255.9"",""ts"":""1788122412233""}"
2026-08-30T20:40:14.436620Z,1788122413191,XPL-USDT-SWAP,sell,long,20000,0.08686,"{""bkLoss"":""0"",""bkPx"":""0.08686"",""ccy"":"""",""posSide"":""long"",""side"":""sell"",""sz"":""20000"",""ts"":""1788122413191""}"
2026-08-30T20:40:14.566613Z,1788122411606,XLM-USDT-SWAP,sell,long,198.5,0.1794,"{""bkLoss"":""0"",""bkPx"":""0.1794"",""ccy"":"""",""posSide"":""long"",""side"":""sell"",""sz"":""198.5"",""ts"":""1788122411606""}"
2026-08-30T20:40:14.570360Z,1788122411606,WLD-USDT-SWAP,sell,long,10564,0.379,"{""bkLoss"":""0"",""bkPx"":""0.379"",""ccy"":"""",""posSide"":""long"",""side"":""sell"",""sz"":""10564"",""ts"":""1788122411606""}"
2026-08-30T20:40:14.577790Z,1788122411606,TAO-USDT-SWAP,sell,long,314,236.3,"{""bkLoss"":""0"",""bkPx"":""236.3"",""ccy"":"""",""posSide"":""long"",""side"":""sell"",""sz"":""314"",""ts"":""1788122411606""}"
2026-08-30T20:40:14.585332Z,1788122411621,LINEA-USDT-SWAP,sell,long,1677,0.002502,"{""bkLoss"":""0"",""bkPx"":""0.002502"",""ccy"":"""",""posSide"":""long"",""side"":""sell"",""sz"":""1677"",""ts"":""1788122411621""}"
2026-08-30T20:40:14.611223Z,1788122411970,ENA-USDT-SWAP,sell,long,1018,0.15843,"{""bkLoss"":""0"",""bkPx"":""0.15843"",""ccy"":"""",""posSide"":""long"",""side"":""sell"",""sz"":""1018"",""ts"":""1788122411970""}"
2026-08-30T20:40:14.614799Z,1788122411972,ADA-USDT-SWAP,sell,long,1,0.2011,"{""bkLoss"":""0"",""bkPx"":""0.2011"",""ccy"":"""",""posSide"":""long"",""side"":""sell"",""sz"":""1"",""ts"":""1788122411972""}"
2026-08-30T20:40:14.684628Z,1788122412809,WLFI-USDT-SWAP,sell,long,175,0.05736,"{""bkLoss"":""0"",""bkPx"":""0.05736"",""ccy"":"""",""posSide"":""long"",""side"":""sell"",""sz"":""175"",""ts"":""1788122412809""}"
2026-08-30T20:40:14.688826Z,1788122412872,RE-USDT-SWAP,sell,long,7,0.48034,"{""bkLoss"":""0"",""bkPx"":""0.48034"",""ccy"":"""",""posSide"":""long"",""side"":""sell"",""sz"":""7"",""ts"":""1788122412872""}"
2026-08-30T20:40:14.691857Z,1788122412883,ETH-USDT-SWAP,sell,long,0.75,2491.72,"{""bkLoss"":""0"",""bkPx"":""2491.72"",""ccy"":"""",""posSide"":""long"",""side"":""sell"",""sz"":""0.75"",""ts"":""1788122412883""}"
2026-08-30T20:40:14.924934Z,1788122413081,BICO-USDT-SWAP,sell,long,500,0.02176,"{""bkLoss"":""0"",""bkPx"":""0.02176"",""ccy"":"""",""posSide"":""long"",""side"":""sell"",""sz"":""500"",""ts"":""1788122413081""}"
2026-08-30T20:40:14.930531Z,1788122413092,ETH-USDT-SWAP,sell,long,6.17,2491.52,"{""bkLoss"":""0"",""bkPx"":""2491.52"",""ccy"":"""",""posSide"":""long"",""side"":""sell"",""sz"":""6.17"",""ts"":""1788122413092""}"
2026-08-30T20:40:15.274885Z,1788122411885,HUMA-USDT-SWAP,sell,long,412,0.01994,"{""bkLoss"":""0"",""bkPx"":""0.01994"",""ccy"":"""",""posSide"":""long"",""side"":""sell"",""sz"":""412"",""ts"":""1788122411885""}"
2026-08-30T20:40:15.279623Z,1788122411887,PARTI-USDT-SWAP,sell,long,9765,0.02422,"{""bkLoss"":""0"",""bkPx"":""0.02422"",""ccy"":"""",""posSide"":""long"",""side"":""sell"",""sz"":""9765"",""ts"":""1788122411887""}"
2026-08-30T20:40:15.300966Z,1788122411899,H-USDT-SWAP,sell,long,280,0.07439,"{""bkLoss"":""0"",""bkPx"":""0.07439"",""ccy"":"""",""posSide"":""long"",""side"":""sell"",""sz"":""280"",""ts"":""1788122411899""}"
2026-08-30T20:40:15.345810Z,1788122412652,XRP-USDT-SWAP,sell,long,17.22,1.3968,"{""bkLoss"":""0"",""bkPx"":""1.3968"",""ccy"":"""",""posSide"":""long"",""side"":""sell"",""sz"":""17.22"",""ts"":""1788122412652""}"
2026-08-30T20:40:15.551243Z,1788122412508,BICO-USDT-SWAP,sell,long,5973,0.0218,"{""bkLoss"":""0"",""bkPx"":""0.0218"",""ccy"":"""",""posSide"":""long"",""side"":""sell"",""sz"":""5973"",""ts"":""1788122412508""}"
2026-08-30T20:40:15.684371Z,1788122413007,DASH-USDT-SWAP,sell,long,134,42.91,"{""bkLoss"":""0"",""bkPx"":""42.91"",""ccy"":"""",""posSide"":""long"",""side"":""sell"",""sz"":""134"",""ts"":""1788122413007""}"
2026-08-30T20:40:15.687538Z,1788122413007,DOT-USDT-SWAP,sell,long,121,0.8497,"{""bkLoss"":""0"",""bkPx"":""0.8497"",""ccy"":"""",""posSide"":""long"",""side"":""sell"",""sz"":""121"",""ts"":""1788122413007""}"
2026-08-30T20:40:15.692023Z,1788122413007,NEAR-USDT-SWAP,sell,long,2.8,1.875,"{""bkLoss"":""0"",""bkPx"":""1.875"",""ccy"":"""",""posSide"":""long"",""side"":""sell"",""sz"":""2.8"",""ts"":""1788122413007""}"
2026-08-30T20:40:15.708198Z,1788122413109,KAITO-USDT-SWAP,sell,long,43,0.305,"{""bkLoss"":""0"",""bkPx"":""0.305"",""ccy"":"""",""posSide"":""long"",""side"":""sell"",""sz"":""43"",""ts"":""1788122413109""}"
2026-08-30T20:40:15.709782Z,1788122413406,LIT-USDT-SWAP,sell,long,300,3.7995,"{""bkLoss"":""0"",""bkPx"":""3.7995"",""ccy"":"""",""posSide"":""long"",""side"":""sell"",""sz"":""300"",""ts"":""1788122413406""}"
2026-08-30T20:40:16.178974Z,1788122414818,ETH-USDT-SWAP,sell,long,9.81,2491.28,"{""bkLoss"":""0"",""bkPx"":""2491.28"",""ccy"":"""",""posSide"":""long"",""side"":""sell"",""sz"":""9.81"",""ts"":""1788122414818""}"
2026-08-30T20:40:16.206734Z,1788122413207,BTC-USDT-SWAP,sell,long,1.32,78616.9,"{""bkLoss"":""0"",""bkPx"":""78616.9"",""ccy"":"""",""posSide"":""long"",""side"":""sell"",""sz"":""1.32"",""ts"":""1788122413207""}"
2026-08-30T20:40:16.309475Z,1788122411654,BSB-USDT-SWAP,sell,long,386,0.10555,"{""bkLoss"":""0"",""bkPx"":""0.10555"",""ccy"":"""",""posSide"":""long"",""side"":""sell"",""sz"":""386"",""ts"":""1788122411654""}"
2026-08-30T20:40:16.321410Z,1788122411654,XPL-USDT-SWAP,sell,long,4583,0.08729,"{""bkLoss"":""0"",""bkPx"":""0.08729"",""ccy"":"""",""posSide"":""long"",""side"":""sell"",""sz"":""4583"",""ts"":""1788122411654""}"
2026-08-30T20:40:16.329479Z,1788122411654,GPS-USDT-SWAP,sell,long,21500,0.009515,"{""bkLoss"":""0"",""bkPx"":""0.009515"",""ccy"":"""",""posSide"":""long"",""side"":""sell"",""sz"":""21500"",""ts"":""1788122411654""}"
2026-08-30T20:40:16.334288Z,1788122411694,BEAT-USDT-SWAP,sell,long,0.3,0.1319,"{""bkLoss"":""0"",""bkPx"":""0.1319"",""ccy"":"""",""posSide"":""long"",""side"":""sell"",""sz"":""0.3"",""ts"":""1788122411694""}"
2026-08-30T20:40:16.360415Z,1788122412042,DASH-USDT-SWAP,sell,long,443,42.94,"{""bkLoss"":""0"",""bkPx"":""42.94"",""ccy"":"""",""posSide"":""long"",""side"":""sell"",""sz"":""443"",""ts"":""1788122412042""}"
2026-08-30T20:40:16.442879Z,1788122413347,ETC-USDT-SWAP,sell,long,5.5,7.334,"{""bkLoss"":""0"",""bkPx"":""7.334"",""ccy"":"""",""posSide"":""long"",""side"":""sell"",""sz"":""5.5"",""ts"":""1788122413347""}"
2026-08-30T20:40:16.683721Z,1788122413845,GRVT-USDT-SWAP,sell,long,101,0.17508,"{""bkLoss"":""0"",""bkPx"":""0.17508"",""ccy"":"""",""posSide"":""long"",""side"":""sell"",""sz"":""101"",""ts"":""1788122413845""}"
2026-08-30T20:40:16.762821Z,1788122413001,SOL-USDT-SWAP,sell,long,98.38,104.8,"{""bkLoss"":""0"",""bkPx"":""104.8"",""ccy"":"""",""posSide"":""long"",""side"":""sell"",""sz"":""98.38"",""ts"":""1788122413001""}"
2026-08-30T20:40:16.780260Z,1788122413323,PENGU-USDT-SWAP,sell,long,2500,0.009019,"{""bkLoss"":""0"",""bkPx"":""0.009019"",""ccy"":"""",""posSide"":""long"",""side"":""sell"",""sz"":""2500"",""ts"":""1788122413323""}"
2026-08-30T20:40:17.163041Z,1788122412712,GIGGLE-USDT-SWAP,sell,long,2000,39.9,"{""bkLoss"":""0"",""bkPx"":""39.9"",""ccy"":"""",""posSide"":""long"",""side"":""sell"",""sz"":""2000"",""ts"":""1788122412712""}"
2026-08-30T20:40:17.174090Z,1788122412712,LAB-USDT-SWAP,sell,long,500,0.07981,"{""bkLoss"":""0"",""bkPx"":""0.07981"",""ccy"":"""",""posSide"":""long"",""side"":""sell"",""sz"":""500"",""ts"":""1788122412712""}"
2026-08-30T20:40:17.178514Z,1788122412772,PEPE-USDT-SWAP,sell,long,35.8,0.000003661,"{""bkLoss"":""0"",""bkPx"":""0.000003661"",""ccy"":"""",""posSide"":""long"",""side"":""sell"",""sz"":""35.8"",""ts"":""1788122412772""}"
2026-08-30T20:40:17.183487Z,1788122412805,BOME-USDT-SWAP,sell,long,5,0.0009387,"{""bkLoss"":""0"",""bkPx"":""0.0009387"",""ccy"":"""",""posSide"":""long"",""side"":""sell"",""sz"":""5"",""ts"":""1788122412805""}"
2026-08-30T20:40:17.224386Z,1788122413286,HYPE-USDT-SWAP,sell,long,405,81.636,"{""bkLoss"":""0"",""bkPx"":""81.636"",""ccy"":"""",""posSide"":""long"",""side"":""sell"",""sz"":""405"",""ts"":""1788122413286""}"
2026-08-30T20:40:17.334200Z,1788122416654,BTC-USDT-SWAP,sell,long,8.62,78616.5,"{""bkLoss"":""0"",""bkPx"":""78616.5"",""ccy"":"""",""posSide"":""long"",""side"":""sell"",""sz"":""8.62"",""ts"":""1788122416654""}"
2026-08-30T20:40:17.335762Z,1788122416654,SOL-USDT-SWAP,sell,long,40.23,104.8,"{""bkLoss"":""0"",""bkPx"":""104.8"",""ccy"":"""",""posSide"":""long"",""side"":""sell"",""sz"":""40.23"",""ts"":""1788122416654""}"
2026-08-30T20:40:17.414068Z,1788122416771,ETH-USDT-SWAP,sell,long,40.33,2491.13,"{""bkLoss"":""0"",""bkPx"":""2491.13"",""ccy"":"""",""posSide"":""long"",""side"":""sell"",""sz"":""40.33"",""ts"":""1788122416771""}"
2026-08-30T20:40:17.704507Z,1788122417064,ETH-USDT-SWAP,sell,long,0.4,2491.01,"{""bkLoss"":""0"",""bkPx"":""2491.01"",""ccy"":"""",""posSide"":""long"",""side"":""sell"",""sz"":""0.4"",""ts"":""1788122417064""}"
2026-08-30T20:40:17.786405Z,1788122416734,ATH-USDT-SWAP,sell,long,3324,0.004952,"{""bkLoss"":""0"",""bkPx"":""0.004952"",""ccy"":"""",""posSide"":""long"",""side"":""sell"",""sz"":""3324"",""ts"":""1788122416734""}"
2026-08-30T20:40:17.794137Z,1788122416943,TRUMP-USDT-SWAP,sell,long,14427,2.506,"{""bkLoss"":""0"",""bkPx"":""2.506"",""ccy"":"""",""posSide"":""long"",""side"":""sell"",""sz"":""14427"",""ts"":""1788122416943""}"
2026-08-30T20:40:18.166465Z,1788122414276,CRV-USDT-SWAP,sell,long,14149,0.3038,"{""bkLoss"":""0"",""bkPx"":""0.3038"",""ccy"":"""",""posSide"":""long"",""side"":""sell"",""sz"":""14149"",""ts"":""1788122414276""}"
2026-08-30T20:40:18.431768Z,1788122417308,BTC-USDT-SWAP,sell,long,0.5,78614.6,"{""bkLoss"":""0"",""bkPx"":""78614.6"",""ccy"":"""",""posSide"":""long"",""side"":""sell"",""sz"":""0.5"",""ts"":""1788122417308""}"
2026-08-30T20:40:18.486788Z,1788122413112,ARB-USDT-SWAP,sell,long,6060.9,0.08854,"{""bkLoss"":""0"",""bkPx"":""0.08854"",""ccy"":"""",""posSide"":""long"",""side"":""sell"",""sz"":""6060.9"",""ts"":""1788122413112""}"
2026-08-30T20:40:18.533272Z,1788122413252,ZEC-USDT-SWAP,sell,long,1,855.86,"{""bkLoss"":""0"",""bkPx"":""855.86"",""ccy"":"""",""posSide"":""long"",""side"":""sell"",""sz"":""1"",""ts"":""1788122413252""}"
2026-08-30T20:40:18.592383Z,1788122411903,WIF-USDT-SWAP,sell,long,183,0.1986,"{""bkLoss"":""0"",""bkPx"":""0.1986"",""ccy"":"""",""posSide"":""long"",""side"":""sell"",""sz"":""183"",""ts"":""1788122411903""}"
2026-08-30T20:40:18.764561Z,1788122417855,LAB-USDT-SWAP,sell,long,62.4,0.07951,"{""bkLoss"":""0"",""bkPx"":""0.07951"",""ccy"":"""",""posSide"":""long"",""side"":""sell"",""sz"":""62.4"",""ts"":""1788122417855""}"
2026-08-30T20:40:18.773127Z,1788122417897,PEPE-USDT-SWAP,sell,long,21.5,0.000003657,"{""bkLoss"":""0"",""bkPx"":""0.000003657"",""ccy"":"""",""posSide"":""long"",""side"":""sell"",""sz"":""21.5"",""ts"":""1788122417897""}"
2026-08-30T20:40:19.137283Z,1788122415422,ETH-USDT-SWAP,sell,long,222.5,2491.22,"{""bkLoss"":""0"",""bkPx"":""2491.22"",""ccy"":"""",""posSide"":""long"",""side"":""sell"",""sz"":""222.5"",""ts"":""1788122415422""}"
2026-08-30T20:40:19.258667Z,1788122418006,LAB-USDT-SWAP,sell,long,318.7,0.07951,"{""bkLoss"":""0"",""bkPx"":""0.07951"",""ccy"":"""",""posSide"":""long"",""side"":""sell"",""sz"":""318.7"",""ts"":""1788122418006""}"
2026-08-30T20:40:19.510741Z,1788122417387,CRV-USDT-SWAP,sell,long,15200,0.3033,"{""bkLoss"":""0"",""bkPx"":""0.3033"",""ccy"":"""",""posSide"":""long"",""side"":""sell"",""sz"":""15200"",""ts"":""1788122417387""}"
2026-08-30T20:40:19.524036Z,1788122418123,TRUMP-USDT-SWAP,sell,long,2000,2.506,"{""bkLoss"":""0"",""bkPx"":""2.506"",""ccy"":"""",""posSide"":""long"",""side"":""sell"",""sz"":""2000"",""ts"":""1788122418123""}"
2026-08-30T20:40:19.530645Z,1788122418123,ETH-USDT-SWAP,sell,long,14.39,2490.72,"{""bkLoss"":""0"",""bkPx"":""2490.72"",""ccy"":"""",""posSide"":""long"",""side"":""sell"",""sz"":""14.39"",""ts"":""1788122418123""}"
2026-08-30T20:40:19.739632Z,1788122418623,SOL-USDT-SWAP,sell,long,12.15,104.75,"{""bkLoss"":""0"",""bkPx"":""104.75"",""ccy"":"""",""posSide"":""long"",""side"":""sell"",""sz"":""12.15"",""ts"":""1788122418623""}"
2026-08-30T20:40:19.849741Z,1788122417002,SPCX-USDT-SWAP,buy,short,37.94,140.89,"{""bkLoss"":""0"",""bkPx"":""140.89"",""ccy"":"""",""posSide"":""short"",""side"":""buy"",""sz"":""37.94"",""ts"":""1788122417002""}"
2026-08-30T20:40:19.891485Z,1788122419061,AUCTION-USDT-SWAP,sell,long,5897,3.909,"{""bkLoss"":""0"",""bkPx"":""3.909"",""ccy"":"""",""posSide"":""long"",""side"":""sell"",""sz"":""5897"",""ts"":""1788122419061""}"
2026-08-30T20:40:20.089679Z,1788122411610,SUI-USDT-SWAP,sell,long,300,0.7455,"{""bkLoss"":""0"",""bkPx"":""0.7455"",""ccy"":"""",""posSide"":""long"",""side"":""sell"",""sz"":""300"",""ts"":""1788122411610""}"
2026-08-30T20:40:20.101275Z,1788122418996,XRP-USDT-SWAP,sell,long,5,1.3967,"{""bkLoss"":""0"",""bkPx"":""1.3967"",""ccy"":"""",""posSide"":""long"",""side"":""sell"",""sz"":""5"",""ts"":""1788122418996""}"
2026-08-30T20:40:20.422802Z,1788122419186,LAB-USDT-SWAP,sell,long,39.7,0.07941,"{""bkLoss"":""0"",""bkPx"":""0.07941"",""ccy"":"""",""posSide"":""long"",""side"":""sell"",""sz"":""39.7"",""ts"":""1788122419186""}"
2026-08-30T20:40:20.511389Z,1788122417057,SOL-USDT-SWAP,sell,long,0.03,104.79,"{""bkLoss"":""0"",""bkPx"":""104.79"",""ccy"":"""",""posSide"":""long"",""side"":""sell"",""sz"":""0.03"",""ts"":""1788122417057""}"
2026-08-30T20:40:20.519155Z,1788122412740,SHIB-USDT-SWAP,sell,long,2.3,0.000005124,"{""bkLoss"":""0"",""bkPx"":""0.000005124"",""ccy"":"""",""posSide"":""long"",""side"":""sell"",""sz"":""2.3"",""ts"":""1788122412740""}"
2026-08-30T20:40:20.544837Z,1788122413139,BAND-USDT-SWAP,sell,long,833,0.1787,"{""bkLoss"":""0"",""bkPx"":""0.1787"",""ccy"":"""",""posSide"":""long"",""side"":""sell"",""sz"":""833"",""ts"":""1788122413139""}"
2026-08-30T20:40:20.547331Z,1788122418157,BONK-USDT-SWAP,sell,long,740,0.000002903,"{""bkLoss"":""0"",""bkPx"":""0.000002903"",""ccy"":"""",""posSide"":""long"",""side"":""sell"",""sz"":""740"",""ts"":""1788122418157""}"
2026-08-30T20:40:20.552228Z,1788122418224,ZEC-USDT-SWAP,sell,long,281,856.33,"{""bkLoss"":""0"",""bkPx"":""856.33"",""ccy"":"""",""posSide"":""long"",""side"":""sell"",""sz"":""281"",""ts"":""1788122418224""}"
2026-08-30T20:40:21.001862Z,1788122416874,SPACE-USDT-SWAP,sell,long,1502,0.004877,"{""bkLoss"":""0"",""bkPx"":""0.004877"",""ccy"":"""",""posSide"":""long"",""side"":""sell"",""sz"":""1502"",""ts"":""1788122416874""}"
2026-08-30T20:40:21.012156Z,1788122418071,MAGIC-USDT-SWAP,sell,long,8,0.04713,"{""bkLoss"":""0"",""bkPx"":""0.04713"",""ccy"":"""",""posSide"":""long"",""side"":""sell"",""sz"":""8"",""ts"":""1788122418071""}"
2026-08-30T20:40:21.243982Z,1788122420199,DASH-USDT-SWAP,sell,long,1300,42.79,"{""bkLoss"":""0"",""bkPx"":""42.79"",""ccy"":"""",""posSide"":""long"",""side"":""sell"",""sz"":""1300"",""ts"":""1788122420199""}"
2026-08-30T20:40:22.215994Z,1788122417446,MANA-USDT-SWAP,sell,long,1864,0.07448,"{""bkLoss"":""0"",""bkPx"":""0.07448"",""ccy"":"""",""posSide"":""long"",""side"":""sell"",""sz"":""1864"",""ts"":""1788122417446""}"
2026-08-30T20:40:25.278370Z,1788122412695,FIL-USDT-SWAP,sell,long,120000,0.6818,"{""bkLoss"":""0"",""bkPx"":""0.6818"",""ccy"":"""",""posSide"":""long"",""side"":""sell"",""sz"":""120000"",""ts"":""1788122412695""}"
2026-08-30T20:40:31.013516Z,1788122429570,HUMA-USDT-SWAP,sell,long,42,0.01992,"{""bkLoss"":""0"",""bkPx"":""0.01992"",""ccy"":"""",""posSide"":""long"",""side"":""sell"",""sz"":""42"",""ts"":""1788122429570""}"
2026-08-30T20:40:31.346762Z,1788122430235,HUMA-USDT-SWAP,sell,long,63,0.01988,"{""bkLoss"":""0"",""bkPx"":""0.01988"",""ccy"":"""",""posSide"":""long"",""side"":""sell"",""sz"":""63"",""ts"":""1788122430235""}"
2026-08-30T20:40:37.239269Z,1788122436122,LAB-USDT-SWAP,sell,long,79.8,0.07931,"{""bkLoss"":""0"",""bkPx"":""0.07931"",""ccy"":"""",""posSide"":""long"",""side"":""sell"",""sz"":""79.8"",""ts"":""1788122436122""}"
2026-08-30T20:40:39.249764Z,1788122438198,LAB-USDT-SWAP,sell,long,3190.9,0.07915,"{""bkLoss"":""0"",""bkPx"":""0.07915"",""ccy"":"""",""posSide"":""long"",""side"":""sell"",""sz"":""3190.9"",""ts"":""1788122438198""}"
2026-08-30T20:41:02.844824Z,1788122461742,HUMA-USDT-SWAP,sell,long,64,0.01987,"{""bkLoss"":""0"",""bkPx"":""0.01987"",""ccy"":"""",""posSide"":""long"",""side"":""sell"",""sz"":""64"",""ts"":""1788122461742""}"
2026-08-30T20:41:03.510396Z,1788122462666,HUMA-USDT-SWAP,sell,long,40,0.01974,"{""bkLoss"":""0"",""bkPx"":""0.01974"",""ccy"":"""",""posSide"":""long"",""side"":""sell"",""sz"":""40"",""ts"":""1788122462666""}"
2026-08-30T20:41:03.910593Z,1788122462531,HUMA-USDT-SWAP,sell,long,125,0.01977,"{""bkLoss"":""0"",""bkPx"":""0.01977"",""ccy"":"""",""posSide"":""long"",""side"":""sell"",""sz"":""125"",""ts"":""1788122462531""}"
2026-08-30T20:41:18.883424Z,1788122477735,ZEC-USDT-SWAP,sell,long,43,855.29,"{""bkLoss"":""0"",""bkPx"":""855.29"",""ccy"":"""",""posSide"":""long"",""side"":""sell"",""sz"":""43"",""ts"":""1788122477735""}"
2026-08-30T20:41:19.312969Z,1788122478255,ZEC-USDT-SWAP,sell,long,563,854.99,"{""bkLoss"":""0"",""bkPx"":""854.99"",""ccy"":"""",""posSide"":""long"",""side"":""sell"",""sz"":""563"",""ts"":""1788122478255""}"
2026-08-30T20:41:31.370604Z,1788122490136,ZEC-USDT-SWAP,sell,long,448,854.67,"{""bkLoss"":""0"",""bkPx"":""854.67"",""ccy"":"""",""posSide"":""long"",""side"":""sell"",""sz"":""448"",""ts"":""1788122490136""}"
2026-08-30T20:41:31.747578Z,1788122490999,ZEC-USDT-SWAP,sell,long,36,854.43,"{""bkLoss"":""0"",""bkPx"":""854.43"",""ccy"":"""",""posSide"":""long"",""side"":""sell"",""sz"":""36"",""ts"":""1788122490999""}"
2026-08-30T20:41:58.460671Z,1788122517724,ZBT-USDT-SWAP,sell,long,1804,0.08187,"{""bkLoss"":""0"",""bkPx"":""0.08187"",""ccy"":"""",""posSide"":""long"",""side"":""sell"",""sz"":""1804"",""ts"":""1788122517724""}"
2026-08-30T20:42:06.094046Z,1788122524730,ZEC-USDT-SWAP,sell,long,218,853.89,"{""bkLoss"":""0"",""bkPx"":""853.89"",""ccy"":"""",""posSide"":""long"",""side"":""sell"",""sz"":""218"",""ts"":""1788122524730""}"
2026-08-30T20:42:12.064556Z,1788122531197,RE-USDT-SWAP,sell,long,1000,0.47816,"{""bkLoss"":""0"",""bkPx"":""0.47816"",""ccy"":"""",""posSide"":""long"",""side"":""sell"",""sz"":""1000"",""ts"":""1788122531197""}"
2026-08-30T20:42:37.851203Z,1788122556804,LIT-USDT-SWAP,sell,long,563,3.7938,"{""bkLoss"":""0"",""bkPx"":""3.7938"",""ccy"":"""",""posSide"":""long"",""side"":""sell"",""sz"":""563"",""ts"":""1788122556804""}"
2026-08-30T20:42:58.808462Z,1788122577904,ZEC-USDT-SWAP,sell,long,1218,853.24,"{""bkLoss"":""0"",""bkPx"":""853.24"",""ccy"":"""",""posSide"":""long"",""side"":""sell"",""sz"":""1218"",""ts"":""1788122577904""}"
2026-08-30T20:43:00.648568Z,1788122579831,DOGE-USDT-SWAP,sell,long,125.98,0.08507,"{""bkLoss"":""0"",""bkPx"":""0.08507"",""ccy"":"""",""posSide"":""long"",""side"":""sell"",""sz"":""125.98"",""ts"":""1788122579831""}"
2026-08-30T20:43:11.260508Z,1788122590142,ETH-USDT-SWAP,sell,long,0.67,2489.06,"{""bkLoss"":""0"",""bkPx"":""2489.06"",""ccy"":"""",""posSide"":""long"",""side"":""sell"",""sz"":""0.67"",""ts"":""1788122590142""}"
2026-08-30T20:43:11.291041Z,1788122589832,BTC-USDT-SWAP,sell,long,0.04,78573.3,"{""bkLoss"":""0"",""bkPx"":""78573.3"",""ccy"":"""",""posSide"":""long"",""side"":""sell"",""sz"":""0.04"",""ts"":""1788122589832""}"
2026-08-30T20:43:11.299282Z,1788122589840,ETH-USDT-SWAP,sell,long,3.01,2489.91,"{""bkLoss"":""0"",""bkPx"":""2489.91"",""ccy"":"""",""posSide"":""long"",""side"":""sell"",""sz"":""3.01"",""ts"":""1788122589840""}"
2026-08-30T20:43:11.401509Z,1788122589780,XRP-USDT-SWAP,sell,long,37.48,1.3958,"{""bkLoss"":""0"",""bkPx"":""1.3958"",""ccy"":"""",""posSide"":""long"",""side"":""sell"",""sz"":""37.48"",""ts"":""1788122589780""}"
2026-08-30T20:43:11.953981Z,1788122589715,DOGE-USDT-SWAP,sell,long,333.87,0.08505,"{""bkLoss"":""0"",""bkPx"":""0.08505"",""ccy"":"""",""posSide"":""long"",""side"":""sell"",""sz"":""333.87"",""ts"":""1788122589715""}"
2026-08-30T20:43:12.673850Z,1788122591557,SOL-USDT-SWAP,sell,long,0.5,104.67,"{""bkLoss"":""0"",""bkPx"":""104.67"",""ccy"":"""",""posSide"":""long"",""side"":""sell"",""sz"":""0.5"",""ts"":""1788122591557""}"
2026-08-30T20:43:12.819530Z,1788122591631,ETH-USDT-SWAP,sell,long,25.59,2488.31,"{""bkLoss"":""0"",""bkPx"":""2488.31"",""ccy"":"""",""posSide"":""long"",""side"":""sell"",""sz"":""25.59"",""ts"":""1788122591631""}"
2026-08-30T20:43:12.961796Z,1788122592044,APT-USDT-SWAP,sell,long,5178,0.5391,"{""bkLoss"":""0"",""bkPx"":""0.5391"",""ccy"":"""",""posSide"":""long"",""side"":""sell"",""sz"":""5178"",""ts"":""1788122592044""}"
2026-08-30T20:43:13.098469Z,1788122590103,SHIB-USDT-SWAP,sell,long,22.2,0.000005121,"{""bkLoss"":""0"",""bkPx"":""0.000005121"",""ccy"":"""",""posSide"":""long"",""side"":""sell"",""sz"":""22.2"",""ts"":""1788122590103""}"
2026-08-30T20:43:13.098901Z,1788122591775,BTC-USDT-SWAP,sell,long,0.66,78554.1,"{""bkLoss"":""0"",""bkPx"":""78554.1"",""ccy"":"""",""posSide"":""long"",""side"":""sell"",""sz"":""0.66"",""ts"":""1788122591775""}"
2026-08-30T20:43:13.144947Z,1788122591031,LIT-USDT-SWAP,sell,long,38,3.7893,"{""bkLoss"":""0"",""bkPx"":""3.7893"",""ccy"":"""",""posSide"":""long"",""side"":""sell"",""sz"":""38"",""ts"":""1788122591031""}"
2026-08-30T20:43:13.174159Z,1788122591921,DOGE-USDT-SWAP,sell,long,0.78,0.08487,"{""bkLoss"":""0"",""bkPx"":""0.08487"",""ccy"":"""",""posSide"":""long"",""side"":""sell"",""sz"":""0.78"",""ts"":""1788122591921""}"
2026-08-30T20:43:13.788043Z,1788122592455,BTC-USDT-SWAP,sell,long,1.66,78540,"{""bkLoss"":""0"",""bkPx"":""78540"",""ccy"":"""",""posSide"":""long"",""side"":""sell"",""sz"":""1.66"",""ts"":""1788122592455""}"
2026-08-30T20:43:14.322286Z,1788122591148,TAO-USDT-SWAP,sell,long,618,235.3,"{""bkLoss"":""0"",""bkPx"":""235.3"",""ccy"":"""",""posSide"":""long"",""side"":""sell"",""sz"":""618"",""ts"":""1788122591148""}"
2026-08-30T20:43:14.346791Z,1788122591703,SUI-USDT-SWAP,sell,long,10134,0.7438,"{""bkLoss"":""0"",""bkPx"":""0.7438"",""ccy"":"""",""posSide"":""long"",""side"":""sell"",""sz"":""10134"",""ts"":""1788122591703""}"
2026-08-30T20:43:14.572284Z,1788122591506,WLD-USDT-SWAP,sell,long,800,0.3779,"{""bkLoss"":""0"",""bkPx"":""0.3779"",""ccy"":"""",""posSide"":""long"",""side"":""sell"",""sz"":""800"",""ts"":""1788122591506""}"
2026-08-30T20:43:14.855626Z,1788122591561,PUMP-USDT-SWAP,sell,long,82,0.004645,"{""bkLoss"":""0"",""bkPx"":""0.004645"",""ccy"":"""",""posSide"":""long"",""side"":""sell"",""sz"":""82"",""ts"":""1788122591561""}"
2026-08-30T20:43:16.412577Z,1788122592588,LTC-USDT-SWAP,sell,long,1.2,49.23,"{""bkLoss"":""0"",""bkPx"":""49.23"",""ccy"":"""",""posSide"":""long"",""side"":""sell"",""sz"":""1.2"",""ts"":""1788122592588""}"
2026-08-30T20:43:19.151420Z,1788122591775,XRP-USDT-SWAP,sell,long,1000,1.3932,"{""bkLoss"":""0"",""bkPx"":""1.3932"",""ccy"":"""",""posSide"":""long"",""side"":""sell"",""sz"":""1000"",""ts"":""1788122591775""}"
2026-08-30T20:43:47.509900Z,1788122626439,BAND-USDT-SWAP,sell,long,357,0.1784,"{""bkLoss"":""0"",""bkPx"":""0.1784"",""ccy"":"""",""posSide"":""long"",""side"":""sell"",""sz"":""357"",""ts"":""1788122626439""}"
2026-08-30T20:44:22.891195Z,1788122661844,LIT-USDT-SWAP,sell,long,8,3.786,"{""bkLoss"":""0"",""bkPx"":""3.786"",""ccy"":"""",""posSide"":""long"",""side"":""sell"",""sz"":""8"",""ts"":""1788122661844""}"
2026-08-30T20:44:24.113224Z,1788122662894,LIT-USDT-SWAP,sell,long,954,3.7782,"{""bkLoss"":""0"",""bkPx"":""3.7782"",""ccy"":"""",""posSide"":""long"",""side"":""sell"",""sz"":""954"",""ts"":""1788122662894""}"
2026-08-30T20:44:24.523486Z,1788122663072,LIT-USDT-SWAP,sell,long,233,3.7746,"{""bkLoss"":""0"",""bkPx"":""3.7746"",""ccy"":"""",""posSide"":""long"",""side"":""sell"",""sz"":""233"",""ts"":""1788122663072""}"
2026-08-30T20:44:25.368865Z,1788122664114,LIT-USDT-SWAP,sell,long,110,3.7735,"{""bkLoss"":""0"",""bkPx"":""3.7735"",""ccy"":"""",""posSide"":""long"",""side"":""sell"",""sz"":""110"",""ts"":""1788122664114""}"
2026-08-30T20:44:32.855930Z,1788122671750,BICO-USDT-SWAP,sell,long,1304,0.02172,"{""bkLoss"":""0"",""bkPx"":""0.02172"",""ccy"":"""",""posSide"":""long"",""side"":""sell"",""sz"":""1304"",""ts"":""1788122671750""}"
2026-08-30T20:44:48.622730Z,1788122687305,BEAT-USDT-SWAP,sell,long,11.7,0.1316,"{""bkLoss"":""0"",""bkPx"":""0.1316"",""ccy"":"""",""posSide"":""long"",""side"":""sell"",""sz"":""11.7"",""ts"":""1788122687305""}"
2026-08-30T20:44:48.968583Z,1788122688202,SOL-USDT-SWAP,sell,long,0.15,104.64,"{""bkLoss"":""0"",""bkPx"":""104.64"",""ccy"":"""",""posSide"":""long"",""side"":""sell"",""sz"":""0.15"",""ts"":""1788122688202""}"
2026-08-30T20:44:49.203749Z,1788122687829,SOL-USDT-SWAP,sell,long,2,104.65,"{""bkLoss"":""0"",""bkPx"":""104.65"",""ccy"":"""",""posSide"":""long"",""side"":""sell"",""sz"":""2"",""ts"":""1788122687829""}"
2026-08-30T20:44:49.294648Z,1788122688434,BTC-USDT-SWAP,sell,long,0.3,78533,"{""bkLoss"":""0"",""bkPx"":""78533"",""ccy"":"""",""posSide"":""long"",""side"":""sell"",""sz"":""0.3"",""ts"":""1788122688434""}"
2026-08-30T20:44:49.474588Z,1788122688579,PEPE-USDT-SWAP,sell,long,228.4,0.000003656,"{""bkLoss"":""0"",""bkPx"":""0.000003656"",""ccy"":"""",""posSide"":""long"",""side"":""sell"",""sz"":""228.4"",""ts"":""1788122688579""}"
2026-08-30T20:44:50.018858Z,1788122689006,BTC-USDT-SWAP,sell,long,0.87,78529.1,"{""bkLoss"":""0"",""bkPx"":""78529.1"",""ccy"":"""",""posSide"":""long"",""side"":""sell"",""sz"":""0.87"",""ts"":""1788122689006""}"
2026-08-30T20:44:50.310734Z,1788122689148,ETH-USDT-SWAP,sell,long,18.46,2488.09,"{""bkLoss"":""0"",""bkPx"":""2488.09"",""ccy"":"""",""posSide"":""long"",""side"":""sell"",""sz"":""18.46"",""ts"":""1788122689148""}"
2026-08-30T20:44:51.440592Z,1788122690010,BTC-USDT-SWAP,sell,long,0.13,78510.9,"{""bkLoss"":""0"",""bkPx"":""78510.9"",""ccy"":"""",""posSide"":""long"",""side"":""sell"",""sz"":""0.13"",""ts"":""1788122690010""}"
2026-08-30T20:44:51.903894Z,1788122690263,ETH-USDT-SWAP,sell,long,0.61,2485.88,"{""bkLoss"":""0"",""bkPx"":""2485.88"",""ccy"":"""",""posSide"":""long"",""side"":""sell"",""sz"":""0.61"",""ts"":""1788122690263""}"
2026-08-30T20:44:52.311107Z,1788122690263,TRUMP-USDT-SWAP,sell,long,115,2.503,"{""bkLoss"":""0"",""bkPx"":""2.503"",""ccy"":"""",""posSide"":""long"",""side"":""sell"",""sz"":""115"",""ts"":""1788122690263""}"
2026-08-30T20:44:52.602114Z,1788122690384,SOL-USDT-SWAP,sell,long,1.56,104.51,"{""bkLoss"":""0"",""bkPx"":""104.51"",""ccy"":"""",""posSide"":""long"",""side"":""sell"",""sz"":""1.56"",""ts"":""1788122690384""}"
2026-08-30T20:44:52.611154Z,1788122690508,DOGE-USDT-SWAP,sell,long,54.75,0.08475,"{""bkLoss"":""0"",""bkPx"":""0.08475"",""ccy"":"""",""posSide"":""long"",""side"":""sell"",""sz"":""54.75"",""ts"":""1788122690508""}"
2026-08-30T20:44:52.640901Z,1788122690544,LINK-USDT-SWAP,sell,long,3.9,11.479,"{""bkLoss"":""0"",""bkPx"":""11.479"",""ccy"":"""",""posSide"":""long"",""side"":""sell"",""sz"":""3.9"",""ts"":""1788122690544""}"
2026-08-30T20:44:53.001755Z,1788122690274,BZ-USDT-SWAP,buy,short,9000,89.94,"{""bkLoss"":""0"",""bkPx"":""89.94"",""ccy"":"""",""posSide"":""short"",""side"":""buy"",""sz"":""9000"",""ts"":""1788122690274""}"
2026-08-30T20:44:53.052760Z,1788122690655,ZEC-USDT-SWAP,sell,long,113,851.79,"{""bkLoss"":""0"",""bkPx"":""851.79"",""ccy"":"""",""posSide"":""long"",""side"":""sell"",""sz"":""113"",""ts"":""1788122690655""}"
2026-08-30T20:44:53.060123Z,1788122690895,ONDO-USDT-SWAP,sell,long,4,0.3534,"{""bkLoss"":""0"",""bkPx"":""0.3534"",""ccy"":"""",""posSide"":""long"",""side"":""sell"",""sz"":""4"",""ts"":""1788122690895""}"
2026-08-30T20:44:53.063474Z,1788122690895,MOVE-USDT-SWAP,sell,long,174,0.008316,"{""bkLoss"":""0"",""bkPx"":""0.008316"",""ccy"":"""",""posSide"":""long"",""side"":""sell"",""sz"":""174"",""ts"":""1788122690895""}"
2026-08-30T20:44:53.276077Z,1788122690591,PNUT-USDT-SWAP,sell,long,5048,0.04979,"{""bkLoss"":""0"",""bkPx"":""0.04979"",""ccy"":"""",""posSide"":""long"",""side"":""sell"",""sz"":""5048"",""ts"":""1788122690591""}"
2026-08-30T20:44:53.281733Z,1788122690395,WLD-USDT-SWAP,sell,long,40955,0.3774,"{""bkLoss"":""0"",""bkPx"":""0.3774"",""ccy"":"""",""posSide"":""long"",""side"":""sell"",""sz"":""40955"",""ts"":""1788122690395""}"
2026-08-30T20:44:53.285629Z,1788122690395,PEPE-USDT-SWAP,sell,long,735,0.000003655,"{""bkLoss"":""0"",""bkPx"":""0.000003655"",""ccy"":"""",""posSide"":""long"",""side"":""sell"",""sz"":""735"",""ts"":""1788122690395""}"
2026-08-30T20:44:53.314647Z,1788122690761,HYPE-USDT-SWAP,sell,long,150,81.584,"{""bkLoss"":""0"",""bkPx"":""81.584"",""ccy"":"""",""posSide"":""long"",""side"":""sell"",""sz"":""150"",""ts"":""1788122690761""}"
2026-08-30T20:44:53.319232Z,1788122690997,BICO-USDT-SWAP,sell,long,17975,0.02167,"{""bkLoss"":""0"",""bkPx"":""0.02167"",""ccy"":"""",""posSide"":""long"",""side"":""sell"",""sz"":""17975"",""ts"":""1788122690997""}"
2026-08-30T20:44:53.325723Z,1788122691000,BTC-USDT-SWAP,sell,long,0.55,78393.8,"{""bkLoss"":""0"",""bkPx"":""78393.8"",""ccy"":"""",""posSide"":""long"",""side"":""sell"",""sz"":""0.55"",""ts"":""1788122691000""}"
2026-08-30T20:44:53.385728Z,1788122690142,BNB-USDT-SWAP,sell,long,8,697,"{""bkLoss"":""0"",""bkPx"":""697"",""ccy"":"""",""posSide"":""long"",""side"":""sell"",""sz"":""8"",""ts"":""1788122690142""}"
2026-08-30T20:44:53.442338Z,1788122690921,XLM-USDT-SWAP,sell,long,0.4,0.17853,"{""bkLoss"":""0"",""bkPx"":""0.17853"",""ccy"":"""",""posSide"":""long"",""side"":""sell"",""sz"":""0.4"",""ts"":""1788122690921""}"
2026-08-30T20:44:53.457650Z,1788122690939,XRP-USDT-SWAP,sell,long,18.18,1.3916,"{""bkLoss"":""0"",""bkPx"":""1.3916"",""ccy"":"""",""posSide"":""long"",""side"":""sell"",""sz"":""18.18"",""ts"":""1788122690939""}"
2026-08-30T20:44:53.784729Z,1788122690859,2Z-USDT-SWAP,sell,long,170,0.0536,"{""bkLoss"":""0"",""bkPx"":""0.0536"",""ccy"":"""",""posSide"":""long"",""side"":""sell"",""sz"":""170"",""ts"":""1788122690859""}"
2026-08-30T20:44:53.850016Z,1788122691129,RE-USDT-SWAP,sell,long,1809,0.47604,"{""bkLoss"":""0"",""bkPx"":""0.47604"",""ccy"":"""",""posSide"":""long"",""side"":""sell"",""sz"":""1809"",""ts"":""1788122691129""}"
2026-08-30T20:44:53.894105Z,1788122690972,APT-USDT-SWAP,sell,long,8,0.538,"{""bkLoss"":""0"",""bkPx"":""0.538"",""ccy"":"""",""posSide"":""long"",""side"":""sell"",""sz"":""8"",""ts"":""1788122690972""}"
2026-08-30T20:44:54.069526Z,1788122692239,PNUT-USDT-SWAP,sell,long,2125,0.04954,"{""bkLoss"":""0"",""bkPx"":""0.04954"",""ccy"":"""",""posSide"":""long"",""side"":""sell"",""sz"":""2125"",""ts"":""1788122692239""}"
2026-08-30T20:44:54.169750Z,1788122691563,LDO-USDT-SWAP,sell,long,61,0.3669,"{""bkLoss"":""0"",""bkPx"":""0.3669"",""ccy"":"""",""posSide"":""long"",""side"":""sell"",""sz"":""61"",""ts"":""1788122691563""}"
2026-08-30T20:44:54.196157Z,1788122690408,UNI-USDT-SWAP,sell,long,54,5.266,"{""bkLoss"":""0"",""bkPx"":""5.266"",""ccy"":"""",""posSide"":""long"",""side"":""sell"",""sz"":""54"",""ts"":""1788122690408""}"
2026-08-30T20:44:54.270482Z,1788122692884,LIT-USDT-SWAP,sell,long,1319,3.7572,"{""bkLoss"":""0"",""bkPx"":""3.7572"",""ccy"":"""",""posSide"":""long"",""side"":""sell"",""sz"":""1319"",""ts"":""1788122692884""}"
2026-08-30T20:44:54.275106Z,1788122693071,TIA-USDT-SWAP,sell,long,42,0.3349,"{""bkLoss"":""0"",""bkPx"":""0.3349"",""ccy"":"""",""posSide"":""long"",""side"":""sell"",""sz"":""42"",""ts"":""1788122693071""}"
2026-08-30T20:44:54.280134Z,1788122691109,PNUT-USDT-SWAP,sell,long,28,0.04962,"{""bkLoss"":""0"",""bkPx"":""0.04962"",""ccy"":"""",""posSide"":""long"",""side"":""sell"",""sz"":""28"",""ts"":""1788122691109""}"
2026-08-30T20:44:54.312654Z,1788122691613,PUMP-USDT-SWAP,sell,long,930,0.004637,"{""bkLoss"":""0"",""bkPx"":""0.004637"",""ccy"":"""",""posSide"":""long"",""side"":""sell"",""sz"":""930"",""ts"":""1788122691613""}"
2026-08-30T20:44:54.317150Z,1788122691615,PEPE-USDT-SWAP,sell,long,84.2,0.000003642,"{""bkLoss"":""0"",""bkPx"":""0.000003642"",""ccy"":"""",""posSide"":""long"",""side"":""sell"",""sz"":""84.2"",""ts"":""1788122691615""}"
2026-08-30T20:44:54.704380Z,1788122690503,SHIB-USDT-SWAP,sell,long,44.5,0.00000511,"{""bkLoss"":""0"",""bkPx"":""0.00000511"",""ccy"":"""",""posSide"":""long"",""side"":""sell"",""sz"":""44.5"",""ts"":""1788122690503""}"
2026-08-30T20:44:54.876251Z,1788122691750,OFC-USDT-SWAP,sell,long,5,0.008867,"{""bkLoss"":""0"",""bkPx"":""0.008867"",""ccy"":"""",""posSide"":""long"",""side"":""sell"",""sz"":""5"",""ts"":""1788122691750""}"
2026-08-30T20:44:54.890621Z,1788122691036,SOL-USDT-SWAP,sell,long,9.11,104.41,"{""bkLoss"":""0"",""bkPx"":""104.41"",""ccy"":"""",""posSide"":""long"",""side"":""sell"",""sz"":""9.11"",""ts"":""1788122691036""}"
2026-08-30T20:44:54.914991Z,1788122691213,TAO-USDT-SWAP,sell,long,327,234.6,"{""bkLoss"":""0"",""bkPx"":""234.6"",""ccy"":"""",""posSide"":""long"",""side"":""sell"",""sz"":""327"",""ts"":""1788122691213""}"
2026-08-30T20:44:54.919753Z,1788122690765,STRK-USDT-SWAP,sell,long,1193,0.02586,"{""bkLoss"":""0"",""bkPx"":""0.02586"",""ccy"":"""",""posSide"":""long"",""side"":""sell"",""sz"":""1193"",""ts"":""1788122690765""}"
2026-08-30T20:44:54.928748Z,1788122691059,ETH-USDT-SWAP,sell,long,2,2484.41,"{""bkLoss"":""0"",""bkPx"":""2484.41"",""ccy"":"""",""posSide"":""long"",""side"":""sell"",""sz"":""2"",""ts"":""1788122691059""}"
2026-08-30T20:44:54.950421Z,1788122691676,TRUMP-USDT-SWAP,sell,long,1243,2.493,"{""bkLoss"":""0"",""bkPx"":""2.493"",""ccy"":"""",""posSide"":""long"",""side"":""sell"",""sz"":""1243"",""ts"":""1788122691676""}"
2026-08-30T20:44:54.982651Z,1788122692087,BEAT-USDT-SWAP,sell,long,7.5,0.1315,"{""bkLoss"":""0"",""bkPx"":""0.1315"",""ccy"":"""",""posSide"":""long"",""side"":""sell"",""sz"":""7.5"",""ts"":""1788122692087""}"
2026-08-30T20:44:55.034367Z,1788122690831,WIF-USDT-SWAP,sell,long,1796,0.1979,"{""bkLoss"":""0"",""bkPx"":""0.1979"",""ccy"":"""",""posSide"":""long"",""side"":""sell"",""sz"":""1796"",""ts"":""1788122690831""}"
2026-08-30T20:44:55.063997Z,1788122690959,CHIP-USDT-SWAP,sell,long,3500,0.03893,"{""bkLoss"":""0"",""bkPx"":""0.03893"",""ccy"":"""",""posSide"":""long"",""side"":""sell"",""sz"":""3500"",""ts"":""1788122690959""}"
2026-08-30T20:44:55.152264Z,1788122691608,ARKM-USDT-SWAP,sell,long,2,0.10966,"{""bkLoss"":""0"",""bkPx"":""0.10966"",""ccy"":"""",""posSide"":""long"",""side"":""sell"",""sz"":""2"",""ts"":""1788122691608""}"
2026-08-30T20:44:55.624969Z,1788122690997,RAVE-USDT-SWAP,sell,long,36.61,0.264,"{""bkLoss"":""0"",""bkPx"":""0.264"",""ccy"":"""",""posSide"":""long"",""side"":""sell"",""sz"":""36.61"",""ts"":""1788122690997""}"
2026-08-30T20:44:55.782212Z,1788122690592,LPT-USDT-SWAP,sell,long,36,1.37,"{""bkLoss"":""0"",""bkPx"":""1.37"",""ccy"":"""",""posSide"":""long"",""side"":""sell"",""sz"":""36"",""ts"":""1788122690592""}"
2026-08-30T20:44:55.796685Z,1788122690394,MRNA-USDT-SWAP,sell,long,0.25,136.48,"{""bkLoss"":""0"",""bkPx"":""136.48"",""ccy"":"""",""posSide"":""long"",""side"":""sell"",""sz"":""0.25"",""ts"":""1788122690394""}"
2026-08-30T20:44:55.801567Z,1788122690394,DRAM-USDT-SWAP,sell,long,1.7,56.27,"{""bkLoss"":""0"",""bkPx"":""56.27"",""ccy"":"""",""posSide"":""long"",""side"":""sell"",""sz"":""1.7"",""ts"":""1788122690394""}"
2026-08-30T20:44:55.805533Z,1788122690394,XAU-USDT-SWAP,sell,long,9,4478.7,"{""bkLoss"":""0"",""bkPx"":""4478.7"",""ccy"":"""",""posSide"":""long"",""side"":""sell"",""sz"":""9"",""ts"":""1788122690394""}"
2026-08-30T20:44:55.831483Z,1788122690722,ENA-USDT-SWAP,sell,long,54,0.15796,"{""bkLoss"":""0"",""bkPx"":""0.15796"",""ccy"":"""",""posSide"":""long"",""side"":""sell"",""sz"":""54"",""ts"":""1788122690722""}"
2026-08-30T20:44:55.877720Z,1788122692811,WLD-USDT-SWAP,sell,long,112,0.3768,"{""bkLoss"":""0"",""bkPx"":""0.3768"",""ccy"":"""",""posSide"":""long"",""side"":""sell"",""sz"":""112"",""ts"":""1788122692811""}"
2026-08-30T20:44:55.897028Z,1788122691203,MAGIC-USDT-SWAP,sell,long,24424,0.04703,"{""bkLoss"":""0"",""bkPx"":""0.04703"",""ccy"":"""",""posSide"":""long"",""side"":""sell"",""sz"":""24424"",""ts"":""1788122691203""}"
2026-08-30T20:44:55.901260Z,1788122692957,AUCTION-USDT-SWAP,sell,long,158,3.899,"{""bkLoss"":""0"",""bkPx"":""3.899"",""ccy"":"""",""posSide"":""long"",""side"":""sell"",""sz"":""158"",""ts"":""1788122692957""}"
2026-08-30T20:44:55.912216Z,1788122691315,ETC-USDT-SWAP,sell,long,0.2,7.327,"{""bkLoss"":""0"",""bkPx"":""7.327"",""ccy"":"""",""posSide"":""long"",""side"":""sell"",""sz"":""0.2"",""ts"":""1788122691315""}"
2026-08-30T20:44:55.935311Z,1788122693014,RE-USDT-SWAP,sell,long,19,0.47424,"{""bkLoss"":""0"",""bkPx"":""0.47424"",""ccy"":"""",""posSide"":""long"",""side"":""sell"",""sz"":""19"",""ts"":""1788122693014""}"
2026-08-30T20:44:56.018705Z,1788122691115,XRP-USDT-SWAP,sell,long,6.29,1.3915,"{""bkLoss"":""0"",""bkPx"":""1.3915"",""ccy"":"""",""posSide"":""long"",""side"":""sell"",""sz"":""6.29"",""ts"":""1788122691115""}"
2026-08-30T20:44:56.095100Z,1788122691632,LTC-USDT-SWAP,sell,long,0.4,49.12,"{""bkLoss"":""0"",""bkPx"":""49.12"",""ccy"":"""",""posSide"":""long"",""side"":""sell"",""sz"":""0.4"",""ts"":""1788122691632""}"
2026-08-30T20:44:56.210177Z,1788122693789,SPACE-USDT-SWAP,sell,long,202,0.00483,"{""bkLoss"":""0"",""bkPx"":""0.00483"",""ccy"":"""",""posSide"":""long"",""side"":""sell"",""sz"":""202"",""ts"":""1788122693789""}"
2026-08-30T20:44:56.564799Z,1788122694193,RE-USDT-SWAP,sell,long,8,0.47388,"{""bkLoss"":""0"",""bkPx"":""0.47388"",""ccy"":"""",""posSide"":""long"",""side"":""sell"",""sz"":""8"",""ts"":""1788122694193""}"
2026-08-30T20:44:56.624750Z,1788122690631,ASTER-USDT-SWAP,sell,long,81,0.6964,"{""bkLoss"":""0"",""bkPx"":""0.6964"",""ccy"":"""",""posSide"":""long"",""side"":""sell"",""sz"":""81"",""ts"":""1788122690631""}"
2026-08-30T20:44:56.637670Z,1788122692501,GALA-USDT-SWAP,sell,long,14957,0.001727,"{""bkLoss"":""0"",""bkPx"":""0.001727"",""ccy"":"""",""posSide"":""long"",""side"":""sell"",""sz"":""14957"",""ts"":""1788122692501""}"
2026-08-30T20:44:56.772194Z,1788122690807,OP-USDT-SWAP,sell,long,5460,0.08851,"{""bkLoss"":""0"",""bkPx"":""0.08851"",""ccy"":"""",""posSide"":""long"",""side"":""sell"",""sz"":""5460"",""ts"":""1788122690807""}"
2026-08-30T20:44:56.782675Z,1788122692536,RE-USDT-SWAP,sell,long,8,0.47513,"{""bkLoss"":""0"",""bkPx"":""0.47513"",""ccy"":"""",""posSide"":""long"",""side"":""sell"",""sz"":""8"",""ts"":""1788122692536""}"
2026-08-30T20:44:56.786970Z,1788122692539,XRP-USDT-SWAP,sell,long,37.53,1.3902,"{""bkLoss"":""0"",""bkPx"":""1.3902"",""ccy"":"""",""posSide"":""long"",""side"":""sell"",""sz"":""37.53"",""ts"":""1788122692539""}"
2026-08-30T20:44:56.825245Z,1788122691797,ZEC-USDT-SWAP,sell,long,31,851.84,"{""bkLoss"":""0"",""bkPx"":""851.84"",""ccy"":"""",""posSide"":""long"",""side"":""sell"",""sz"":""31"",""ts"":""1788122691797""}"
2026-08-30T20:44:56.826088Z,1788122694425,BREV-USDT-SWAP,sell,long,432,0.07325,"{""bkLoss"":""0"",""bkPx"":""0.07325"",""ccy"":"""",""posSide"":""long"",""side"":""sell"",""sz"":""432"",""ts"":""1788122694425""}"
2026-08-30T20:44:56.827978Z,1788122691856,S-USDT-SWAP,sell,long,679,0.02871,"{""bkLoss"":""0"",""bkPx"":""0.02871"",""ccy"":"""",""posSide"":""long"",""side"":""sell"",""sz"":""679"",""ts"":""1788122691856""}"
2026-08-30T20:44:56.841685Z,1788122692311,OFC-USDT-SWAP,sell,long,519,0.008849,"{""bkLoss"":""0"",""bkPx"":""0.008849"",""ccy"":"""",""posSide"":""long"",""side"":""sell"",""sz"":""519"",""ts"":""1788122692311""}"
2026-08-30T20:44:57.699575Z,1788122691684,BICO-USDT-SWAP,sell,long,895,0.02165,"{""bkLoss"":""0"",""bkPx"":""0.02165"",""ccy"":"""",""posSide"":""long"",""side"":""sell"",""sz"":""895"",""ts"":""1788122691684""}"
2026-08-30T20:44:57.746667Z,1788122692701,ACH-USDT-SWAP,sell,long,367,0.00492,"{""bkLoss"":""0"",""bkPx"":""0.00492"",""ccy"":"""",""posSide"":""long"",""side"":""sell"",""sz"":""367"",""ts"":""1788122692701""}"
2026-08-30T20:44:57.755785Z,1788122693043,AUCTION-USDT-SWAP,sell,long,2621,3.899,"{""bkLoss"":""0"",""bkPx"":""3.899"",""ccy"":"""",""posSide"":""long"",""side"":""sell"",""sz"":""2621"",""ts"":""1788122693043""}"
2026-08-30T20:44:57.813714Z,1788122691059,APE-USDT-SWAP,sell,long,3571,0.13673,"{""bkLoss"":""0"",""bkPx"":""0.13673"",""ccy"":"""",""posSide"":""long"",""side"":""sell"",""sz"":""3571"",""ts"":""1788122691059""}"
2026-08-30T20:44:57.896171Z,1788122691598,WLD-USDT-SWAP,sell,long,2037,0.3769,"{""bkLoss"":""0"",""bkPx"":""0.3769"",""ccy"":"""",""posSide"":""long"",""side"":""sell"",""sz"":""2037"",""ts"":""1788122691598""}"
2026-08-30T20:44:57.902002Z,1788122694808,BIGTIME-USDT-SWAP,sell,long,10128,0.006716,"{""bkLoss"":""0"",""bkPx"":""0.006716"",""ccy"":"""",""posSide"":""long"",""side"":""sell"",""sz"":""10128"",""ts"":""1788122694808""}"
2026-08-30T20:44:58.082543Z,1788122690603,CHZ-USDT-SWAP,sell,long,1453,0.01359,"{""bkLoss"":""0"",""bkPx"":""0.01359"",""ccy"":"""",""posSide"":""long"",""side"":""sell"",""sz"":""1453"",""ts"":""1788122690603""}"
2026-08-30T20:44:58.087809Z,1788122694768,OFC-USDT-SWAP,sell,long,300,0.008834,"{""bkLoss"":""0"",""bkPx"":""0.008834"",""ccy"":"""",""posSide"":""long"",""side"":""sell"",""sz"":""300"",""ts"":""1788122694768""}"
2026-08-30T20:44:58.108146Z,1788122690604,OKB-USDT-SWAP,sell,long,174,113.85,"{""bkLoss"":""0"",""bkPx"":""113.85"",""ccy"":"""",""posSide"":""long"",""side"":""sell"",""sz"":""174"",""ts"":""1788122690604""}"
2026-08-30T20:44:58.881923Z,1788122690394,CXMT-USDT-SWAP,sell,long,11,9.02,"{""bkLoss"":""0"",""bkPx"":""9.02"",""ccy"":"""",""posSide"":""long"",""side"":""sell"",""sz"":""11"",""ts"":""1788122690394""}"
2026-08-30T20:44:58.887659Z,1788122690394,MSTR-USDT-SWAP,sell,long,1.99,130.63,"{""bkLoss"":""0"",""bkPx"":""130.63"",""ccy"":"""",""posSide"":""long"",""side"":""sell"",""sz"":""1.99"",""ts"":""1788122690394""}"
2026-08-30T20:44:58.897801Z,1788122690394,NG-USDT-SWAP,sell,long,4,2.941,"{""bkLoss"":""0"",""bkPx"":""2.941"",""ccy"":"""",""posSide"":""long"",""side"":""sell"",""sz"":""4"",""ts"":""1788122690394""}"
2026-08-30T20:44:58.908781Z,1788122690394,NVDA-USDT-SWAP,sell,long,1.27,219.03,"{""bkLoss"":""0"",""bkPx"":""219.03"",""ccy"":"""",""posSide"":""long"",""side"":""sell"",""sz"":""1.27"",""ts"":""1788122690394""}"
2026-08-30T20:44:58.913783Z,1788122690394,DASH-USDT-SWAP,sell,long,88,42.6,"{""bkLoss"":""0"",""bkPx"":""42.6"",""ccy"":"""",""posSide"":""long"",""side"":""sell"",""sz"":""88"",""ts"":""1788122690394""}"
2026-08-30T20:44:58.919806Z,1788122690394,LIT-USDT-SWAP,sell,long,39,3.7707,"{""bkLoss"":""0"",""bkPx"":""3.7707"",""ccy"":"""",""posSide"":""long"",""side"":""sell"",""sz"":""39"",""ts"":""1788122690394""}"
2026-08-30T20:44:58.924915Z,1788122690394,AAPL-USDT-SWAP,sell,long,0.8,321.12,"{""bkLoss"":""0"",""bkPx"":""321.12"",""ccy"":"""",""posSide"":""long"",""side"":""sell"",""sz"":""0.8"",""ts"":""1788122690394""}"
2026-08-30T20:44:58.934701Z,1788122690395,POPMART-USDT-SWAP,sell,long,10.1,20.22,"{""bkLoss"":""0"",""bkPx"":""20.22"",""ccy"":"""",""posSide"":""long"",""side"":""sell"",""sz"":""10.1"",""ts"":""1788122690395""}"
2026-08-30T20:44:58.937817Z,1788122690395,EWY-USDT-SWAP,sell,long,0.47,181.71,"{""bkLoss"":""0"",""bkPx"":""181.71"",""ccy"":"""",""posSide"":""long"",""side"":""sell"",""sz"":""0.47"",""ts"":""1788122690395""}"
2026-08-30T20:44:58.947798Z,1788122690395,AVGO-USDT-SWAP,sell,long,0.42,371.77,"{""bkLoss"":""0"",""bkPx"":""371.77"",""ccy"":"""",""posSide"":""long"",""side"":""sell"",""sz"":""0.42"",""ts"":""1788122690395""}"
2026-08-30T20:44:58.957937Z,1788122690395,PUMP-USDT-SWAP,sell,long,223,0.004643,"{""bkLoss"":""0"",""bkPx"":""0.004643"",""ccy"":"""",""posSide"":""long"",""side"":""sell"",""sz"":""223"",""ts"":""1788122690395""}"
2026-08-30T20:44:58.959913Z,1788122690395,ADA-USDT-SWAP,sell,long,6.4,0.2004,"{""bkLoss"":""0"",""bkPx"":""0.2004"",""ccy"":"""",""posSide"":""long"",""side"":""sell"",""sz"":""6.4"",""ts"":""1788122690395""}"
2026-08-30T20:44:59.862983Z,1788122690395,CORE-USDT-SWAP,sell,long,300000,0.02219,"{""bkLoss"":""0"",""bkPx"":""0.02219"",""ccy"":"""",""posSide"":""long"",""side"":""sell"",""sz"":""300000"",""ts"":""1788122690395""}"
2026-08-30T20:44:59.999427Z,1788122692816,SAND-USDT-SWAP,sell,long,1455,0.03837,"{""bkLoss"":""0"",""bkPx"":""0.03837"",""ccy"":"""",""posSide"":""long"",""side"":""sell"",""sz"":""1455"",""ts"":""1788122692816""}"
2026-08-30T20:45:01.099138Z,1788122695138,TURBO-USDT-SWAP,sell,long,23.2,0.0009741,"{""bkLoss"":""0"",""bkPx"":""0.0009741"",""ccy"":"""",""posSide"":""long"",""side"":""sell"",""sz"":""23.2"",""ts"":""1788122695138""}"
2026-08-30T20:45:01.195968Z,1788122691242,ACT-USDT-SWAP,sell,long,11897,0.010593,"{""bkLoss"":""0"",""bkPx"":""0.010593"",""ccy"":"""",""posSide"":""long"",""side"":""sell"",""sz"":""11897"",""ts"":""1788122691242""}"
2026-08-30T20:45:02.063337Z,1788122699675,BEAT-USDT-SWAP,sell,long,1053,0.1311,"{""bkLoss"":""0"",""bkPx"":""0.1311"",""ccy"":"""",""posSide"":""long"",""side"":""sell"",""sz"":""1053"",""ts"":""1788122699675""}"
2026-08-30T20:45:02.907341Z,1788122692936,BICO-USDT-SWAP,sell,long,37270,0.02166,"{""bkLoss"":""0"",""bkPx"":""0.02166"",""ccy"":"""",""posSide"":""long"",""side"":""sell"",""sz"":""37270"",""ts"":""1788122692936""}"
2026-08-30T20:45:03.535243Z,1788122691030,BCH-USDT-SWAP,sell,long,140,249.5,"{""bkLoss"":""0"",""bkPx"":""249.5"",""ccy"":"""",""posSide"":""long"",""side"":""sell"",""sz"":""140"",""ts"":""1788122691030""}"
2026-08-30T20:45:04.840734Z,1788122693358,TURBO-USDT-SWAP,sell,long,0.3,0.0009745,"{""bkLoss"":""0"",""bkPx"":""0.0009745"",""ccy"":"""",""posSide"":""long"",""side"":""sell"",""sz"":""0.3"",""ts"":""1788122693358""}"
2026-08-30T20:45:08.390152Z,1788122692295,ZEC-USDT-SWAP,sell,long,7,851.54,"{""bkLoss"":""0"",""bkPx"":""851.54"",""ccy"":"""",""posSide"":""long"",""side"":""sell"",""sz"":""7"",""ts"":""1788122692295""}"
2026-08-30T20:45:11.609682Z,1788122692646,ETH-USDT-SWAP,sell,long,1,2484.48,"{""bkLoss"":""0"",""bkPx"":""2484.48"",""ccy"":"""",""posSide"":""long"",""side"":""sell"",""sz"":""1"",""ts"":""1788122692646""}"
2026-08-30T20:45:12.240005Z,1788122702410,OFC-USDT-SWAP,sell,long,3,0.008823,"{""bkLoss"":""0"",""bkPx"":""0.008823"",""ccy"":"""",""posSide"":""long"",""side"":""sell"",""sz"":""3"",""ts"":""1788122702410""}"
2026-08-30T20:45:13.666888Z,1788122693237,NEIRO-USDT-SWAP,sell,long,60,0.00008482,"{""bkLoss"":""0"",""bkPx"":""0.00008482"",""ccy"":"""",""posSide"":""long"",""side"":""sell"",""sz"":""60"",""ts"":""1788122693237""}"
2026-08-30T20:45:20.893750Z,1788122719763,HUMA-USDT-SWAP,sell,long,31,0.01962,"{""bkLoss"":""0"",""bkPx"":""0.01962"",""ccy"":"""",""posSide"":""long"",""side"":""sell"",""sz"":""31"",""ts"":""1788122719763""}"
2026-08-30T20:45:29.325695Z,1788122728592,ZK-USDT-SWAP,sell,long,2084,0.009294,"{""bkLoss"":""0"",""bkPx"":""0.009294"",""ccy"":"""",""posSide"":""long"",""side"":""sell"",""sz"":""2084"",""ts"":""1788122728592""}"
2026-08-30T20:45:45.464612Z,1788122704871,SNDK-USDT-SWAP,sell,long,7.661,1490.54,"{""bkLoss"":""0"",""bkPx"":""1490.54"",""ccy"":"""",""posSide"":""long"",""side"":""sell"",""sz"":""7.661"",""ts"":""1788122704871""}"
2026-08-30T20:46:03.059210Z,1788122762253,MON-USDT-SWAP,sell,long,247,0.0277,"{""bkLoss"":""0"",""bkPx"":""0.0277"",""ccy"":"""",""posSide"":""long"",""side"":""sell"",""sz"":""247"",""ts"":""1788122762253""}"
2026-08-30T20:46:22.406119Z,1788122736775,ANIME-USDT-SWAP,sell,long,534,0.002791,"{""bkLoss"":""0"",""bkPx"":""0.002791"",""ccy"":"""",""posSide"":""long"",""side"":""sell"",""sz"":""534"",""ts"":""1788122736775""}"
2026-08-30T20:46:55.523514Z,1788122814736,CL-USDT-SWAP,buy,short,14,84.95,"{""bkLoss"":""0"",""bkPx"":""84.95"",""ccy"":"""",""posSide"":""short"",""side"":""buy"",""sz"":""14"",""ts"":""1788122814736""}"
2026-08-30T20:47:34.200419Z,1788122852959,ZKP-USDT-SWAP,sell,long,508,0.05278,"{""bkLoss"":""0"",""bkPx"":""0.05278"",""ccy"":"""",""posSide"":""long"",""side"":""sell"",""sz"":""508"",""ts"":""1788122852959""}"
2026-08-30T20:49:06.161322Z,1788122944972,ZORA-USDT-SWAP,buy,short,5053,0.007704,"{""bkLoss"":""0"",""bkPx"":""0.007704"",""ccy"":"""",""posSide"":""short"",""side"":""buy"",""sz"":""5053"",""ts"":""1788122944972""}"
2026-08-30T20:49:06.467209Z,1788122945326,ZORA-USDT-SWAP,buy,short,915,0.007708,"{""bkLoss"":""0"",""bkPx"":""0.007708"",""ccy"":"""",""posSide"":""short"",""side"":""buy"",""sz"":""915"",""ts"":""1788122945326""}"
2026-08-30T20:49:07.057918Z,1788122946133,ZORA-USDT-SWAP,buy,short,6260,0.00774,"{""bkLoss"":""0"",""bkPx"":""0.00774"",""ccy"":"""",""posSide"":""short"",""side"":""buy"",""sz"":""6260"",""ts"":""1788122946133""}"
2026-08-30T20:49:19.761937Z,1788122958458,ZORA-USDT-SWAP,buy,short,4199,0.00778,"{""bkLoss"":""0"",""bkPx"":""0.00778"",""ccy"":"""",""posSide"":""short"",""side"":""buy"",""sz"":""4199"",""ts"":""1788122958458""}"
2026-08-30T20:49:20.424764Z,1788122959080,ZORA-USDT-SWAP,buy,short,398,0.007787,"{""bkLoss"":""0"",""bkPx"":""0.007787"",""ccy"":"""",""posSide"":""short"",""side"":""buy"",""sz"":""398"",""ts"":""1788122959080""}"
2026-08-30T20:49:23.499174Z,1788122962232,ZORA-USDT-SWAP,buy,short,4131,0.007803,"{""bkLoss"":""0"",""bkPx"":""0.007803"",""ccy"":"""",""posSide"":""short"",""side"":""buy"",""sz"":""4131"",""ts"":""1788122962232""}"
2026-08-30T20:49:26.022034Z,1788122964938,ZORA-USDT-SWAP,buy,short,10847,0.007813,"{""bkLoss"":""0"",""bkPx"":""0.007813"",""ccy"":"""",""posSide"":""short"",""side"":""buy"",""sz"":""10847"",""ts"":""1788122964938""}"
2026-08-30T20:49:26.985760Z,1788122965617,ZORA-USDT-SWAP,buy,short,1,0.007838,"{""bkLoss"":""0"",""bkPx"":""0.007838"",""ccy"":"""",""posSide"":""short"",""side"":""buy"",""sz"":""1"",""ts"":""1788122965617""}"
2026-08-30T20:49:27.199900Z,1788122966090,ZORA-USDT-SWAP,buy,short,1529,0.007876,"{""bkLoss"":""0"",""bkPx"":""0.007876"",""ccy"":"""",""posSide"":""short"",""side"":""buy"",""sz"":""1529"",""ts"":""1788122966090""}"
2026-08-30T20:49:29.651687Z,1788122968548,ZORA-USDT-SWAP,buy,short,1483,0.007905,"{""bkLoss"":""0"",""bkPx"":""0.007905"",""ccy"":"""",""posSide"":""short"",""side"":""buy"",""sz"":""1483"",""ts"":""1788122968548""}"
2026-08-30T20:49:52.431465Z,1788122991335,ZORA-USDT-SWAP,buy,short,9558,0.007936,"{""bkLoss"":""0"",""bkPx"":""0.007936"",""ccy"":"""",""posSide"":""short"",""side"":""buy"",""sz"":""9558"",""ts"":""1788122991335""}"
2026-08-30T20:49:52.981012Z,1788122992099,ZORA-USDT-SWAP,buy,short,7562,0.007945,"{""bkLoss"":""0"",""bkPx"":""0.007945"",""ccy"":"""",""posSide"":""short"",""side"":""buy"",""sz"":""7562"",""ts"":""1788122992099""}"
2026-08-30T20:49:54.804404Z,1788122993940,BEAT-USDT-SWAP,sell,long,35.8,0.131,"{""bkLoss"":""0"",""bkPx"":""0.131"",""ccy"":"""",""posSide"":""long"",""side"":""sell"",""sz"":""35.8"",""ts"":""1788122993940""}"
2026-08-30T20:50:07.090210Z,1788123005931,ZORA-USDT-SWAP,buy,short,45,0.007979,"{""bkLoss"":""0"",""bkPx"":""0.007979"",""ccy"":"""",""posSide"":""short"",""side"":""buy"",""sz"":""45"",""ts"":""1788123005931""}"
2026-08-30T20:50:15.138763Z,1788123013787,ZKP-USDT-SWAP,sell,long,272,0.05256,"{""bkLoss"":""0"",""bkPx"":""0.05256"",""ccy"":"""",""posSide"":""long"",""side"":""sell"",""sz"":""272"",""ts"":""1788123013787""}"
2026-08-30T20:50:16.301653Z,1788123014863,BEAT-USDT-SWAP,sell,long,1652,0.1309,"{""bkLoss"":""0"",""bkPx"":""0.1309"",""ccy"":"""",""posSide"":""long"",""side"":""sell"",""sz"":""1652"",""ts"":""1788123014863""}"
2026-08-30T20:51:31.810718Z,1788123090671,ENJ-USDT-SWAP,sell,long,1496,0.02455,"{""bkLoss"":""0"",""bkPx"":""0.02455"",""ccy"":"""",""posSide"":""long"",""side"":""sell"",""sz"":""1496"",""ts"":""1788123090671""}"
2026-08-30T20:52:34.026524Z,1788123152646,BICO-USDT-SWAP,sell,long,48945,0.02165,"{""bkLoss"":""0"",""bkPx"":""0.02165"",""ccy"":"""",""posSide"":""long"",""side"":""sell"",""sz"":""48945"",""ts"":""1788123152646""}"
2026-08-30T20:52:34.030991Z,1788123152646,ETH-USDT-SWAP,buy,short,10,2496.05,"{""bkLoss"":""0"",""bkPx"":""2496.05"",""ccy"":"""",""posSide"":""short"",""side"":""buy"",""sz"":""10"",""ts"":""1788123152646""}"
2026-08-30T20:53:01.845851Z,1788123180500,XRP-USDT-SWAP,buy,short,33.62,1.4005,"{""bkLoss"":""0"",""bkPx"":""1.4005"",""ccy"":"""",""posSide"":""short"",""side"":""buy"",""sz"":""33.62"",""ts"":""1788123180500""}"
2026-08-30T20:53:09.336777Z,1788123188236,ZORA-USDT-SWAP,buy,short,596,0.007987,"{""bkLoss"":""0"",""bkPx"":""0.007987"",""ccy"":"""",""posSide"":""short"",""side"":""buy"",""sz"":""596"",""ts"":""1788123188236""}"
2026-08-30T20:53:10.555204Z,1788123189376,ZORA-USDT-SWAP,buy,short,35000,0.007995,"{""bkLoss"":""0"",""bkPx"":""0.007995"",""ccy"":"""",""posSide"":""short"",""side"":""buy"",""sz"":""35000"",""ts"":""1788123189376""}"
2026-08-30T20:53:13.208957Z,1788123192156,ZKP-USDT-SWAP,sell,long,40,0.05238,"{""bkLoss"":""0"",""bkPx"":""0.05238"",""ccy"":"""",""posSide"":""long"",""side"":""sell"",""sz"":""40"",""ts"":""1788123192156""}"
2026-08-30T20:53:15.644901Z,1788123194350,ZKP-USDT-SWAP,sell,long,242,0.05236,"{""bkLoss"":""0"",""bkPx"":""0.05236"",""ccy"":"""",""posSide"":""long"",""side"":""sell"",""sz"":""242"",""ts"":""1788123194350""}"
2026-08-30T20:53:22.964742Z,1788123201778,BICO-USDT-SWAP,sell,long,67141,0.02164,"{""bkLoss"":""0"",""bkPx"":""0.02164"",""ccy"":"""",""posSide"":""long"",""side"":""sell"",""sz"":""67141"",""ts"":""1788123201778""}"
2026-08-30T20:53:28.642372Z,1788123207439,ZKP-USDT-SWAP,sell,long,1176,0.05233,"{""bkLoss"":""0"",""bkPx"":""0.05233"",""ccy"":"""",""posSide"":""long"",""side"":""sell"",""sz"":""1176"",""ts"":""1788123207439""}"
2026-08-30T20:53:29.052355Z,1788123207858,BICO-USDT-SWAP,sell,long,10000,0.02163,"{""bkLoss"":""0"",""bkPx"":""0.02163"",""ccy"":"""",""posSide"":""long"",""side"":""sell"",""sz"":""10000"",""ts"":""1788123207858""}"
2026-08-30T20:53:31.886412Z,1788123210691,BICO-USDT-SWAP,sell,long,1214,0.02162,"{""bkLoss"":""0"",""bkPx"":""0.02162"",""ccy"":"""",""posSide"":""long"",""side"":""sell"",""sz"":""1214"",""ts"":""1788123210691""}"
2026-08-30T20:53:33.098944Z,1788123211644,ZKP-USDT-SWAP,sell,long,2240,0.05226,"{""bkLoss"":""0"",""bkPx"":""0.05226"",""ccy"":"""",""posSide"":""long"",""side"":""sell"",""sz"":""2240"",""ts"":""1788123211644""}"
2026-08-30T20:53:42.892897Z,1788123221694,BICO-USDT-SWAP,sell,long,48,0.02161,"{""bkLoss"":""0"",""bkPx"":""0.02161"",""ccy"":"""",""posSide"":""long"",""side"":""sell"",""sz"":""48"",""ts"":""1788123221694""}"
2026-08-30T20:53:49.646357Z,1788123228927,ZKP-USDT-SWAP,sell,long,529,0.05171,"{""bkLoss"":""0"",""bkPx"":""0.05171"",""ccy"":"""",""posSide"":""long"",""side"":""sell"",""sz"":""529"",""ts"":""1788123228927""}"
2026-08-30T20:53:54.987490Z,1788123234232,BICO-USDT-SWAP,sell,long,17278,0.0216,"{""bkLoss"":""0"",""bkPx"":""0.0216"",""ccy"":"""",""posSide"":""long"",""side"":""sell"",""sz"":""17278"",""ts"":""1788123234232""}"
2026-08-30T20:54:04.580748Z,1788123243168,GRVT-USDT-SWAP,sell,long,199,0.17479,"{""bkLoss"":""0"",""bkPx"":""0.17479"",""ccy"":"""",""posSide"":""long"",""side"":""sell"",""sz"":""199"",""ts"":""1788123243168""}"
2026-08-30T20:54:09.303356Z,1788123248167,AUCTION-USDT-SWAP,sell,long,1131,3.891,"{""bkLoss"":""0"",""bkPx"":""3.891"",""ccy"":"""",""posSide"":""long"",""side"":""sell"",""sz"":""1131"",""ts"":""1788123248167""}"
2026-08-30T20:54:11.218623Z,1788123250543,AUCTION-USDT-SWAP,sell,long,241,3.879,"{""bkLoss"":""0"",""bkPx"":""3.879"",""ccy"":"""",""posSide"":""long"",""side"":""sell"",""sz"":""241"",""ts"":""1788123250543""}"
2026-08-30T20:54:12.577780Z,1788123251557,AUCTION-USDT-SWAP,sell,long,10,3.877,"{""bkLoss"":""0"",""bkPx"":""3.877"",""ccy"":"""",""posSide"":""long"",""side"":""sell"",""sz"":""10"",""ts"":""1788123251557""}"
2026-08-30T20:54:21.626750Z,1788123260939,BICO-USDT-SWAP,sell,long,175000,0.02158,"{""bkLoss"":""0"",""bkPx"":""0.02158"",""ccy"":"""",""posSide"":""long"",""side"":""sell"",""sz"":""175000"",""ts"":""1788123260939""}"
2026-08-30T20:54:22.228580Z,1788123261004,BICO-USDT-SWAP,sell,long,11376,0.02158,"{""bkLoss"":""0"",""bkPx"":""0.02158"",""ccy"":"""",""posSide"":""long"",""side"":""sell"",""sz"":""11376"",""ts"":""1788123261004""}"
2026-08-30T20:54:32.722129Z,1788123271563,BEAT-USDT-SWAP,sell,long,72.5,0.1308,"{""bkLoss"":""0"",""bkPx"":""0.1308"",""ccy"":"""",""posSide"":""long"",""side"":""sell"",""sz"":""72.5"",""ts"":""1788123271563""}"
2026-08-30T20:54:33.792039Z,1788123272504,AUCTION-USDT-SWAP,sell,long,451,3.875,"{""bkLoss"":""0"",""bkPx"":""3.875"",""ccy"":"""",""posSide"":""long"",""side"":""sell"",""sz"":""451"",""ts"":""1788123272504""}"
2026-08-30T20:54:35.455724Z,1788123274518,AUCTION-USDT-SWAP,sell,long,54,3.864,"{""bkLoss"":""0"",""bkPx"":""3.864"",""ccy"":"""",""posSide"":""long"",""side"":""sell"",""sz"":""54"",""ts"":""1788123274518""}"
2026-08-30T20:55:42.107996Z,1788123341306,ZORA-USDT-SWAP,buy,short,1593,0.007997,"{""bkLoss"":""0"",""bkPx"":""0.007997"",""ccy"":"""",""posSide"":""short"",""side"":""buy"",""sz"":""1593"",""ts"":""1788123341306""}"
2026-08-30T20:55:46.190214Z,1788123344962,ZORA-USDT-SWAP,buy,short,484,0.008032,"{""bkLoss"":""0"",""bkPx"":""0.008032"",""ccy"":"""",""posSide"":""short"",""side"":""buy"",""sz"":""484"",""ts"":""1788123344962""}"
2026-08-30T20:55:46.340641Z,1788123345103,ZORA-USDT-SWAP,buy,short,2135,0.008032,"{""bkLoss"":""0"",""bkPx"":""0.008032"",""ccy"":"""",""posSide"":""short"",""side"":""buy"",""sz"":""2135"",""ts"":""1788123345103""}"
2026-08-30T20:55:47.469619Z,1788123346711,ZORA-USDT-SWAP,buy,short,252,0.008072,"{""bkLoss"":""0"",""bkPx"":""0.008072"",""ccy"":"""",""posSide"":""short"",""side"":""buy"",""sz"":""252"",""ts"":""1788123346711""}"
2026-08-30T20:55:48.563601Z,1788123347638,ZORA-USDT-SWAP,buy,short,100,0.008087,"{""bkLoss"":""0"",""bkPx"":""0.008087"",""ccy"":"""",""posSide"":""short"",""side"":""buy"",""sz"":""100"",""ts"":""1788123347638""}"
2026-08-30T20:56:05.344529Z,1788123364296,ANIME-USDT-SWAP,buy,short,101064,0.002881,"{""bkLoss"":""0"",""bkPx"":""0.002881"",""ccy"":"""",""posSide"":""short"",""side"":""buy"",""sz"":""101064"",""ts"":""1788123364296""}"
2026-08-30T20:56:24.140152Z,1788123382774,ANIME-USDT-SWAP,buy,short,2069,0.002906,"{""bkLoss"":""0"",""bkPx"":""0.002906"",""ccy"":"""",""posSide"":""short"",""side"":""buy"",""sz"":""2069"",""ts"":""1788123382774""}"
2026-08-30T20:57:17.355340Z,1788123436338,AEON-USDT-SWAP,sell,long,147,0.06168,"{""bkLoss"":""0"",""bkPx"":""0.06168"",""ccy"":"""",""posSide"":""long"",""side"":""sell"",""sz"":""147"",""ts"":""1788123436338""}"
2026-08-30T20:57:37.019079Z,1788123455649,GRVT-USDT-SWAP,sell,long,423,0.17443,"{""bkLoss"":""0"",""bkPx"":""0.17443"",""ccy"":"""",""posSide"":""long"",""side"":""sell"",""sz"":""423"",""ts"":""1788123455649""}"
2026-08-30T20:57:58.163373Z,1788123477285,AEON-USDT-SWAP,sell,long,58,0.06155,"{""bkLoss"":""0"",""bkPx"":""0.06155"",""ccy"":"""",""posSide"":""long"",""side"":""sell"",""sz"":""58"",""ts"":""1788123477285""}"
2026-08-30T20:57:59.894932Z,1788123478457,AEON-USDT-SWAP,sell,long,1453,0.0615,"{""bkLoss"":""0"",""bkPx"":""0.0615"",""ccy"":"""",""posSide"":""long"",""side"":""sell"",""sz"":""1453"",""ts"":""1788123478457""}"
2026-08-30T20:58:01.331137Z,1788123480264,AEON-USDT-SWAP,sell,long,157,0.06146,"{""bkLoss"":""0"",""bkPx"":""0.06146"",""ccy"":"""",""posSide"":""long"",""side"":""sell"",""sz"":""157"",""ts"":""1788123480264""}"
2026-08-30T20:59:05.553684Z,1788123544372,RE-USDT-SWAP,sell,long,82,0.47179,"{""bkLoss"":""0"",""bkPx"":""0.47179"",""ccy"":"""",""posSide"":""long"",""side"":""sell"",""sz"":""82"",""ts"":""1788123544372""}"
2026-08-30T20:59:06.273631Z,1788123545250,RE-USDT-SWAP,sell,long,8,0.47164,"{""bkLoss"":""0"",""bkPx"":""0.47164"",""ccy"":"""",""posSide"":""long"",""side"":""sell"",""sz"":""8"",""ts"":""1788123545250""}"
2026-08-30T20:59:07.995672Z,1788123547105,AUCTION-USDT-SWAP,sell,long,23,3.839,"{""bkLoss"":""0"",""bkPx"":""3.839"",""ccy"":"""",""posSide"":""long"",""side"":""sell"",""sz"":""23"",""ts"":""1788123547105""}"
2026-08-30T20:59:11.385574Z,1788123550287,AUCTION-USDT-SWAP,sell,long,830,3.83,"{""bkLoss"":""0"",""bkPx"":""3.83"",""ccy"":"""",""posSide"":""long"",""side"":""sell"",""sz"":""830"",""ts"":""1788123550287""}"
2026-08-30T20:59:13.291249Z,1788123552306,RE-USDT-SWAP,sell,long,20,0.4705,"{""bkLoss"":""0"",""bkPx"":""0.4705"",""ccy"":"""",""posSide"":""long"",""side"":""sell"",""sz"":""20"",""ts"":""1788123552306""}"
2026-08-30T20:59:14.753689Z,1788123553527,RE-USDT-SWAP,sell,long,815,0.47014,"{""bkLoss"":""0"",""bkPx"":""0.47014"",""ccy"":"""",""posSide"":""long"",""side"":""sell"",""sz"":""815"",""ts"":""1788123553527""}"
2026-08-30T20:59:16.274045Z,1788123555556,AUCTION-USDT-SWAP,sell,long,235,3.828,"{""bkLoss"":""0"",""bkPx"":""3.828"",""ccy"":"""",""posSide"":""long"",""side"":""sell"",""sz"":""235"",""ts"":""1788123555556""}"
2026-08-30T20:59:17.092805Z,1788123556051,AUCTION-USDT-SWAP,sell,long,150,3.827,"{""bkLoss"":""0"",""bkPx"":""3.827"",""ccy"":"""",""posSide"":""long"",""side"":""sell"",""sz"":""150"",""ts"":""1788123556051""}"
2026-08-30T20:59:27.735326Z,1788123566578,AUCTION-USDT-SWAP,sell,long,290,3.81,"{""bkLoss"":""0"",""bkPx"":""3.81"",""ccy"":"""",""posSide"":""long"",""side"":""sell"",""sz"":""290"",""ts"":""1788123566578""}"
2026-08-30T21:00:12.027621Z,1788123610689,GRVT-USDT-SWAP,sell,long,50,0.17416,"{""bkLoss"":""0"",""bkPx"":""0.17416"",""ccy"":"""",""posSide"":""long"",""side"":""sell"",""sz"":""50"",""ts"":""1788123610689""}"
2026-08-30T21:00:15.162574Z,1788123614118,RE-USDT-SWAP,sell,long,153,0.46942,"{""bkLoss"":""0"",""bkPx"":""0.46942"",""ccy"":"""",""posSide"":""long"",""side"":""sell"",""sz"":""153"",""ts"":""1788123614118""}"
2026-08-30T21:00:26.335961Z,1788123625151,RE-USDT-SWAP,sell,long,4,0.46853,"{""bkLoss"":""0"",""bkPx"":""0.46853"",""ccy"":"""",""posSide"":""long"",""side"":""sell"",""sz"":""4"",""ts"":""1788123625151""}"
2026-08-30T21:00:27.123487Z,1788123625909,SUI-USDT-SWAP,sell,long,500,0.7449,"{""bkLoss"":""0"",""bkPx"":""0.7449"",""ccy"":"""",""posSide"":""long"",""side"":""sell"",""sz"":""500"",""ts"":""1788123625909""}"
2026-08-30T21:00:27.129061Z,1788123625909,AEON-USDT-SWAP,sell,long,796,0.06131,"{""bkLoss"":""0"",""bkPx"":""0.06131"",""ccy"":"""",""posSide"":""long"",""side"":""sell"",""sz"":""796"",""ts"":""1788123625909""}"
2026-08-30T21:00:34.713712Z,1788123633433,AEON-USDT-SWAP,sell,long,474,0.06123,"{""bkLoss"":""0"",""bkPx"":""0.06123"",""ccy"":"""",""posSide"":""long"",""side"":""sell"",""sz"":""474"",""ts"":""1788123633433""}"
2026-08-30T21:00:40.895945Z,1788123639867,S-USDT-SWAP,sell,long,939,0.02864,"{""bkLoss"":""0"",""bkPx"":""0.02864"",""ccy"":"""",""posSide"":""long"",""side"":""sell"",""sz"":""939"",""ts"":""1788123639867""}"
2026-08-30T21:00:41.326882Z,1788123637893,KAT-USDT-SWAP,sell,long,214,0.004531,"{""bkLoss"":""0"",""bkPx"":""0.004531"",""ccy"":"""",""posSide"":""long"",""side"":""sell"",""sz"":""214"",""ts"":""1788123637893""}"
2026-08-30T21:00:44.063602Z,1788123642589,AEON-USDT-SWAP,sell,long,65,0.06117,"{""bkLoss"":""0"",""bkPx"":""0.06117"",""ccy"":"""",""posSide"":""long"",""side"":""sell"",""sz"":""65"",""ts"":""1788123642589""}"
2026-08-30T21:01:04.471561Z,1788123663501,CORE-USDT-SWAP,sell,long,100000,0.02187,"{""bkLoss"":""0"",""bkPx"":""0.02187"",""ccy"":"""",""posSide"":""long"",""side"":""sell"",""sz"":""100000"",""ts"":""1788123663501""}"
2026-08-30T21:01:06.329624Z,1788123664058,CORE-USDT-SWAP,sell,long,3173,0.02178,"{""bkLoss"":""0"",""bkPx"":""0.02178"",""ccy"":"""",""posSide"":""long"",""side"":""sell"",""sz"":""3173"",""ts"":""1788123664058""}"
2026-08-30T21:01:07.012334Z,1788123664431,RSR-USDT-SWAP,sell,long,20,0.001359,"{""bkLoss"":""0"",""bkPx"":""0.001359"",""ccy"":"""",""posSide"":""long"",""side"":""sell"",""sz"":""20"",""ts"":""1788123664431""}"
2026-08-30T21:01:11.325957Z,1788123670159,CORE-USDT-SWAP,sell,long,23025,0.02172,"{""bkLoss"":""0"",""bkPx"":""0.02172"",""ccy"":"""",""posSide"":""long"",""side"":""sell"",""sz"":""23025"",""ts"":""1788123670159""}"
2026-08-30T21:01:14.009499Z,1788123671624,CORE-USDT-SWAP,sell,long,2737,0.02166,"{""bkLoss"":""0"",""bkPx"":""0.02166"",""ccy"":"""",""posSide"":""long"",""side"":""sell"",""sz"":""2737"",""ts"":""1788123671624""}"
2026-08-30T21:01:19.981195Z,1788123679191,PUMP-USDT-SWAP,sell,long,212,0.004634,"{""bkLoss"":""0"",""bkPx"":""0.004634"",""ccy"":"""",""posSide"":""long"",""side"":""sell"",""sz"":""212"",""ts"":""1788123679191""}"
2026-08-30T21:01:23.041687Z,1788123680640,ETH-USDT-SWAP,sell,long,2.66,2483.54,"{""bkLoss"":""0"",""bkPx"":""2483.54"",""ccy"":"""",""posSide"":""long"",""side"":""sell"",""sz"":""2.66"",""ts"":""1788123680640""}"
2026-08-30T21:01:23.454388Z,1788123680945,BTC-USDT-SWAP,sell,long,1.23,78413.6,"{""bkLoss"":""0"",""bkPx"":""78413.6"",""ccy"":"""",""posSide"":""long"",""side"":""sell"",""sz"":""1.23"",""ts"":""1788123680945""}"
2026-08-30T21:01:23.471844Z,1788123680945,DOGE-USDT-SWAP,sell,long,144.74,0.08477,"{""bkLoss"":""0"",""bkPx"":""0.08477"",""ccy"":"""",""posSide"":""long"",""side"":""sell"",""sz"":""144.74"",""ts"":""1788123680945""}"
2026-08-30T21:01:23.475557Z,1788123681195,BTC-USDT-SWAP,sell,long,2.76,78391.1,"{""bkLoss"":""0"",""bkPx"":""78391.1"",""ccy"":"""",""posSide"":""long"",""side"":""sell"",""sz"":""2.76"",""ts"":""1788123681195""}"
2026-08-30T21:01:23.481199Z,1788123681195,SOL-USDT-SWAP,sell,long,6.28,104.22,"{""bkLoss"":""0"",""bkPx"":""104.22"",""ccy"":"""",""posSide"":""long"",""side"":""sell"",""sz"":""6.28"",""ts"":""1788123681195""}"
2026-08-30T21:01:23.483359Z,1788123681092,ETH-USDT-SWAP,sell,long,20,2477.27,"{""bkLoss"":""0"",""bkPx"":""2477.27"",""ccy"":"""",""posSide"":""long"",""side"":""sell"",""sz"":""20"",""ts"":""1788123681092""}"
2026-08-30T21:01:23.487414Z,1788123681219,CORE-USDT-SWAP,sell,long,825,0.02149,"{""bkLoss"":""0"",""bkPx"":""0.02149"",""ccy"":"""",""posSide"":""long"",""side"":""sell"",""sz"":""825"",""ts"":""1788123681219""}"
2026-08-30T21:01:23.598470Z,1788123680951,SOL-USDT-SWAP,sell,long,2141.41,104.28,"{""bkLoss"":""0"",""bkPx"":""104.28"",""ccy"":"""",""posSide"":""long"",""side"":""sell"",""sz"":""2141.41"",""ts"":""1788123680951""}"
2026-08-30T21:01:23.657108Z,1788123681571,AEON-USDT-SWAP,sell,long,2441,0.06112,"{""bkLoss"":""0"",""bkPx"":""0.06112"",""ccy"":"""",""posSide"":""long"",""side"":""sell"",""sz"":""2441"",""ts"":""1788123681571""}"
2026-08-30T21:01:23.992885Z,1788123681120,ZEC-USDT-SWAP,sell,long,2404,852.77,"{""bkLoss"":""0"",""bkPx"":""852.77"",""ccy"":"""",""posSide"":""long"",""side"":""sell"",""sz"":""2404"",""ts"":""1788123681120""}"
2026-08-30T21:01:25.816604Z,1788123682008,CORE-USDT-SWAP,sell,long,1064,0.02139,"{""bkLoss"":""0"",""bkPx"":""0.02139"",""ccy"":"""",""posSide"":""long"",""side"":""sell"",""sz"":""1064"",""ts"":""1788123682008""}"
2026-08-30T21:01:25.942190Z,1788123681219,PUMP-USDT-SWAP,sell,long,3,0.004627,"{""bkLoss"":""0"",""bkPx"":""0.004627"",""ccy"":"""",""posSide"":""long"",""side"":""sell"",""sz"":""3"",""ts"":""1788123681219""}"
2026-08-30T21:01:26.122476Z,1788123682741,SPX-USDT-SWAP,sell,long,12500,0.5516,"{""bkLoss"":""0"",""bkPx"":""0.5516"",""ccy"":"""",""posSide"":""long"",""side"":""sell"",""sz"":""12500"",""ts"":""1788123682741""}"
2026-08-30T21:01:26.245761Z,1788123681055,SNDK-USDT-SWAP,buy,short,0.003,1492.28,"{""bkLoss"":""0"",""bkPx"":""1492.28"",""ccy"":"""",""posSide"":""short"",""side"":""buy"",""sz"":""0.003"",""ts"":""1788123681055""}"
2026-08-30T21:01:26.251185Z,1788123681055,ENA-USDT-SWAP,sell,long,3,0.15872,"{""bkLoss"":""0"",""bkPx"":""0.15872"",""ccy"":"""",""posSide"":""long"",""side"":""sell"",""sz"":""3"",""ts"":""1788123681055""}"
2026-08-30T21:01:26.255614Z,1788123681445,ICP-USDT-SWAP,sell,long,21853,2.414,"{""bkLoss"":""0"",""bkPx"":""2.414"",""ccy"":"""",""posSide"":""long"",""side"":""sell"",""sz"":""21853"",""ts"":""1788123681445""}"
2026-08-30T21:01:26.271354Z,1788123681309,POL-USDT-SWAP,sell,long,90,0.09898,"{""bkLoss"":""0"",""bkPx"":""0.09898"",""ccy"":"""",""posSide"":""long"",""side"":""sell"",""sz"":""90"",""ts"":""1788123681309""}"
2026-08-30T21:01:26.344116Z,1788123682434,ZAMA-USDT-SWAP,sell,long,90,0.05252,"{""bkLoss"":""0"",""bkPx"":""0.05252"",""ccy"":"""",""posSide"":""long"",""side"":""sell"",""sz"":""90"",""ts"":""1788123682434""}"
2026-08-30T21:01:26.867512Z,1788123680848,HYPE-USDT-SWAP,sell,long,15,81.56,"{""bkLoss"":""0"",""bkPx"":""81.56"",""ccy"":"""",""posSide"":""long"",""side"":""sell"",""sz"":""15"",""ts"":""1788123680848""}"
2026-08-30T21:01:26.899566Z,1788123681223,LPT-USDT-SWAP,sell,long,310,1.367,"{""bkLoss"":""0"",""bkPx"":""1.367"",""ccy"":"""",""posSide"":""long"",""side"":""sell"",""sz"":""310"",""ts"":""1788123681223""}"
2026-08-30T21:01:26.903579Z,1788123681229,XRP-USDT-SWAP,sell,long,8.73,1.3916,"{""bkLoss"":""0"",""bkPx"":""1.3916"",""ccy"":"""",""posSide"":""long"",""side"":""sell"",""sz"":""8.73"",""ts"":""1788123681229""}"
2026-08-30T21:01:27.064592Z,1788123681121,GIGGLE-USDT-SWAP,sell,long,226,40,"{""bkLoss"":""0"",""bkPx"":""40"",""ccy"":"""",""posSide"":""long"",""side"":""sell"",""sz"":""226"",""ts"":""1788123681121""}"
2026-08-30T21:01:27.646400Z,1788123682793,AEON-USDT-SWAP,sell,long,232,0.06085,"{""bkLoss"":""0"",""bkPx"":""0.06085"",""ccy"":"""",""posSide"":""long"",""side"":""sell"",""sz"":""232"",""ts"":""1788123682793""}"
2026-08-30T21:01:28.762761Z,1788123684778,GRVT-USDT-SWAP,sell,long,12,0.17392,"{""bkLoss"":""0"",""bkPx"":""0.17392"",""ccy"":"""",""posSide"":""long"",""side"":""sell"",""sz"":""12"",""ts"":""1788123684778""}"
2026-08-30T21:01:29.184306Z,1788123687654,PEOPLE-USDT-SWAP,sell,long,1109,0.007838,"{""bkLoss"":""0"",""bkPx"":""0.007838"",""ccy"":"""",""posSide"":""long"",""side"":""sell"",""sz"":""1109"",""ts"":""1788123687654""}"
2026-08-30T21:01:30.432185Z,1788123689402,PUMP-USDT-SWAP,sell,long,2712,0.004626,"{""bkLoss"":""0"",""bkPx"":""0.004626"",""ccy"":"""",""posSide"":""long"",""side"":""sell"",""sz"":""2712"",""ts"":""1788123689402""}"
2026-08-30T21:01:31.009780Z,1788123689875,ETH-USDT-SWAP,sell,long,1.26,2476.54,"{""bkLoss"":""0"",""bkPx"":""2476.54"",""ccy"":"""",""posSide"":""long"",""side"":""sell"",""sz"":""1.26"",""ts"":""1788123689875""}"
2026-08-30T21:01:31.926717Z,1788123687278,AEON-USDT-SWAP,sell,long,783,0.06075,"{""bkLoss"":""0"",""bkPx"":""0.06075"",""ccy"":"""",""posSide"":""long"",""side"":""sell"",""sz"":""783"",""ts"":""1788123687278""}"
2026-08-30T21:01:32.095728Z,1788123690447,ETH-USDT-SWAP,sell,long,1.99,2474.26,"{""bkLoss"":""0"",""bkPx"":""2474.26"",""ccy"":"""",""posSide"":""long"",""side"":""sell"",""sz"":""1.99"",""ts"":""1788123690447""}"
2026-08-30T21:01:32.296897Z,1788123690692,SUI-USDT-SWAP,sell,long,483,0.7408,"{""bkLoss"":""0"",""bkPx"":""0.7408"",""ccy"":"""",""posSide"":""long"",""side"":""sell"",""sz"":""483"",""ts"":""1788123690692""}"
2026-08-30T21:01:32.299666Z,1788123690692,DOGE-USDT-SWAP,sell,long,232.45,0.08463,"{""bkLoss"":""0"",""bkPx"":""0.08463"",""ccy"":"""",""posSide"":""long"",""side"":""sell"",""sz"":""232.45"",""ts"":""1788123690692""}"
2026-08-30T21:01:32.306963Z,1788123690695,SEI-USDT-SWAP,sell,long,50,0.04526,"{""bkLoss"":""0"",""bkPx"":""0.04526"",""ccy"":"""",""posSide"":""long"",""side"":""sell"",""sz"":""50"",""ts"":""1788123690695""}"
2026-08-30T21:01:32.311907Z,1788123690721,KAITO-USDT-SWAP,sell,long,18,0.3037,"{""bkLoss"":""0"",""bkPx"":""0.3037"",""ccy"":"""",""posSide"":""long"",""side"":""sell"",""sz"":""18"",""ts"":""1788123690721""}"
2026-08-30T21:01:32.319903Z,1788123690928,BTC-USDT-SWAP,sell,long,6.33,78390.7,"{""bkLoss"":""0"",""bkPx"":""78390.7"",""ccy"":"""",""posSide"":""long"",""side"":""sell"",""sz"":""6.33"",""ts"":""1788123690928""}"
2026-08-30T21:01:32.326242Z,1788123690929,PEOPLE-USDT-SWAP,sell,long,5373,0.00782,"{""bkLoss"":""0"",""bkPx"":""0.00782"",""ccy"":"""",""posSide"":""long"",""side"":""sell"",""sz"":""5373"",""ts"":""1788123690929""}"
2026-08-30T21:01:32.510341Z,1788123691044,GRVT-USDT-SWAP,sell,long,284,0.17332,"{""bkLoss"":""0"",""bkPx"":""0.17332"",""ccy"":"""",""posSide"":""long"",""side"":""sell"",""sz"":""284"",""ts"":""1788123691044""}"
2026-08-30T21:01:32.518597Z,1788123691052,LTC-USDT-SWAP,sell,long,500,49.03,"{""bkLoss"":""0"",""bkPx"":""49.03"",""ccy"":"""",""posSide"":""long"",""side"":""sell"",""sz"":""500"",""ts"":""1788123691052""}"
2026-08-30T21:01:32.554387Z,1788123688732,ETC-USDT-SWAP,sell,long,14.1,7.31,"{""bkLoss"":""0"",""bkPx"":""7.31"",""ccy"":"""",""posSide"":""long"",""side"":""sell"",""sz"":""14.1"",""ts"":""1788123688732""}"
2026-08-30T21:01:32.574642Z,1788123690213,XRP-USDT-SWAP,sell,long,2.17,1.3905,"{""bkLoss"":""0"",""bkPx"":""1.3905"",""ccy"":"""",""posSide"":""long"",""side"":""sell"",""sz"":""2.17"",""ts"":""1788123690213""}"
2026-08-30T21:01:32.671666Z,1788123691532,ETC-USDT-SWAP,sell,long,4.12,7.294,"{""bkLoss"":""0"",""bkPx"":""7.294"",""ccy"":"""",""posSide"":""long"",""side"":""sell"",""sz"":""4.12"",""ts"":""1788123691532""}"
2026-08-30T21:01:32.676323Z,1788123691535,BEAT-USDT-SWAP,sell,long,126.7,0.1289,"{""bkLoss"":""0"",""bkPx"":""0.1289"",""ccy"":"""",""posSide"":""long"",""side"":""sell"",""sz"":""126.7"",""ts"":""1788123691535""}"
2026-08-30T21:01:32.679755Z,1788123691535,MERL-USDT-SWAP,sell,long,96815,0.02021,"{""bkLoss"":""0"",""bkPx"":""0.02021"",""ccy"":"""",""posSide"":""long"",""side"":""sell"",""sz"":""96815"",""ts"":""1788123691535""}"
2026-08-30T21:01:32.688070Z,1788123691660,PEOPLE-USDT-SWAP,sell,long,1000,0.007793,"{""bkLoss"":""0"",""bkPx"":""0.007793"",""ccy"":"""",""posSide"":""long"",""side"":""sell"",""sz"":""1000"",""ts"":""1788123691660""}"
2026-08-30T21:01:33.338989Z,1788123691123,BTC-USDT-SWAP,sell,long,2.39,78374.9,"{""bkLoss"":""0"",""bkPx"":""78374.9"",""ccy"":"""",""posSide"":""long"",""side"":""sell"",""sz"":""2.39"",""ts"":""1788123691123""}"
2026-08-30T21:01:33.409660Z,1788123691016,DOGE-USDT-SWAP,sell,long,0.03,0.08457,"{""bkLoss"":""0"",""bkPx"":""0.08457"",""ccy"":"""",""posSide"":""long"",""side"":""sell"",""sz"":""0.03"",""ts"":""1788123691016""}"
2026-08-30T21:01:33.410854Z,1788123691019,ETH-USDT-SWAP,sell,long,1.09,2473.28,"{""bkLoss"":""0"",""bkPx"":""2473.28"",""ccy"":"""",""posSide"":""long"",""side"":""sell"",""sz"":""1.09"",""ts"":""1788123691019""}"
2026-08-30T21:01:33.416277Z,1788123691021,SOL-USDT-SWAP,sell,long,12.49,104.17,"{""bkLoss"":""0"",""bkPx"":""104.17"",""ccy"":"""",""posSide"":""long"",""side"":""sell"",""sz"":""12.49"",""ts"":""1788123691021""}"
2026-08-30T21:01:33.419606Z,1788123691058,AEVO-USDT-SWAP,sell,long,2,0.02169,"{""bkLoss"":""0"",""bkPx"":""0.02169"",""ccy"":"""",""posSide"":""long"",""side"":""sell"",""sz"":""2"",""ts"":""1788123691058""}"
2026-08-30T21:01:33.637009Z,1788123691567,BEAT-USDT-SWAP,sell,long,235.1,0.1289,"{""bkLoss"":""0"",""bkPx"":""0.1289"",""ccy"":"""",""posSide"":""long"",""side"":""sell"",""sz"":""235.1"",""ts"":""1788123691567""}"
2026-08-30T21:01:33.642206Z,1788123692413,ALLO-USDT-SWAP,sell,long,109,0.24497,"{""bkLoss"":""0"",""bkPx"":""0.24497"",""ccy"":"""",""posSide"":""long"",""side"":""sell"",""sz"":""109"",""ts"":""1788123692413""}"
2026-08-30T21:01:33.652282Z,1788123690408,SOL-USDT-SWAP,sell,long,0.85,104.21,"{""bkLoss"":""0"",""bkPx"":""104.21"",""ccy"":"""",""posSide"":""long"",""side"":""sell"",""sz"":""0.85"",""ts"":""1788123690408""}"
2026-08-30T21:01:33.786110Z,1788123692352,PUMP-USDT-SWAP,sell,long,1811,0.004614,"{""bkLoss"":""0"",""bkPx"":""0.004614"",""ccy"":"""",""posSide"":""long"",""side"":""sell"",""sz"":""1811"",""ts"":""1788123692352""}"
2026-08-30T21:01:33.788744Z,1788123691082,AAVE-USDT-SWAP,sell,long,12.6,125.57,"{""bkLoss"":""0"",""bkPx"":""125.57"",""ccy"":"""",""posSide"":""long"",""side"":""sell"",""sz"":""12.6"",""ts"":""1788123691082""}"
2026-08-30T21:01:33.791507Z,1788123692352,AEON-USDT-SWAP,sell,long,14800,0.06063,"{""bkLoss"":""0"",""bkPx"":""0.06063"",""ccy"":"""",""posSide"":""long"",""side"":""sell"",""sz"":""14800"",""ts"":""1788123692352""}"
2026-08-30T21:01:33.793290Z,1788123691082,WLD-USDT-SWAP,sell,long,1738,0.3764,"{""bkLoss"":""0"",""bkPx"":""0.3764"",""ccy"":"""",""posSide"":""long"",""side"":""sell"",""sz"":""1738"",""ts"":""1788123691082""}"
2026-08-30T21:01:33.797022Z,1788123691082,AVAX-USDT-SWAP,sell,long,25.7,7.325,"{""bkLoss"":""0"",""bkPx"":""7.325"",""ccy"":"""",""posSide"":""long"",""side"":""sell"",""sz"":""25.7"",""ts"":""1788123691082""}"
2026-08-30T21:01:33.802026Z,1788123692761,TRUMP-USDT-SWAP,sell,long,57,2.502,"{""bkLoss"":""0"",""bkPx"":""2.502"",""ccy"":"""",""posSide"":""long"",""side"":""sell"",""sz"":""57"",""ts"":""1788123692761""}"
2026-08-30T21:01:33.983768Z,1788123691619,PUMP-USDT-SWAP,sell,long,92,0.004619,"{""bkLoss"":""0"",""bkPx"":""0.004619"",""ccy"":"""",""posSide"":""long"",""side"":""sell"",""sz"":""92"",""ts"":""1788123691619""}"
2026-08-30T21:01:34.084121Z,1788123693211,XRP-USDT-SWAP,sell,long,0.61,1.3888,"{""bkLoss"":""0"",""bkPx"":""1.3888"",""ccy"":"""",""posSide"":""long"",""side"":""sell"",""sz"":""0.61"",""ts"":""1788123693211""}"
2026-08-30T21:01:34.111535Z,1788123690954,SHIB-USDT-SWAP,sell,long,1500,0.000005097,"{""bkLoss"":""0"",""bkPx"":""0.000005097"",""ccy"":"""",""posSide"":""long"",""side"":""sell"",""sz"":""1500"",""ts"":""1788123690954""}"
2026-08-30T21:01:34.117041Z,1788123690957,PUMP-USDT-SWAP,sell,long,220,0.00462,"{""bkLoss"":""0"",""bkPx"":""0.00462"",""ccy"":"""",""posSide"":""long"",""side"":""sell"",""sz"":""220"",""ts"":""1788123690957""}"
2026-08-30T21:01:34.426649Z,1788123691935,AEON-USDT-SWAP,sell,long,140,0.06072,"{""bkLoss"":""0"",""bkPx"":""0.06072"",""ccy"":"""",""posSide"":""long"",""side"":""sell"",""sz"":""140"",""ts"":""1788123691935""}"
2026-08-30T21:01:34.434806Z,1788123691051,OL-USDT-SWAP,sell,long,400,0.004823,"{""bkLoss"":""0"",""bkPx"":""0.004823"",""ccy"":"""",""posSide"":""long"",""side"":""sell"",""sz"":""400"",""ts"":""1788123691051""}"
2026-08-30T21:01:34.445538Z,1788123691051,TRUMP-USDT-SWAP,sell,long,500,2.502,"{""bkLoss"":""0"",""bkPx"":""2.502"",""ccy"":"""",""posSide"":""long"",""side"":""sell"",""sz"":""500"",""ts"":""1788123691051""}"
2026-08-30T21:01:34.450700Z,1788123691051,LIGHT-USDT-SWAP,sell,long,380,0.1846,"{""bkLoss"":""0"",""bkPx"":""0.1846"",""ccy"":"""",""posSide"":""long"",""side"":""sell"",""sz"":""380"",""ts"":""1788123691051""}"
2026-08-30T21:01:34.458055Z,1788123691051,LAB-USDT-SWAP,sell,long,80,0.07941,"{""bkLoss"":""0"",""bkPx"":""0.07941"",""ccy"":"""",""posSide"":""long"",""side"":""sell"",""sz"":""80"",""ts"":""1788123691051""}"
2026-08-30T21:01:34.463294Z,1788123691051,ESP-USDT-SWAP,sell,long,35,0.07841,"{""bkLoss"":""0"",""bkPx"":""0.07841"",""ccy"":"""",""posSide"":""long"",""side"":""sell"",""sz"":""35"",""ts"":""1788123691051""}"
2026-08-30T21:01:34.469679Z,1788123691051,PNUT-USDT-SWAP,sell,long,500,0.04964,"{""bkLoss"":""0"",""bkPx"":""0.04964"",""ccy"":"""",""posSide"":""long"",""side"":""sell"",""sz"":""500"",""ts"":""1788123691051""}"
2026-08-30T21:01:34.476410Z,1788123691051,UNI-USDT-SWAP,sell,long,2,5.272,"{""bkLoss"":""0"",""bkPx"":""5.272"",""ccy"":"""",""posSide"":""long"",""side"":""sell"",""sz"":""2"",""ts"":""1788123691051""}"
2026-08-30T21:01:34.483186Z,1788123691051,CHIP-USDT-SWAP,sell,long,25,0.03883,"{""bkLoss"":""0"",""bkPx"":""0.03883"",""ccy"":"""",""posSide"":""long"",""side"":""sell"",""sz"":""25"",""ts"":""1788123691051""}"
2026-08-30T21:01:34.496346Z,1788123691051,YB-USDT-SWAP,sell,long,500,0.09411,"{""bkLoss"":""0"",""bkPx"":""0.09411"",""ccy"":"""",""posSide"":""long"",""side"":""sell"",""sz"":""500"",""ts"":""1788123691051""}"
2026-08-30T21:01:34.499894Z,1788123691057,ICP-USDT-SWAP,sell,long,357,2.411,"{""bkLoss"":""0"",""bkPx"":""2.411"",""ccy"":"""",""posSide"":""long"",""side"":""sell"",""sz"":""357"",""ts"":""1788123691057""}"
2026-08-30T21:01:34.534536Z,1788123691883,PIPPIN-USDT-SWAP,sell,long,387,0.01796,"{""bkLoss"":""0"",""bkPx"":""0.01796"",""ccy"":"""",""posSide"":""long"",""side"":""sell"",""sz"":""387"",""ts"":""1788123691883""}"
2026-08-30T21:01:34.545955Z,1788123691992,CELO-USDT-SWAP,sell,long,30,0.07407,"{""bkLoss"":""0"",""bkPx"":""0.07407"",""ccy"":"""",""posSide"":""long"",""side"":""sell"",""sz"":""30"",""ts"":""1788123691992""}"
2026-08-30T21:01:34.881295Z,1788123693873,MEME-USDT-SWAP,sell,long,2792,0.0005231,"{""bkLoss"":""0"",""bkPx"":""0.0005231"",""ccy"":"""",""posSide"":""long"",""side"":""sell"",""sz"":""2792"",""ts"":""1788123693873""}"
2026-08-30T21:01:35.013562Z,1788123692494,H-USDT-SWAP,sell,long,280,0.07418,"{""bkLoss"":""0"",""bkPx"":""0.07418"",""ccy"":"""",""posSide"":""long"",""side"":""sell"",""sz"":""280"",""ts"":""1788123692494""}"
2026-08-30T21:01:35.210604Z,1788123693324,ADA-USDT-SWAP,sell,long,176.8,0.1997,"{""bkLoss"":""0"",""bkPx"":""0.1997"",""ccy"":"""",""posSide"":""long"",""side"":""sell"",""sz"":""176.8"",""ts"":""1788123693324""}"
2026-08-30T21:01:35.299986Z,1788123690046,GRVT-USDT-SWAP,sell,long,159,0.17382,"{""bkLoss"":""0"",""bkPx"":""0.17382"",""ccy"":"""",""posSide"":""long"",""side"":""sell"",""sz"":""159"",""ts"":""1788123690046""}"
2026-08-30T21:01:35.319710Z,1788123690840,RE-USDT-SWAP,sell,long,2500,0.46729,"{""bkLoss"":""0"",""bkPx"":""0.46729"",""ccy"":"""",""posSide"":""long"",""side"":""sell"",""sz"":""2500"",""ts"":""1788123690840""}"
2026-08-30T21:01:35.460298Z,1788123693939,ALLO-USDT-SWAP,sell,long,220,0.24466,"{""bkLoss"":""0"",""bkPx"":""0.24466"",""ccy"":"""",""posSide"":""long"",""side"":""sell"",""sz"":""220"",""ts"":""1788123693939""}"
2026-08-30T21:01:35.464705Z,1788123694302,LTC-USDT-SWAP,sell,long,500,49,"{""bkLoss"":""0"",""bkPx"":""49"",""ccy"":"""",""posSide"":""long"",""side"":""sell"",""sz"":""500"",""ts"":""1788123694302""}"
2026-08-30T21:01:35.609861Z,1788123694539,ETH-USDT-SWAP,sell,long,13.1,2472.06,"{""bkLoss"":""0"",""bkPx"":""2472.06"",""ccy"":"""",""posSide"":""long"",""side"":""sell"",""sz"":""13.1"",""ts"":""1788123694539""}"
2026-08-30T21:01:35.618587Z,1788123694714,BTC-USDT-SWAP,sell,long,1.57,78369.4,"{""bkLoss"":""0"",""bkPx"":""78369.4"",""ccy"":"""",""posSide"":""long"",""side"":""sell"",""sz"":""1.57"",""ts"":""1788123694714""}"
2026-08-30T21:01:35.618778Z,1788123693743,TRUMP-USDT-SWAP,sell,long,13331,2.5,"{""bkLoss"":""0"",""bkPx"":""2.5"",""ccy"":"""",""posSide"":""long"",""side"":""sell"",""sz"":""13331"",""ts"":""1788123693743""}"
2026-08-30T21:01:35.801086Z,1788123693752,DOGE-USDT-SWAP,sell,long,2.84,0.08455,"{""bkLoss"":""0"",""bkPx"":""0.08455"",""ccy"":"""",""posSide"":""long"",""side"":""sell"",""sz"":""2.84"",""ts"":""1788123693752""}"
2026-08-30T21:01:35.913855Z,1788123686228,BEAT-USDT-SWAP,sell,long,4.4,0.1304,"{""bkLoss"":""0"",""bkPx"":""0.1304"",""ccy"":"""",""posSide"":""long"",""side"":""sell"",""sz"":""4.4"",""ts"":""1788123686228""}"
2026-08-30T21:01:36.033513Z,1788123694003,CELO-USDT-SWAP,sell,long,2400,0.07405,"{""bkLoss"":""0"",""bkPx"":""0.07405"",""ccy"":"""",""posSide"":""long"",""side"":""sell"",""sz"":""2400"",""ts"":""1788123694003""}"
2026-08-30T21:01:36.062644Z,1788123694128,MEME-USDT-SWAP,sell,long,586,0.0005225,"{""bkLoss"":""0"",""bkPx"":""0.0005225"",""ccy"":"""",""posSide"":""long"",""side"":""sell"",""sz"":""586"",""ts"":""1788123694128""}"
2026-08-30T21:01:36.247313Z,1788123693098,BEAT-USDT-SWAP,sell,long,100,0.1278,"{""bkLoss"":""0"",""bkPx"":""0.1278"",""ccy"":"""",""posSide"":""long"",""side"":""sell"",""sz"":""100"",""ts"":""1788123693098""}"
2026-08-30T21:01:36.255823Z,1788123694500,BEAT-USDT-SWAP,sell,long,203.8,0.1279,"{""bkLoss"":""0"",""bkPx"":""0.1279"",""ccy"":"""",""posSide"":""long"",""side"":""sell"",""sz"":""203.8"",""ts"":""1788123694500""}"
2026-08-30T21:01:36.260380Z,1788123694500,TRB-USDT-SWAP,sell,long,667,16.83,"{""bkLoss"":""0"",""bkPx"":""16.83"",""ccy"":"""",""posSide"":""long"",""side"":""sell"",""sz"":""667"",""ts"":""1788123694500""}"
2026-08-30T21:01:36.264920Z,1788123694500,FIL-USDT-SWAP,sell,long,6739,0.6798,"{""bkLoss"":""0"",""bkPx"":""0.6798"",""ccy"":"""",""posSide"":""long"",""side"":""sell"",""sz"":""6739"",""ts"":""1788123694500""}"
2026-08-30T21:01:36.276810Z,1788123693319,AEON-USDT-SWAP,sell,long,163,0.06022,"{""bkLoss"":""0"",""bkPx"":""0.06022"",""ccy"":"""",""posSide"":""long"",""side"":""sell"",""sz"":""163"",""ts"":""1788123693319""}"
2026-08-30T21:01:36.599844Z,1788123691039,XRP-USDT-SWAP,sell,long,50.53,1.3895,"{""bkLoss"":""0"",""bkPx"":""1.3895"",""ccy"":"""",""posSide"":""long"",""side"":""sell"",""sz"":""50.53"",""ts"":""1788123691039""}"
2026-08-30T21:01:36.681416Z,1788123695048,ETH-USDT-SWAP,sell,long,3025.35,2471.42,"{""bkLoss"":""0"",""bkPx"":""2471.42"",""ccy"":"""",""posSide"":""long"",""side"":""sell"",""sz"":""3025.35"",""ts"":""1788123695048""}"
2026-08-30T21:01:36.915519Z,1788123691072,DOS-USDT-SWAP,sell,long,37,0.3111,"{""bkLoss"":""0"",""bkPx"":""0.3111"",""ccy"":"""",""posSide"":""long"",""side"":""sell"",""sz"":""37"",""ts"":""1788123691072""}"
2026-08-30T21:01:36.923732Z,1788123691072,SNDK-USDT-SWAP,sell,long,0.346,1491.53,"{""bkLoss"":""0"",""bkPx"":""1491.53"",""ccy"":"""",""posSide"":""long"",""side"":""sell"",""sz"":""0.346"",""ts"":""1788123691072""}"
2026-08-30T21:01:37.175261Z,1788123693935,PIPPIN-USDT-SWAP,sell,long,114,0.01795,"{""bkLoss"":""0"",""bkPx"":""0.01795"",""ccy"":"""",""posSide"":""long"",""side"":""sell"",""sz"":""114"",""ts"":""1788123693935""}"
2026-08-30T21:01:37.192119Z,1788123690660,CORE-USDT-SWAP,sell,long,1428,0.02136,"{""bkLoss"":""0"",""bkPx"":""0.02136"",""ccy"":"""",""posSide"":""long"",""side"":""sell"",""sz"":""1428"",""ts"":""1788123690660""}"
2026-08-30T21:01:37.502738Z,1788123694257,SNDK-USDT-SWAP,sell,long,0.087,1491.36,"{""bkLoss"":""0"",""bkPx"":""1491.36"",""ccy"":"""",""posSide"":""long"",""side"":""sell"",""sz"":""0.087"",""ts"":""1788123694257""}"
2026-08-30T21:01:37.554362Z,1788123695049,BTC-USDT-SWAP,buy,short,0.01,78363.7,"{""bkLoss"":""0"",""bkPx"":""78363.7"",""ccy"":"""",""posSide"":""short"",""side"":""buy"",""sz"":""0.01"",""ts"":""1788123695049""}"
2026-08-30T21:01:37.634677Z,1788123695426,RE-USDT-SWAP,sell,long,3,0.46691,"{""bkLoss"":""0"",""bkPx"":""0.46691"",""ccy"":"""",""posSide"":""long"",""side"":""sell"",""sz"":""3"",""ts"":""1788123695426""}"
2026-08-30T21:01:37.959536Z,1788123692515,DOS-USDT-SWAP,sell,long,75,0.3111,"{""bkLoss"":""0"",""bkPx"":""0.3111"",""ccy"":"""",""posSide"":""long"",""side"":""sell"",""sz"":""75"",""ts"":""1788123692515""}"
2026-08-30T21:01:38.190708Z,1788123691161,HYPE-USDT-SWAP,sell,long,18000,81.541,"{""bkLoss"":""0"",""bkPx"":""81.541"",""ccy"":"""",""posSide"":""long"",""side"":""sell"",""sz"":""18000"",""ts"":""1788123691161""}"
2026-08-30T21:01:38.523523Z,1788123695817,PEOPLE-USDT-SWAP,sell,long,39,0.007771,"{""bkLoss"":""0"",""bkPx"":""0.007771"",""ccy"":"""",""posSide"":""long"",""side"":""sell"",""sz"":""39"",""ts"":""1788123695817""}"
2026-08-30T21:01:38.613643Z,1788123695868,ASTER-USDT-SWAP,sell,long,1230,0.6952,"{""bkLoss"":""0"",""bkPx"":""0.6952"",""ccy"":"""",""posSide"":""long"",""side"":""sell"",""sz"":""1230"",""ts"":""1788123695868""}"
2026-08-30T21:01:38.619724Z,1788123696056,DOGE-USDT-SWAP,sell,long,15.07,0.08441,"{""bkLoss"":""0"",""bkPx"":""0.08441"",""ccy"":"""",""posSide"":""long"",""side"":""sell"",""sz"":""15.07"",""ts"":""1788123696056""}"
2026-08-30T21:01:38.623615Z,1788123696056,ETH-USDT-SWAP,sell,long,7.1,2470.22,"{""bkLoss"":""0"",""bkPx"":""2470.22"",""ccy"":"""",""posSide"":""long"",""side"":""sell"",""sz"":""7.1"",""ts"":""1788123696056""}"
2026-08-30T21:01:38.627927Z,1788123696075,SOL-USDT-SWAP,sell,long,27.83,104.05,"{""bkLoss"":""0"",""bkPx"":""104.05"",""ccy"":"""",""posSide"":""long"",""side"":""sell"",""sz"":""27.83"",""ts"":""1788123696075""}"
2026-08-30T21:01:38.972764Z,1788123696015,CORE-USDT-SWAP,sell,long,9335,0.0213,"{""bkLoss"":""0"",""bkPx"":""0.0213"",""ccy"":"""",""posSide"":""long"",""side"":""sell"",""sz"":""9335"",""ts"":""1788123696015""}"
2026-08-30T21:01:39.030021Z,1788123696280,BTC-USDT-SWAP,sell,long,0.25,78315.7,"{""bkLoss"":""0"",""bkPx"":""78315.7"",""ccy"":"""",""posSide"":""long"",""side"":""sell"",""sz"":""0.25"",""ts"":""1788123696280""}"
2026-08-30T21:01:39.039990Z,1788123696299,XRP-USDT-SWAP,sell,long,0.03,1.3863,"{""bkLoss"":""0"",""bkPx"":""1.3863"",""ccy"":"""",""posSide"":""long"",""side"":""sell"",""sz"":""0.03"",""ts"":""1788123696299""}"
2026-08-30T21:01:39.046052Z,1788123696299,PEPE-USDT-SWAP,sell,long,37.4,0.000003628,"{""bkLoss"":""0"",""bkPx"":""0.000003628"",""ccy"":"""",""posSide"":""long"",""side"":""sell"",""sz"":""37.4"",""ts"":""1788123696299""}"
2026-08-30T21:01:39.049537Z,1788123696332,PEOPLE-USDT-SWAP,sell,long,2144,0.007737,"{""bkLoss"":""0"",""bkPx"":""0.007737"",""ccy"":"""",""posSide"":""long"",""side"":""sell"",""sz"":""2144"",""ts"":""1788123696332""}"
2026-08-30T21:01:39.062993Z,1788123696345,ZEC-USDT-SWAP,sell,long,45,849.91,"{""bkLoss"":""0"",""bkPx"":""849.91"",""ccy"":"""",""posSide"":""long"",""side"":""sell"",""sz"":""45"",""ts"":""1788123696345""}"
2026-08-30T21:01:39.071632Z,1788123696408,ORDI-USDT-SWAP,sell,long,5447,3.902,"{""bkLoss"":""0"",""bkPx"":""3.902"",""ccy"":"""",""posSide"":""long"",""side"":""sell"",""sz"":""5447"",""ts"":""1788123696408""}"
2026-08-30T21:01:39.080559Z,1788123696427,KAITO-USDT-SWAP,sell,long,176,0.3025,"{""bkLoss"":""0"",""bkPx"":""0.3025"",""ccy"":"""",""posSide"":""long"",""side"":""sell"",""sz"":""176"",""ts"":""1788123696427""}"
2026-08-30T21:01:39.084894Z,1788123696427,AEON-USDT-SWAP,sell,long,40,0.06031,"{""bkLoss"":""0"",""bkPx"":""0.06031"",""ccy"":"""",""posSide"":""long"",""side"":""sell"",""sz"":""40"",""ts"":""1788123696427""}"
2026-08-30T21:01:39.093825Z,1788123696428,BILL-USDT-SWAP,sell,long,89,0.0195,"{""bkLoss"":""0"",""bkPx"":""0.0195"",""ccy"":"""",""posSide"":""long"",""side"":""sell"",""sz"":""89"",""ts"":""1788123696428""}"
2026-08-30T21:01:39.359084Z,1788123696068,RE-USDT-SWAP,sell,long,1500,0.46677,"{""bkLoss"":""0"",""bkPx"":""0.46677"",""ccy"":"""",""posSide"":""long"",""side"":""sell"",""sz"":""1500"",""ts"":""1788123696068""}"
2026-08-30T21:01:39.364563Z,1788123696077,ETC-USDT-SWAP,sell,long,10,7.276,"{""bkLoss"":""0"",""bkPx"":""7.276"",""ccy"":"""",""posSide"":""long"",""side"":""sell"",""sz"":""10"",""ts"":""1788123696077""}"
2026-08-30T21:01:39.422273Z,1788123696282,LAB-USDT-SWAP,sell,long,30,0.07897,"{""bkLoss"":""0"",""bkPx"":""0.07897"",""ccy"":"""",""posSide"":""long"",""side"":""sell"",""sz"":""30"",""ts"":""1788123696282""}"
2026-08-30T21:01:39.724581Z,1788123696104,PUMP-USDT-SWAP,sell,long,8089,0.004609,"{""bkLoss"":""0"",""bkPx"":""0.004609"",""ccy"":"""",""posSide"":""long"",""side"":""sell"",""sz"":""8089"",""ts"":""1788123696104""}"
2026-08-30T21:01:39.730360Z,1788123696108,SUI-USDT-SWAP,sell,long,94,0.7379,"{""bkLoss"":""0"",""bkPx"":""0.7379"",""ccy"":"""",""posSide"":""long"",""side"":""sell"",""sz"":""94"",""ts"":""1788123696108""}"
2026-08-30T21:01:39.733701Z,1788123696110,TURBO-USDT-SWAP,sell,long,21.2,0.0009698,"{""bkLoss"":""0"",""bkPx"":""0.0009698"",""ccy"":"""",""posSide"":""long"",""side"":""sell"",""sz"":""21.2"",""ts"":""1788123696110""}"
2026-08-30T21:01:39.739614Z,1788123696066,UB-USDT-SWAP,sell,long,6,0.12808,"{""bkLoss"":""0"",""bkPx"":""0.12808"",""ccy"":"""",""posSide"":""long"",""side"":""sell"",""sz"":""6"",""ts"":""1788123696066""}"
2026-08-30T21:01:39.784471Z,1788123696276,SAND-USDT-SWAP,sell,long,231,0.03818,"{""bkLoss"":""0"",""bkPx"":""0.03818"",""ccy"":"""",""posSide"":""long"",""side"":""sell"",""sz"":""231"",""ts"":""1788123696276""}"
2026-08-30T21:01:39.787958Z,1788123696527,TRUMP-USDT-SWAP,sell,long,107,2.489,"{""bkLoss"":""0"",""bkPx"":""2.489"",""ccy"":"""",""posSide"":""long"",""side"":""sell"",""sz"":""107"",""ts"":""1788123696527""}"
2026-08-30T21:01:39.825038Z,1788123696420,GRVT-USDT-SWAP,sell,long,866,0.1728,"{""bkLoss"":""0"",""bkPx"":""0.1728"",""ccy"":"""",""posSide"":""long"",""side"":""sell"",""sz"":""866"",""ts"":""1788123696420""}"
2026-08-30T21:01:40.012655Z,1788123692451,MERL-USDT-SWAP,sell,long,3707,0.02016,"{""bkLoss"":""0"",""bkPx"":""0.02016"",""ccy"":"""",""posSide"":""long"",""side"":""sell"",""sz"":""3707"",""ts"":""1788123692451""}"
2026-08-30T21:01:40.174132Z,1788123696427,GRAM-USDT-SWAP,sell,long,15,1.35,"{""bkLoss"":""0"",""bkPx"":""1.35"",""ccy"":"""",""posSide"":""long"",""side"":""sell"",""sz"":""15"",""ts"":""1788123696427""}"
2026-08-30T21:01:40.182950Z,1788123696428,ATOM-USDT-SWAP,sell,long,546,1.472,"{""bkLoss"":""0"",""bkPx"":""1.472"",""ccy"":"""",""posSide"":""long"",""side"":""sell"",""sz"":""546"",""ts"":""1788123696428""}"
2026-08-30T21:01:40.186150Z,1788123696436,ZK-USDT-SWAP,sell,long,14,0.009111,"{""bkLoss"":""0"",""bkPx"":""0.009111"",""ccy"":"""",""posSide"":""long"",""side"":""sell"",""sz"":""14"",""ts"":""1788123696436""}"
2026-08-30T21:01:40.477474Z,1788123696678,FIL-USDT-SWAP,sell,long,20000,0.6753,"{""bkLoss"":""0"",""bkPx"":""0.6753"",""ccy"":"""",""posSide"":""long"",""side"":""sell"",""sz"":""20000"",""ts"":""1788123696678""}"
2026-08-30T21:01:40.484137Z,1788123696682,ROBO-USDT-SWAP,sell,long,109,0.01285,"{""bkLoss"":""0"",""bkPx"":""0.01285"",""ccy"":"""",""posSide"":""long"",""side"":""sell"",""sz"":""109"",""ts"":""1788123696682""}"
2026-08-30T21:01:40.693762Z,1788123697357,AAVE-USDT-SWAP,sell,long,40.1,125.15,"{""bkLoss"":""0"",""bkPx"":""125.15"",""ccy"":"""",""posSide"":""long"",""side"":""sell"",""sz"":""40.1"",""ts"":""1788123697357""}"
2026-08-30T21:01:40.698376Z,1788123697475,BICO-USDT-SWAP,sell,long,437,0.02115,"{""bkLoss"":""0"",""bkPx"":""0.02115"",""ccy"":"""",""posSide"":""long"",""side"":""sell"",""sz"":""437"",""ts"":""1788123697475""}"
2026-08-30T21:01:40.809552Z,1788123694844,DOGE-USDT-SWAP,sell,long,3.72,0.08454,"{""bkLoss"":""0"",""bkPx"":""0.08454"",""ccy"":"""",""posSide"":""long"",""side"":""sell"",""sz"":""3.72"",""ts"":""1788123694844""}"
2026-08-30T21:01:40.885731Z,1788123693974,PEOPLE-USDT-SWAP,sell,long,96,0.007786,"{""bkLoss"":""0"",""bkPx"":""0.007786"",""ccy"":"""",""posSide"":""long"",""side"":""sell"",""sz"":""96"",""ts"":""1788123693974""}"
2026-08-30T21:01:40.898824Z,1788123697534,OFC-USDT-SWAP,sell,long,231,0.008683,"{""bkLoss"":""0"",""bkPx"":""0.008683"",""ccy"":"""",""posSide"":""long"",""side"":""sell"",""sz"":""231"",""ts"":""1788123697534""}"
2026-08-30T21:01:40.976059Z,1788123693547,LTC-USDT-SWAP,sell,long,27,49.01,"{""bkLoss"":""0"",""bkPx"":""49.01"",""ccy"":"""",""posSide"":""long"",""side"":""sell"",""sz"":""27"",""ts"":""1788123693547""}"
2026-08-30T21:01:40.990035Z,1788123693727,UB-USDT-SWAP,sell,long,8,0.12819,"{""bkLoss"":""0"",""bkPx"":""0.12819"",""ccy"":"""",""posSide"":""long"",""side"":""sell"",""sz"":""8"",""ts"":""1788123693727""}"
2026-08-30T21:01:41.111379Z,1788123697287,LAB-USDT-SWAP,sell,long,41.2,0.07857,"{""bkLoss"":""0"",""bkPx"":""0.07857"",""ccy"":"""",""posSide"":""long"",""side"":""sell"",""sz"":""41.2"",""ts"":""1788123697287""}"
2026-08-30T21:01:41.116992Z,1788123697307,SUSHI-USDT-SWAP,sell,long,12,0.1941,"{""bkLoss"":""0"",""bkPx"":""0.1941"",""ccy"":"""",""posSide"":""long"",""side"":""sell"",""sz"":""12"",""ts"":""1788123697307""}"
2026-08-30T21:01:41.274412Z,1788123697275,BICO-USDT-SWAP,sell,long,37227,0.02137,"{""bkLoss"":""0"",""bkPx"":""0.02137"",""ccy"":"""",""posSide"":""long"",""side"":""sell"",""sz"":""37227"",""ts"":""1788123697275""}"
2026-08-30T21:01:41.358754Z,1788123698199,BEAT-USDT-SWAP,sell,long,3667.1,0.1277,"{""bkLoss"":""0"",""bkPx"":""0.1277"",""ccy"":"""",""posSide"":""long"",""side"":""sell"",""sz"":""3667.1"",""ts"":""1788123698199""}"
2026-08-30T21:01:41.363040Z,1788123698334,AIXBT-USDT-SWAP,sell,long,67,0.02066,"{""bkLoss"":""0"",""bkPx"":""0.02066"",""ccy"":"""",""posSide"":""long"",""side"":""sell"",""sz"":""67"",""ts"":""1788123698334""}"
2026-08-30T21:01:41.366289Z,1788123698431,ETH-USDT-SWAP,sell,long,0.73,2466.37,"{""bkLoss"":""0"",""bkPx"":""2466.37"",""ccy"":"""",""posSide"":""long"",""side"":""sell"",""sz"":""0.73"",""ts"":""1788123698431""}"
2026-08-30T21:01:41.657997Z,1788123697517,SAND-USDT-SWAP,sell,long,3369,0.03802,"{""bkLoss"":""0"",""bkPx"":""0.03802"",""ccy"":"""",""posSide"":""long"",""side"":""sell"",""sz"":""3369"",""ts"":""1788123697517""}"
2026-08-30T21:01:41.694007Z,1788123696560,ETHFI-USDT-SWAP,sell,long,17604,0.5382,"{""bkLoss"":""0"",""bkPx"":""0.5382"",""ccy"":"""",""posSide"":""long"",""side"":""sell"",""sz"":""17604"",""ts"":""1788123696560""}"
2026-08-30T21:01:41.709692Z,1788123696561,WIF-USDT-SWAP,sell,long,33812,0.1967,"{""bkLoss"":""0"",""bkPx"":""0.1967"",""ccy"":"""",""posSide"":""long"",""side"":""sell"",""sz"":""33812"",""ts"":""1788123696561""}"
2026-08-30T21:01:41.713568Z,1788123696561,ENA-USDT-SWAP,sell,long,4770,0.15802,"{""bkLoss"":""0"",""bkPx"":""0.15802"",""ccy"":"""",""posSide"":""long"",""side"":""sell"",""sz"":""4770"",""ts"":""1788123696561""}"
2026-08-30T21:01:41.725743Z,1788123696561,OP-USDT-SWAP,sell,long,80466,0.08798,"{""bkLoss"":""0"",""bkPx"":""0.08798"",""ccy"":"""",""posSide"":""long"",""side"":""sell"",""sz"":""80466"",""ts"":""1788123696561""}"
2026-08-30T21:01:41.735132Z,1788123696561,LINK-USDT-SWAP,sell,long,795.5,11.42,"{""bkLoss"":""0"",""bkPx"":""11.42"",""ccy"":"""",""posSide"":""long"",""side"":""sell"",""sz"":""795.5"",""ts"":""1788123696561""}"
2026-08-30T21:01:41.738626Z,1788123696561,HBAR-USDT-SWAP,sell,long,843.1,0.07468,"{""bkLoss"":""0"",""bkPx"":""0.07468"",""ccy"":"""",""posSide"":""long"",""side"":""sell"",""sz"":""843.1"",""ts"":""1788123696561""}"
2026-08-30T21:01:41.750836Z,1788123696561,NEAR-USDT-SWAP,sell,long,490.3,1.861,"{""bkLoss"":""0"",""bkPx"":""1.861"",""ccy"":"""",""posSide"":""long"",""side"":""sell"",""sz"":""490.3"",""ts"":""1788123696561""}"
2026-08-30T21:01:41.762762Z,1788123696620,XPL-USDT-SWAP,sell,long,300,0.08651,"{""bkLoss"":""0"",""bkPx"":""0.08651"",""ccy"":"""",""posSide"":""long"",""side"":""sell"",""sz"":""300"",""ts"":""1788123696620""}"
2026-08-30T21:01:41.769049Z,1788123698384,LAB-USDT-SWAP,sell,long,20.2,0.07836,"{""bkLoss"":""0"",""bkPx"":""0.07836"",""ccy"":"""",""posSide"":""long"",""side"":""sell"",""sz"":""20.2"",""ts"":""1788123698384""}"
2026-08-30T21:01:41.983162Z,1788123695426,COMP-USDT-SWAP,sell,long,805,18.18,"{""bkLoss"":""0"",""bkPx"":""18.18"",""ccy"":"""",""posSide"":""long"",""side"":""sell"",""sz"":""805"",""ts"":""1788123695426""}"
2026-08-30T21:01:42.009832Z,1788123695631,DOGE-USDT-SWAP,sell,long,1.43,0.08453,"{""bkLoss"":""0"",""bkPx"":""0.08453"",""ccy"":"""",""posSide"":""long"",""side"":""sell"",""sz"":""1.43"",""ts"":""1788123695631""}"
2026-08-30T21:01:42.025565Z,1788123696017,BOME-USDT-SWAP,sell,long,237,0.0009351,"{""bkLoss"":""0"",""bkPx"":""0.0009351"",""ccy"":"""",""posSide"":""long"",""side"":""sell"",""sz"":""237"",""ts"":""1788123696017""}"
2026-08-30T21:01:42.135154Z,1788123699579,SAND-USDT-SWAP,sell,long,500,0.03791,"{""bkLoss"":""0"",""bkPx"":""0.03791"",""ccy"":"""",""posSide"":""long"",""side"":""sell"",""sz"":""500"",""ts"":""1788123699579""}"
2026-08-30T21:01:42.233729Z,1788123695990,WLD-USDT-SWAP,sell,long,347,0.3756,"{""bkLoss"":""0"",""bkPx"":""0.3756"",""ccy"":"""",""posSide"":""long"",""side"":""sell"",""sz"":""347"",""ts"":""1788123695990""}"
2026-08-30T21:01:42.275499Z,1788123696239,DASH-USDT-SWAP,sell,long,219,42.32,"{""bkLoss"":""0"",""bkPx"":""42.32"",""ccy"":"""",""posSide"":""long"",""side"":""sell"",""sz"":""219"",""ts"":""1788123696239""}"
2026-08-30T21:01:42.307627Z,1788123696371,AVAX-USDT-SWAP,sell,long,1500,7.308,"{""bkLoss"":""0"",""bkPx"":""7.308"",""ccy"":"""",""posSide"":""long"",""side"":""sell"",""sz"":""1500"",""ts"":""1788123696371""}"
2026-08-30T21:01:42.312605Z,1788123696371,HYPE-USDT-SWAP,sell,long,1000,81.458,"{""bkLoss"":""0"",""bkPx"":""81.458"",""ccy"":"""",""posSide"":""long"",""side"":""sell"",""sz"":""1000"",""ts"":""1788123696371""}"
2026-08-30T21:01:42.333075Z,1788123696371,AAVE-USDT-SWAP,sell,long,823.3,125.34,"{""bkLoss"":""0"",""bkPx"":""125.34"",""ccy"":"""",""posSide"":""long"",""side"":""sell"",""sz"":""823.3"",""ts"":""1788123696371""}"
2026-08-30T21:01:42.589867Z,1788123699107,IMX-USDT-SWAP,sell,long,2308,0.12474,"{""bkLoss"":""0"",""bkPx"":""0.12474"",""ccy"":"""",""posSide"":""long"",""side"":""sell"",""sz"":""2308"",""ts"":""1788123699107""}"
2026-08-30T21:01:42.694317Z,1788123696250,WLD-USDT-SWAP,sell,long,515,0.3749,"{""bkLoss"":""0"",""bkPx"":""0.3749"",""ccy"":"""",""posSide"":""long"",""side"":""sell"",""sz"":""515"",""ts"":""1788123696250""}"
2026-08-30T21:01:42.706242Z,1788123697478,POL-USDT-SWAP,sell,long,30,0.0988,"{""bkLoss"":""0"",""bkPx"":""0.0988"",""ccy"":"""",""posSide"":""long"",""side"":""sell"",""sz"":""30"",""ts"":""1788123697478""}"
2026-08-30T21:01:42.710473Z,1788123697478,SOL-USDT-SWAP,sell,long,0.22,103.68,"{""bkLoss"":""0"",""bkPx"":""103.68"",""ccy"":"""",""posSide"":""long"",""side"":""sell"",""sz"":""0.22"",""ts"":""1788123697478""}"
2026-08-30T21:01:42.715834Z,1788123697478,UNI-USDT-SWAP,sell,long,5,5.254,"{""bkLoss"":""0"",""bkPx"":""5.254"",""ccy"":"""",""posSide"":""long"",""side"":""sell"",""sz"":""5"",""ts"":""1788123697478""}"
2026-08-30T21:01:42.778899Z,1788123694625,ACT-USDT-SWAP,sell,long,5,0.010572,"{""bkLoss"":""0"",""bkPx"":""0.010572"",""ccy"":"""",""posSide"":""long"",""side"":""sell"",""sz"":""5"",""ts"":""1788123694625""}"
2026-08-30T21:01:42.793204Z,1788123698567,PIPPIN-USDT-SWAP,sell,long,13557,0.01781,"{""bkLoss"":""0"",""bkPx"":""0.01781"",""ccy"":"""",""posSide"":""long"",""side"":""sell"",""sz"":""13557"",""ts"":""1788123698567""}"
2026-08-30T21:01:42.973466Z,1788123696394,UNI-USDT-SWAP,sell,long,174,5.262,"{""bkLoss"":""0"",""bkPx"":""5.262"",""ccy"":"""",""posSide"":""long"",""side"":""sell"",""sz"":""174"",""ts"":""1788123696394""}"
2026-08-30T21:01:43.846193Z,1788123699396,HUMA-USDT-SWAP,sell,long,469,0.01949,"{""bkLoss"":""0"",""bkPx"":""0.01949"",""ccy"":"""",""posSide"":""long"",""side"":""sell"",""sz"":""469"",""ts"":""1788123699396""}"
2026-08-30T21:01:43.902345Z,1788123696239,ICP-USDT-SWAP,sell,long,147135,2.399,"{""bkLoss"":""0"",""bkPx"":""2.399"",""ccy"":"""",""posSide"":""long"",""side"":""sell"",""sz"":""147135"",""ts"":""1788123696239""}"
2026-08-30T21:01:43.920857Z,1788123696246,SUSHI-USDT-SWAP,sell,long,28,0.1952,"{""bkLoss"":""0"",""bkPx"":""0.1952"",""ccy"":"""",""posSide"":""long"",""side"":""sell"",""sz"":""28"",""ts"":""1788123696246""}"
2026-08-30T21:01:43.925582Z,1788123696246,ASTER-USDT-SWAP,sell,long,89,0.6944,"{""bkLoss"":""0"",""bkPx"":""0.6944"",""ccy"":"""",""posSide"":""long"",""side"":""sell"",""sz"":""89"",""ts"":""1788123696246""}"
2026-08-30T21:01:43.966694Z,1788123696485,ADA-USDT-SWAP,sell,long,200,0.199,"{""bkLoss"":""0"",""bkPx"":""0.199"",""ccy"":"""",""posSide"":""long"",""side"":""sell"",""sz"":""200"",""ts"":""1788123696485""}"
2026-08-30T21:01:44.196906Z,1788123696883,BICO-USDT-SWAP,sell,long,1269,0.02142,"{""bkLoss"":""0"",""bkPx"":""0.02142"",""ccy"":"""",""posSide"":""long"",""side"":""sell"",""sz"":""1269"",""ts"":""1788123696883""}"
2026-08-30T21:01:44.254888Z,1788123703321,ETH-USDT-SWAP,sell,long,74.76,2466.4,"{""bkLoss"":""0"",""bkPx"":""2466.4"",""ccy"":"""",""posSide"":""long"",""side"":""sell"",""sz"":""74.76"",""ts"":""1788123703321""}"
2026-08-30T21:01:44.357612Z,1788123696856,SPK-USDT-SWAP,sell,long,693,0.01912,"{""bkLoss"":""0"",""bkPx"":""0.01912"",""ccy"":"""",""posSide"":""long"",""side"":""sell"",""sz"":""693"",""ts"":""1788123696856""}"
2026-08-30T21:01:44.806360Z,1788123698091,SAND-USDT-SWAP,sell,long,4000,0.038,"{""bkLoss"":""0"",""bkPx"":""0.038"",""ccy"":"""",""posSide"":""long"",""side"":""sell"",""sz"":""4000"",""ts"":""1788123698091""}"
2026-08-30T21:01:44.899521Z,1788123696270,SHIB-USDT-SWAP,sell,long,0.1,0.000005081,"{""bkLoss"":""0"",""bkPx"":""0.000005081"",""ccy"":"""",""posSide"":""long"",""side"":""sell"",""sz"":""0.1"",""ts"":""1788123696270""}"
2026-08-30T21:01:44.932185Z,1788123696434,ALLO-USDT-SWAP,sell,long,21,0.24367,"{""bkLoss"":""0"",""bkPx"":""0.24367"",""ccy"":"""",""posSide"":""long"",""side"":""sell"",""sz"":""21"",""ts"":""1788123696434""}"
2026-08-30T21:01:45.177271Z,1788123696301,BNB-USDT-SWAP,sell,long,33,694.3,"{""bkLoss"":""0"",""bkPx"":""694.3"",""ccy"":"""",""posSide"":""long"",""side"":""sell"",""sz"":""33"",""ts"":""1788123696301""}"
2026-08-30T21:01:45.704172Z,1788123695028,SOL-USDT-SWAP,sell,long,0.57,104.13,"{""bkLoss"":""0"",""bkPx"":""104.13"",""ccy"":"""",""posSide"":""long"",""side"":""sell"",""sz"":""0.57"",""ts"":""1788123695028""}"
2026-08-30T21:01:45.710220Z,1788123695280,KAITO-USDT-SWAP,sell,long,2038,0.3035,"{""bkLoss"":""0"",""bkPx"":""0.3035"",""ccy"":"""",""posSide"":""long"",""side"":""sell"",""sz"":""2038"",""ts"":""1788123695280""}"
2026-08-30T21:01:45.907199Z,1788123696504,CHIP-USDT-SWAP,sell,long,7800,0.03861,"{""bkLoss"":""0"",""bkPx"":""0.03861"",""ccy"":"""",""posSide"":""long"",""side"":""sell"",""sz"":""7800"",""ts"":""1788123696504""}"
2026-08-30T21:01:45.948928Z,1788123704441,ETH-USDT-SWAP,sell,long,6.76,2466.26,"{""bkLoss"":""0"",""bkPx"":""2466.26"",""ccy"":"""",""posSide"":""long"",""side"":""sell"",""sz"":""6.76"",""ts"":""1788123704441""}"
2026-08-30T21:01:46.137024Z,1788123696316,STRK-USDT-SWAP,sell,long,17611,0.02577,"{""bkLoss"":""0"",""bkPx"":""0.02577"",""ccy"":"""",""posSide"":""long"",""side"":""sell"",""sz"":""17611"",""ts"":""1788123696316""}"
2026-08-30T21:01:46.152877Z,1788123696427,CL-USDT-SWAP,sell,long,15,84.82,"{""bkLoss"":""0"",""bkPx"":""84.82"",""ccy"":"""",""posSide"":""long"",""side"":""sell"",""sz"":""15"",""ts"":""1788123696427""}"
2026-08-30T21:01:46.183327Z,1788123696677,COMP-USDT-SWAP,sell,long,47,18.12,"{""bkLoss"":""0"",""bkPx"":""18.12"",""ccy"":"""",""posSide"":""long"",""side"":""sell"",""sz"":""47"",""ts"":""1788123696677""}"
2026-08-30T21:01:46.190480Z,1788123696682,SNX-USDT-SWAP,sell,long,142,0.204,"{""bkLoss"":""0"",""bkPx"":""0.204"",""ccy"":"""",""posSide"":""long"",""side"":""sell"",""sz"":""142"",""ts"":""1788123696682""}"
2026-08-30T21:01:46.213580Z,1788123697041,PUMP-USDT-SWAP,sell,long,709,0.004607,"{""bkLoss"":""0"",""bkPx"":""0.004607"",""ccy"":"""",""posSide"":""long"",""side"":""sell"",""sz"":""709"",""ts"":""1788123697041""}"
2026-08-30T21:01:46.409120Z,1788123698092,PEPE-USDT-SWAP,sell,long,10,0.000003628,"{""bkLoss"":""0"",""bkPx"":""0.000003628"",""ccy"":"""",""posSide"":""long"",""side"":""sell"",""sz"":""10"",""ts"":""1788123698092""}"
2026-08-30T21:01:46.411656Z,1788123698092,UB-USDT-SWAP,sell,long,20,0.12736,"{""bkLoss"":""0"",""bkPx"":""0.12736"",""ccy"":"""",""posSide"":""long"",""side"":""sell"",""sz"":""20"",""ts"":""1788123698092""}"
2026-08-30T21:01:46.420645Z,1788123698092,DOS-USDT-SWAP,sell,long,100,0.3099,"{""bkLoss"":""0"",""bkPx"":""0.3099"",""ccy"":"""",""posSide"":""long"",""side"":""sell"",""sz"":""100"",""ts"":""1788123698092""}"
2026-08-30T21:01:46.494094Z,1788123705237,ETH-USDT-SWAP,sell,long,2,2464.78,"{""bkLoss"":""0"",""bkPx"":""2464.78"",""ccy"":"""",""posSide"":""long"",""side"":""sell"",""sz"":""2"",""ts"":""1788123705237""}"
2026-08-30T21:01:46.504697Z,1788123705376,ZEC-USDT-SWAP,sell,long,257,848.01,"{""bkLoss"":""0"",""bkPx"":""848.01"",""ccy"":"""",""posSide"":""long"",""side"":""sell"",""sz"":""257"",""ts"":""1788123705376""}"
2026-08-30T21:01:46.941605Z,1788123695877,OL-USDT-SWAP,sell,long,2734,0.004762,"{""bkLoss"":""0"",""bkPx"":""0.004762"",""ccy"":"""",""posSide"":""long"",""side"":""sell"",""sz"":""2734"",""ts"":""1788123695877""}"
2026-08-30T21:01:46.966230Z,1788123696081,BEAT-USDT-SWAP,sell,long,47.4,0.1281,"{""bkLoss"":""0"",""bkPx"":""0.1281"",""ccy"":"""",""posSide"":""long"",""side"":""sell"",""sz"":""47.4"",""ts"":""1788123696081""}"
2026-08-30T21:01:46.972137Z,1788123696081,ENSO-USDT-SWAP,sell,long,1459,0.8609,"{""bkLoss"":""0"",""bkPx"":""0.8609"",""ccy"":"""",""posSide"":""long"",""side"":""sell"",""sz"":""1459"",""ts"":""1788123696081""}"
2026-08-30T21:01:47.025970Z,1788123696251,FLOKI-USDT-SWAP,sell,long,194,0.00002491,"{""bkLoss"":""0"",""bkPx"":""0.00002491"",""ccy"":"""",""posSide"":""long"",""side"":""sell"",""sz"":""194"",""ts"":""1788123696251""}"
2026-08-30T21:01:47.044029Z,1788123696279,APT-USDT-SWAP,sell,long,218,0.5351,"{""bkLoss"":""0"",""bkPx"":""0.5351"",""ccy"":"""",""posSide"":""long"",""side"":""sell"",""sz"":""218"",""ts"":""1788123696279""}"
2026-08-30T21:01:47.236769Z,1788123697758,CHIP-USDT-SWAP,sell,long,10,0.03845,"{""bkLoss"":""0"",""bkPx"":""0.03845"",""ccy"":"""",""posSide"":""long"",""side"":""sell"",""sz"":""10"",""ts"":""1788123697758""}"
2026-08-30T21:01:47.458723Z,1788123703914,ZEC-USDT-SWAP,sell,long,4898,848.94,"{""bkLoss"":""0"",""bkPx"":""848.94"",""ccy"":"""",""posSide"":""long"",""side"":""sell"",""sz"":""4898"",""ts"":""1788123703914""}"
2026-08-30T21:01:47.588995Z,1788123699103,NES-USDT-SWAP,sell,long,320,0.1183,"{""bkLoss"":""0"",""bkPx"":""0.1183"",""ccy"":"""",""posSide"":""long"",""side"":""sell"",""sz"":""320"",""ts"":""1788123699103""}"
2026-08-30T21:01:47.657190Z,1788123696090,PNUT-USDT-SWAP,sell,long,392,0.04938,"{""bkLoss"":""0"",""bkPx"":""0.04938"",""ccy"":"""",""posSide"":""long"",""side"":""sell"",""sz"":""392"",""ts"":""1788123696090""}"
2026-08-30T21:01:47.723131Z,1788123697039,KAT-USDT-SWAP,sell,long,1,0.004494,"{""bkLoss"":""0"",""bkPx"":""0.004494"",""ccy"":"""",""posSide"":""long"",""side"":""sell"",""sz"":""1"",""ts"":""1788123697039""}"
2026-08-30T21:01:47.728184Z,1788123697295,ADA-USDT-SWAP,sell,long,1.3,0.1985,"{""bkLoss"":""0"",""bkPx"":""0.1985"",""ccy"":"""",""posSide"":""long"",""side"":""sell"",""sz"":""1.3"",""ts"":""1788123697295""}"
2026-08-30T21:01:47.758765Z,1788123698156,TRIA-USDT-SWAP,sell,long,2072,0.005258,"{""bkLoss"":""0"",""bkPx"":""0.005258"",""ccy"":"""",""posSide"":""long"",""side"":""sell"",""sz"":""2072"",""ts"":""1788123698156""}"
2026-08-30T21:01:47.904712Z,1788123697500,ASTER-USDT-SWAP,sell,long,4378,0.6937,"{""bkLoss"":""0"",""bkPx"":""0.6937"",""ccy"":"""",""posSide"":""long"",""side"":""sell"",""sz"":""4378"",""ts"":""1788123697500""}"
2026-08-30T21:01:48.000349Z,1788123696645,OFC-USDT-SWAP,sell,long,1200,0.008709,"{""bkLoss"":""0"",""bkPx"":""0.008709"",""ccy"":"""",""posSide"":""long"",""side"":""sell"",""sz"":""1200"",""ts"":""1788123696645""}"
2026-08-30T21:01:48.004130Z,1788123696522,GRVT-USDT-SWAP,sell,long,48,0.1728,"{""bkLoss"":""0"",""bkPx"":""0.1728"",""ccy"":"""",""posSide"":""long"",""side"":""sell"",""sz"":""48"",""ts"":""1788123696522""}"
2026-08-30T21:01:48.010680Z,1788123697429,CFX-USDT-SWAP,sell,long,1519,0.04515,"{""bkLoss"":""0"",""bkPx"":""0.04515"",""ccy"":"""",""posSide"":""long"",""side"":""sell"",""sz"":""1519"",""ts"":""1788123697429""}"
2026-08-30T21:01:48.734518Z,1788123707135,ETH-USDT-SWAP,sell,long,400,2460.98,"{""bkLoss"":""0"",""bkPx"":""2460.98"",""ccy"":"""",""posSide"":""long"",""side"":""sell"",""sz"":""400"",""ts"":""1788123707135""}"
2026-08-30T21:01:48.741063Z,1788123707279,BTC-USDT-SWAP,sell,long,2.91,78280.4,"{""bkLoss"":""0"",""bkPx"":""78280.4"",""ccy"":"""",""posSide"":""long"",""side"":""sell"",""sz"":""2.91"",""ts"":""1788123707279""}"
2026-08-30T21:01:49.280050Z,1788123699913,NIGHT-USDT-SWAP,sell,long,116,0.018544,"{""bkLoss"":""0"",""bkPx"":""0.018544"",""ccy"":"""",""posSide"":""long"",""side"":""sell"",""sz"":""116"",""ts"":""1788123699913""}"
2026-08-30T21:01:49.663290Z,1788123699373,EDGE-USDT-SWAP,sell,long,46,0.3584,"{""bkLoss"":""0"",""bkPx"":""0.3584"",""ccy"":"""",""posSide"":""long"",""side"":""sell"",""sz"":""46"",""ts"":""1788123699373""}"
2026-08-30T21:01:49.664368Z,1788123696468,ONT-USDT-SWAP,sell,long,48,0.05383,"{""bkLoss"":""0"",""bkPx"":""0.05383"",""ccy"":"""",""posSide"":""long"",""side"":""sell"",""sz"":""48"",""ts"":""1788123696468""}"
2026-08-30T21:01:49.878623Z,1788123708333,ETH-USDT-SWAP,sell,long,12.69,2459.75,"{""bkLoss"":""0"",""bkPx"":""2459.75"",""ccy"":"""",""posSide"":""long"",""side"":""sell"",""sz"":""12.69"",""ts"":""1788123708333""}"
2026-08-30T21:01:49.889627Z,1788123708382,LTC-USDT-SWAP,sell,long,0.1,48.87,"{""bkLoss"":""0"",""bkPx"":""48.87"",""ccy"":"""",""posSide"":""long"",""side"":""sell"",""sz"":""0.1"",""ts"":""1788123708382""}"
2026-08-30T21:01:50.581042Z,1788123706952,ETH-USDT-SWAP,sell,long,1.89,2462.56,"{""bkLoss"":""0"",""bkPx"":""2462.56"",""ccy"":"""",""posSide"":""long"",""side"":""sell"",""sz"":""1.89"",""ts"":""1788123706952""}"
2026-08-30T21:01:50.582208Z,1788123697954,BEAT-USDT-SWAP,sell,long,0.3,0.1278,"{""bkLoss"":""0"",""bkPx"":""0.1278"",""ccy"":"""",""posSide"":""long"",""side"":""sell"",""sz"":""0.3"",""ts"":""1788123697954""}"
2026-08-30T21:01:51.612099Z,1788123708177,EIGEN-USDT-SWAP,sell,long,147,0.1918,"{""bkLoss"":""0"",""bkPx"":""0.1918"",""ccy"":"""",""posSide"":""long"",""side"":""sell"",""sz"":""147"",""ts"":""1788123708177""}"
2026-08-30T21:01:51.632996Z,1788123708549,DOGE-USDT-SWAP,sell,long,6.54,0.08417,"{""bkLoss"":""0"",""bkPx"":""0.08417"",""ccy"":"""",""posSide"":""long"",""side"":""sell"",""sz"":""6.54"",""ts"":""1788123708549""}"
2026-08-30T21:01:51.636413Z,1788123708549,XRP-USDT-SWAP,sell,long,78.36,1.385,"{""bkLoss"":""0"",""bkPx"":""1.385"",""ccy"":"""",""posSide"":""long"",""side"":""sell"",""sz"":""78.36"",""ts"":""1788123708549""}"
2026-08-30T21:01:51.874309Z,1788123710630,OP-USDT-SWAP,sell,long,29,0.08711,"{""bkLoss"":""0"",""bkPx"":""0.08711"",""ccy"":"""",""posSide"":""long"",""side"":""sell"",""sz"":""29"",""ts"":""1788123710630""}"
2026-08-30T21:01:51.933404Z,1788123707402,XRP-USDT-SWAP,sell,long,1.57,1.3855,"{""bkLoss"":""0"",""bkPx"":""1.3855"",""ccy"":"""",""posSide"":""long"",""side"":""sell"",""sz"":""1.57"",""ts"":""1788123707402""}"
2026-08-30T21:01:52.562215Z,1788123696527,BARD-USDT-SWAP,sell,long,6522,0.1269,"{""bkLoss"":""0"",""bkPx"":""0.1269"",""ccy"":"""",""posSide"":""long"",""side"":""sell"",""sz"":""6522"",""ts"":""1788123696527""}"
2026-08-30T21:01:53.581952Z,1788123708516,PEPE-USDT-SWAP,sell,long,780,0.000003618,"{""bkLoss"":""0"",""bkPx"":""0.000003618"",""ccy"":"""",""posSide"":""long"",""side"":""sell"",""sz"":""780"",""ts"":""1788123708516""}"
2026-08-30T21:01:53.623960Z,1788123712427,ATOM-USDT-SWAP,sell,long,3,1.463,"{""bkLoss"":""0"",""bkPx"":""1.463"",""ccy"":"""",""posSide"":""long"",""side"":""sell"",""sz"":""3"",""ts"":""1788123712427""}"
2026-08-30T21:01:53.629372Z,1788123712438,MAGIC-USDT-SWAP,sell,long,67253,0.04654,"{""bkLoss"":""0"",""bkPx"":""0.04654"",""ccy"":"""",""posSide"":""long"",""side"":""sell"",""sz"":""67253"",""ts"":""1788123712438""}"
2026-08-30T21:01:53.634420Z,1788123712663,BTC-USDT-SWAP,sell,long,1.01,78263,"{""bkLoss"":""0"",""bkPx"":""78263"",""ccy"":"""",""posSide"":""long"",""side"":""sell"",""sz"":""1.01"",""ts"":""1788123712663""}"
2026-08-30T21:01:53.637832Z,1788123712665,TRUMP-USDT-SWAP,sell,long,721,2.482,"{""bkLoss"":""0"",""bkPx"":""2.482"",""ccy"":"""",""posSide"":""long"",""side"":""sell"",""sz"":""721"",""ts"":""1788123712665""}"
2026-08-30T21:01:53.645151Z,1788123712666,BERA-USDT-SWAP,sell,long,20000,0.1682,"{""bkLoss"":""0"",""bkPx"":""0.1682"",""ccy"":"""",""posSide"":""long"",""side"":""sell"",""sz"":""20000"",""ts"":""1788123712666""}"
2026-08-30T21:01:53.648792Z,1788123712666,BEAT-USDT-SWAP,sell,long,200,0.1279,"{""bkLoss"":""0"",""bkPx"":""0.1279"",""ccy"":"""",""posSide"":""long"",""side"":""sell"",""sz"":""200"",""ts"":""1788123712666""}"
2026-08-30T21:01:53.653639Z,1788123712666,LAB-USDT-SWAP,sell,long,400,0.07843,"{""bkLoss"":""0"",""bkPx"":""0.07843"",""ccy"":"""",""posSide"":""long"",""side"":""sell"",""sz"":""400"",""ts"":""1788123712666""}"
2026-08-30T21:01:53.924945Z,1788123713031,EGLD-USDT-SWAP,sell,long,762,3.775,"{""bkLoss"":""0"",""bkPx"":""3.775"",""ccy"":"""",""posSide"":""long"",""side"":""sell"",""sz"":""762"",""ts"":""1788123713031""}"
2026-08-30T21:01:54.016031Z,1788123711812,DOGE-USDT-SWAP,sell,long,7.97,0.08415,"{""bkLoss"":""0"",""bkPx"":""0.08415"",""ccy"":"""",""posSide"":""long"",""side"":""sell"",""sz"":""7.97"",""ts"":""1788123711812""}"
2026-08-30T21:01:54.345483Z,1788123712768,DOGE-USDT-SWAP,sell,long,56.97,0.08413,"{""bkLoss"":""0"",""bkPx"":""0.08413"",""ccy"":"""",""posSide"":""long"",""side"":""sell"",""sz"":""56.97"",""ts"":""1788123712768""}"
2026-08-30T21:01:55.509703Z,1788123707020,SKHYNIX-USDT-SWAP,sell,long,0.041,1226.66,"{""bkLoss"":""0"",""bkPx"":""1226.66"",""ccy"":"""",""posSide"":""long"",""side"":""sell"",""sz"":""0.041"",""ts"":""1788123707020""}"
2026-08-30T21:01:55.514070Z,1788123707020,MRVL-USDT-SWAP,sell,long,0.22,216.88,"{""bkLoss"":""0"",""bkPx"":""216.88"",""ccy"":"""",""posSide"":""long"",""side"":""sell"",""sz"":""0.22"",""ts"":""1788123707020""}"
2026-08-30T21:01:55.627670Z,1788123695856,PEPE-USDT-SWAP,sell,long,1500,0.000003638,"{""bkLoss"":""0"",""bkPx"":""0.000003638"",""ccy"":"""",""posSide"":""long"",""side"":""sell"",""sz"":""1500"",""ts"":""1788123695856""}"
2026-08-30T21:01:56.360087Z,1788123711748,FIL-USDT-SWAP,sell,long,127539,0.6733,"{""bkLoss"":""0"",""bkPx"":""0.6733"",""ccy"":"""",""posSide"":""long"",""side"":""sell"",""sz"":""127539"",""ts"":""1788123711748""}"
2026-08-30T21:01:56.374370Z,1788123712335,UNI-USDT-SWAP,sell,long,1,5.247,"{""bkLoss"":""0"",""bkPx"":""5.247"",""ccy"":"""",""posSide"":""long"",""side"":""sell"",""sz"":""1"",""ts"":""1788123712335""}"
2026-08-30T21:01:56.835227Z,1788123696369,CHZ-USDT-SWAP,sell,long,30000,0.01351,"{""bkLoss"":""0"",""bkPx"":""0.01351"",""ccy"":"""",""posSide"":""long"",""side"":""sell"",""sz"":""30000"",""ts"":""1788123696369""}"
2026-08-30T21:01:56.845693Z,1788123696371,XAU-USDT-SWAP,buy,short,6082,4477.4,"{""bkLoss"":""0"",""bkPx"":""4477.4"",""ccy"":"""",""posSide"":""short"",""side"":""buy"",""sz"":""6082"",""ts"":""1788123696371""}"
2026-08-30T21:01:56.953192Z,1788123708117,OP-USDT-SWAP,sell,long,10243,0.0879,"{""bkLoss"":""0"",""bkPx"":""0.0879"",""ccy"":"""",""posSide"":""long"",""side"":""sell"",""sz"":""10243"",""ts"":""1788123708117""}"
2026-08-30T21:01:57.400063Z,1788123711759,SUSHI-USDT-SWAP,sell,long,756,0.1939,"{""bkLoss"":""0"",""bkPx"":""0.1939"",""ccy"":"""",""posSide"":""long"",""side"":""sell"",""sz"":""756"",""ts"":""1788123711759""}"
2026-08-30T21:01:57.406182Z,1788123711759,ETH-USDT-SWAP,sell,long,0.9,2460.59,"{""bkLoss"":""0"",""bkPx"":""2460.59"",""ccy"":"""",""posSide"":""long"",""side"":""sell"",""sz"":""0.9"",""ts"":""1788123711759""}"
2026-08-30T21:01:57.408493Z,1788123711759,UNI-USDT-SWAP,sell,long,34,5.249,"{""bkLoss"":""0"",""bkPx"":""5.249"",""ccy"":"""",""posSide"":""long"",""side"":""sell"",""sz"":""34"",""ts"":""1788123711759""}"
2026-08-30T21:01:57.414352Z,1788123711759,CRV-USDT-SWAP,sell,long,386,0.3007,"{""bkLoss"":""0"",""bkPx"":""0.3007"",""ccy"":"""",""posSide"":""long"",""side"":""sell"",""sz"":""386"",""ts"":""1788123711759""}"
2026-08-30T21:01:57.417219Z,1788123711759,XRP-USDT-SWAP,sell,long,0.65,1.3847,"{""bkLoss"":""0"",""bkPx"":""1.3847"",""ccy"":"""",""posSide"":""long"",""side"":""sell"",""sz"":""0.65"",""ts"":""1788123711759""}"
2026-08-30T21:01:57.423170Z,1788123711759,AAVE-USDT-SWAP,sell,long,3,124.96,"{""bkLoss"":""0"",""bkPx"":""124.96"",""ccy"":"""",""posSide"":""long"",""side"":""sell"",""sz"":""3"",""ts"":""1788123711759""}"
2026-08-30T21:01:57.429454Z,1788123711759,SHIB-USDT-SWAP,sell,long,16.5,0.000005066,"{""bkLoss"":""0"",""bkPx"":""0.000005066"",""ccy"":"""",""posSide"":""long"",""side"":""sell"",""sz"":""16.5"",""ts"":""1788123711759""}"
2026-08-30T21:01:57.433755Z,1788123711759,DASH-USDT-SWAP,sell,long,84,42,"{""bkLoss"":""0"",""bkPx"":""42"",""ccy"":"""",""posSide"":""long"",""side"":""sell"",""sz"":""84"",""ts"":""1788123711759""}"
2026-08-30T21:01:57.442100Z,1788123711759,SOL-USDT-SWAP,sell,long,1.33,103.52,"{""bkLoss"":""0"",""bkPx"":""103.52"",""ccy"":"""",""posSide"":""long"",""side"":""sell"",""sz"":""1.33"",""ts"":""1788123711759""}"
2026-08-30T21:01:57.446841Z,1788123711759,JUP-USDT-SWAP,sell,long,29,0.2128,"{""bkLoss"":""0"",""bkPx"":""0.2128"",""ccy"":"""",""posSide"":""long"",""side"":""sell"",""sz"":""29"",""ts"":""1788123711759""}"
2026-08-30T21:01:57.454913Z,1788123711759,TRUMP-USDT-SWAP,sell,long,195,2.487,"{""bkLoss"":""0"",""bkPx"":""2.487"",""ccy"":"""",""posSide"":""long"",""side"":""sell"",""sz"":""195"",""ts"":""1788123711759""}"
2026-08-30T21:01:57.459035Z,1788123711759,PEPE-USDT-SWAP,sell,long,3,0.000003616,"{""bkLoss"":""0"",""bkPx"":""0.000003616"",""ccy"":"""",""posSide"":""long"",""side"":""sell"",""sz"":""3"",""ts"":""1788123711759""}"
2026-08-30T21:01:57.467171Z,1788123711759,BTC-USDT-SWAP,sell,long,0.34,78279.2,"{""bkLoss"":""0"",""bkPx"":""78279.2"",""ccy"":"""",""posSide"":""long"",""side"":""sell"",""sz"":""0.34"",""ts"":""1788123711759""}"
2026-08-30T21:01:57.802302Z,1788123704127,XRP-USDT-SWAP,sell,long,1483.78,1.3876,"{""bkLoss"":""0"",""bkPx"":""1.3876"",""ccy"":"""",""posSide"":""long"",""side"":""sell"",""sz"":""1483.78"",""ts"":""1788123704127""}"
2026-08-30T21:01:57.812470Z,1788123704126,ZEC-USDT-SWAP,sell,long,7272,848.93,"{""bkLoss"":""0"",""bkPx"":""848.93"",""ccy"":"""",""posSide"":""long"",""side"":""sell"",""sz"":""7272"",""ts"":""1788123704126""}"
2026-08-30T21:01:57.860703Z,1788123704898,LAB-USDT-SWAP,sell,long,1041.5,0.07852,"{""bkLoss"":""0"",""bkPx"":""0.07852"",""ccy"":"""",""posSide"":""long"",""side"":""sell"",""sz"":""1041.5"",""ts"":""1788123704898""}"
2026-08-30T21:01:57.867394Z,1788123704898,UNITREE-USDT-SWAP,buy,short,7.16,86.4,"{""bkLoss"":""0"",""bkPx"":""86.4"",""ccy"":"""",""posSide"":""short"",""side"":""buy"",""sz"":""7.16"",""ts"":""1788123704898""}"
2026-08-30T21:01:58.193522Z,1788123699580,NEIRO-USDT-SWAP,sell,long,3,0.00008428,"{""bkLoss"":""0"",""bkPx"":""0.00008428"",""ccy"":"""",""posSide"":""long"",""side"":""sell"",""sz"":""3"",""ts"":""1788123699580""}"
2026-08-30T21:01:58.222816Z,1788123707677,TURBO-USDT-SWAP,sell,long,43.1,0.0009635,"{""bkLoss"":""0"",""bkPx"":""0.0009635"",""ccy"":"""",""posSide"":""long"",""side"":""sell"",""sz"":""43.1"",""ts"":""1788123707677""}"
2026-08-30T21:01:58.230208Z,1788123707681,ZEC-USDT-SWAP,sell,long,206,847.62,"{""bkLoss"":""0"",""bkPx"":""847.62"",""ccy"":"""",""posSide"":""long"",""side"":""sell"",""sz"":""206"",""ts"":""1788123707681""}"
2026-08-30T21:01:58.972892Z,1788123697705,SNX-USDT-SWAP,sell,long,1000,0.2035,"{""bkLoss"":""0"",""bkPx"":""0.2035"",""ccy"":"""",""posSide"":""long"",""side"":""sell"",""sz"":""1000"",""ts"":""1788123697705""}"
2026-08-30T21:01:59.071419Z,1788123708997,ZEC-USDT-SWAP,sell,long,200,846.78,"{""bkLoss"":""0"",""bkPx"":""846.78"",""ccy"":"""",""posSide"":""long"",""side"":""sell"",""sz"":""200"",""ts"":""1788123708997""}"
2026-08-30T21:01:59.802809Z,1788123689582,SNDK-USDT-SWAP,sell,long,3,1491.68,"{""bkLoss"":""0"",""bkPx"":""1491.68"",""ccy"":"""",""posSide"":""long"",""side"":""sell"",""sz"":""3"",""ts"":""1788123689582""}"
2026-08-30T21:01:59.880416Z,1788123707263,APT-USDT-SWAP,sell,long,2000,0.5349,"{""bkLoss"":""0"",""bkPx"":""0.5349"",""ccy"":"""",""posSide"":""long"",""side"":""sell"",""sz"":""2000"",""ts"":""1788123707263""}"
2026-08-30T21:02:00.199227Z,1788123711540,KAITO-USDT-SWAP,sell,long,5000,0.3025,"{""bkLoss"":""0"",""bkPx"":""0.3025"",""ccy"":"""",""posSide"":""long"",""side"":""sell"",""sz"":""5000"",""ts"":""1788123711540""}"
2026-08-30T21:02:00.768784Z,1788123707788,DASH-USDT-SWAP,sell,long,3283,42.26,"{""bkLoss"":""0"",""bkPx"":""42.26"",""ccy"":"""",""posSide"":""long"",""side"":""sell"",""sz"":""3283"",""ts"":""1788123707788""}"
2026-08-30T21:02:00.946776Z,1788123708315,BTC-USDT-SWAP,sell,long,17,78280.1,"{""bkLoss"":""0"",""bkPx"":""78280.1"",""ccy"":"""",""posSide"":""long"",""side"":""sell"",""sz"":""17"",""ts"":""1788123708315""}"
2026-08-30T21:02:01.083994Z,1788123698582,AAVE-USDT-SWAP,sell,long,54.6,125.07,"{""bkLoss"":""0"",""bkPx"":""125.07"",""ccy"":"""",""posSide"":""long"",""side"":""sell"",""sz"":""54.6"",""ts"":""1788123698582""}"
2026-08-30T21:02:01.092566Z,1788123708732,INJ-USDT-SWAP,sell,long,9562,5.152,"{""bkLoss"":""0"",""bkPx"":""5.152"",""ccy"":"""",""posSide"":""long"",""side"":""sell"",""sz"":""9562"",""ts"":""1788123708732""}"
2026-08-30T21:02:01.402707Z,1788123691288,BEAT-USDT-SWAP,sell,long,9.9,0.1293,"{""bkLoss"":""0"",""bkPx"":""0.1293"",""ccy"":"""",""posSide"":""long"",""side"":""sell"",""sz"":""9.9"",""ts"":""1788123691288""}"
2026-08-30T21:02:01.743664Z,1788123712324,ZEC-USDT-SWAP,sell,long,45,845.78,"{""bkLoss"":""0"",""bkPx"":""845.78"",""ccy"":"""",""posSide"":""long"",""side"":""sell"",""sz"":""45"",""ts"":""1788123712324""}"
2026-08-30T21:02:01.745351Z,1788123708660,BNB-USDT-SWAP,sell,long,71,693.3,"{""bkLoss"":""0"",""bkPx"":""693.3"",""ccy"":"""",""posSide"":""long"",""side"":""sell"",""sz"":""71"",""ts"":""1788123708660""}"
2026-08-30T21:02:01.760304Z,1788123708784,ACT-USDT-SWAP,sell,long,116000,0.010531,"{""bkLoss"":""0"",""bkPx"":""0.010531"",""ccy"":"""",""posSide"":""long"",""side"":""sell"",""sz"":""116000"",""ts"":""1788123708784""}"
2026-08-30T21:02:02.884822Z,1788123707042,BEAT-USDT-SWAP,sell,long,16.8,0.1283,"{""bkLoss"":""0"",""bkPx"":""0.1283"",""ccy"":"""",""posSide"":""long"",""side"":""sell"",""sz"":""16.8"",""ts"":""1788123707042""}"
2026-08-30T21:02:02.896420Z,1788123710336,DASH-USDT-SWAP,sell,long,378,42.1,"{""bkLoss"":""0"",""bkPx"":""42.1"",""ccy"":"""",""posSide"":""long"",""side"":""sell"",""sz"":""378"",""ts"":""1788123710336""}"
2026-08-30T21:02:03.618130Z,1788123691476,FIL-USDT-SWAP,sell,long,7461,0.6802,"{""bkLoss"":""0"",""bkPx"":""0.6802"",""ccy"":"""",""posSide"":""long"",""side"":""sell"",""sz"":""7461"",""ts"":""1788123691476""}"
2026-08-30T21:02:03.660541Z,1788123692088,XRP-USDT-SWAP,sell,long,7.91,1.3894,"{""bkLoss"":""0"",""bkPx"":""1.3894"",""ccy"":"""",""posSide"":""long"",""side"":""sell"",""sz"":""7.91"",""ts"":""1788123692088""}"
2026-08-30T21:02:03.871601Z,1788123711205,MAGIC-USDT-SWAP,sell,long,75104,0.0466,"{""bkLoss"":""0"",""bkPx"":""0.0466"",""ccy"":"""",""posSide"":""long"",""side"":""sell"",""sz"":""75104"",""ts"":""1788123711205""}"
2026-08-30T21:02:03.904992Z,1788123710396,ARX-USDT-SWAP,sell,long,44,0.1201,"{""bkLoss"":""0"",""bkPx"":""0.1201"",""ccy"":"""",""posSide"":""long"",""side"":""sell"",""sz"":""44"",""ts"":""1788123710396""}"
2026-08-30T21:02:04.166115Z,1788123712291,ETH-USDT-SWAP,sell,long,1.02,2459.11,"{""bkLoss"":""0"",""bkPx"":""2459.11"",""ccy"":"""",""posSide"":""long"",""side"":""sell"",""sz"":""1.02"",""ts"":""1788123712291""}"
2026-08-30T21:02:04.686732Z,1788123712327,2Z-USDT-SWAP,sell,long,31,0.05304,"{""bkLoss"":""0"",""bkPx"":""0.05304"",""ccy"":"""",""posSide"":""long"",""side"":""sell"",""sz"":""31"",""ts"":""1788123712327""}"
2026-08-30T21:02:04.747397Z,1788123723669,EDGE-USDT-SWAP,sell,long,17,0.3569,"{""bkLoss"":""0"",""bkPx"":""0.3569"",""ccy"":"""",""posSide"":""long"",""side"":""sell"",""sz"":""17"",""ts"":""1788123723669""}"
2026-08-30T21:02:04.749910Z,1788123723791,DOGE-USDT-SWAP,sell,long,48.24,0.08388,"{""bkLoss"":""0"",""bkPx"":""0.08388"",""ccy"":"""",""posSide"":""long"",""side"":""sell"",""sz"":""48.24"",""ts"":""1788123723791""}"
2026-08-30T21:02:04.756551Z,1788123723980,WLD-USDT-SWAP,sell,long,4386,0.3731,"{""bkLoss"":""0"",""bkPx"":""0.3731"",""ccy"":"""",""posSide"":""long"",""side"":""sell"",""sz"":""4386"",""ts"":""1788123723980""}"
2026-08-30T21:02:04.789957Z,1788123707199,LTC-USDT-SWAP,sell,long,107.9,48.89,"{""bkLoss"":""0"",""bkPx"":""48.89"",""ccy"":"""",""posSide"":""long"",""side"":""sell"",""sz"":""107.9"",""ts"":""1788123707199""}"
2026-08-30T21:02:04.833482Z,1788123711891,ZK-USDT-SWAP,sell,long,7016,0.009101,"{""bkLoss"":""0"",""bkPx"":""0.009101"",""ccy"":"""",""posSide"":""long"",""side"":""sell"",""sz"":""7016"",""ts"":""1788123711891""}"
2026-08-30T21:02:04.840336Z,1788123711891,ZKP-USDT-SWAP,sell,long,574,0.05178,"{""bkLoss"":""0"",""bkPx"":""0.05178"",""ccy"":"""",""posSide"":""long"",""side"":""sell"",""sz"":""574"",""ts"":""1788123711891""}"
2026-08-30T21:02:04.895691Z,1788123711511,OP-USDT-SWAP,sell,long,112,0.08666,"{""bkLoss"":""0"",""bkPx"":""0.08666"",""ccy"":"""",""posSide"":""long"",""side"":""sell"",""sz"":""112"",""ts"":""1788123711511""}"
2026-08-30T21:02:05.770139Z,1788123708366,SOL-USDT-SWAP,sell,long,150,103.53,"{""bkLoss"":""0"",""bkPx"":""103.53"",""ccy"":"""",""posSide"":""long"",""side"":""sell"",""sz"":""150"",""ts"":""1788123708366""}"
2026-08-30T21:02:05.914774Z,1788123722167,TAO-USDT-SWAP,sell,long,5,233,"{""bkLoss"":""0"",""bkPx"":""233"",""ccy"":"""",""posSide"":""long"",""side"":""sell"",""sz"":""5"",""ts"":""1788123722167""}"
2026-08-30T21:02:05.966616Z,1788123712430,AUCTION-USDT-SWAP,buy,short,169,3.803,"{""bkLoss"":""0"",""bkPx"":""3.803"",""ccy"":"""",""posSide"":""short"",""side"":""buy"",""sz"":""169"",""ts"":""1788123712430""}"
2026-08-30T21:02:05.972642Z,1788123712430,RIVER-USDT-SWAP,buy,short,30,1.657,"{""bkLoss"":""0"",""bkPx"":""1.657"",""ccy"":"""",""posSide"":""short"",""side"":""buy"",""sz"":""30"",""ts"":""1788123712430""}"
2026-08-30T21:02:05.977663Z,1788123712430,EDEN-USDT-SWAP,buy,short,73,0.06174,"{""bkLoss"":""0"",""bkPx"":""0.06174"",""ccy"":"""",""posSide"":""short"",""side"":""buy"",""sz"":""73"",""ts"":""1788123712430""}"
2026-08-30T21:02:05.991005Z,1788123712431,SOL-USDT-SWAP,sell,long,183.93,103.49,"{""bkLoss"":""0"",""bkPx"":""103.49"",""ccy"":"""",""posSide"":""long"",""side"":""sell"",""sz"":""183.93"",""ts"":""1788123712431""}"
2026-08-30T21:02:07.280407Z,1788123723004,APT-USDT-SWAP,sell,long,996,0.5334,"{""bkLoss"":""0"",""bkPx"":""0.5334"",""ccy"":"""",""posSide"":""long"",""side"":""sell"",""sz"":""996"",""ts"":""1788123723004""}"
2026-08-30T21:02:08.210479Z,1788123727309,LAB-USDT-SWAP,sell,long,1.2,0.07825,"{""bkLoss"":""0"",""bkPx"":""0.07825"",""ccy"":"""",""posSide"":""long"",""side"":""sell"",""sz"":""1.2"",""ts"":""1788123727309""}"
2026-08-30T21:02:08.575360Z,1788123724054,BARD-USDT-SWAP,sell,long,265,0.1265,"{""bkLoss"":""0"",""bkPx"":""0.1265"",""ccy"":"""",""posSide"":""long"",""side"":""sell"",""sz"":""265"",""ts"":""1788123724054""}"
2026-08-30T21:02:09.076854Z,1788123695998,ARKM-USDT-SWAP,sell,long,30,0.10913,"{""bkLoss"":""0"",""bkPx"":""0.10913"",""ccy"":"""",""posSide"":""long"",""side"":""sell"",""sz"":""30"",""ts"":""1788123695998""}"
2026-08-30T21:02:09.530780Z,1788123712442,ETC-USDT-SWAP,sell,long,0.31,7.263,"{""bkLoss"":""0"",""bkPx"":""7.263"",""ccy"":"""",""posSide"":""long"",""side"":""sell"",""sz"":""0.31"",""ts"":""1788123712442""}"
2026-08-30T21:02:09.534540Z,1788123712446,XRP-USDT-SWAP,sell,long,3,1.3838,"{""bkLoss"":""0"",""bkPx"":""1.3838"",""ccy"":"""",""posSide"":""long"",""side"":""sell"",""sz"":""3"",""ts"":""1788123712446""}"
2026-08-30T21:02:10.084269Z,1788123696205,ONDO-USDT-SWAP,sell,long,267,0.353,"{""bkLoss"":""0"",""bkPx"":""0.353"",""ccy"":"""",""posSide"":""long"",""side"":""sell"",""sz"":""267"",""ts"":""1788123696205""}"
2026-08-30T21:02:10.089100Z,1788123696205,LTC-USDT-SWAP,sell,long,7.2,48.91,"{""bkLoss"":""0"",""bkPx"":""48.91"",""ccy"":"""",""posSide"":""long"",""side"":""sell"",""sz"":""7.2"",""ts"":""1788123696205""}"
2026-08-30T21:02:10.117310Z,1788123696222,YB-USDT-SWAP,sell,long,2078,0.09374,"{""bkLoss"":""0"",""bkPx"":""0.09374"",""ccy"":"""",""posSide"":""long"",""side"":""sell"",""sz"":""2078"",""ts"":""1788123696222""}"
2026-08-30T21:02:10.123600Z,1788123696251,PIPPIN-USDT-SWAP,sell,long,19,0.01792,"{""bkLoss"":""0"",""bkPx"":""0.01792"",""ccy"":"""",""posSide"":""long"",""side"":""sell"",""sz"":""19"",""ts"":""1788123696251""}"
2026-08-30T21:02:10.126884Z,1788123696251,MOODENG-USDT-SWAP,sell,long,8,0.03969,"{""bkLoss"":""0"",""bkPx"":""0.03969"",""ccy"":"""",""posSide"":""long"",""side"":""sell"",""sz"":""8"",""ts"":""1788123696251""}"
2026-08-30T21:02:10.170293Z,1788123696519,RSR-USDT-SWAP,sell,long,29,0.001355,"{""bkLoss"":""0"",""bkPx"":""0.001355"",""ccy"":"""",""posSide"":""long"",""side"":""sell"",""sz"":""29"",""ts"":""1788123696519""}"
2026-08-30T21:02:10.365812Z,1788123711661,BLUR-USDT-SWAP,sell,long,30000,0.01586,"{""bkLoss"":""0"",""bkPx"":""0.01586"",""ccy"":"""",""posSide"":""long"",""side"":""sell"",""sz"":""30000"",""ts"":""1788123711661""}"
2026-08-30T21:02:12.255677Z,1788123712842,PURR-USDT-SWAP,sell,long,35,12.21,"{""bkLoss"":""0"",""bkPx"":""12.21"",""ccy"":"""",""posSide"":""long"",""side"":""sell"",""sz"":""35"",""ts"":""1788123712842""}"
2026-08-30T21:02:13.141705Z,1788123723904,STRK-USDT-SWAP,sell,long,39585,0.02558,"{""bkLoss"":""0"",""bkPx"":""0.02558"",""ccy"":"""",""posSide"":""long"",""side"":""sell"",""sz"":""39585"",""ts"":""1788123723904""}"
2026-08-30T21:02:13.541200Z,1788123724058,GALA-USDT-SWAP,sell,long,56433,0.001709,"{""bkLoss"":""0"",""bkPx"":""0.001709"",""ccy"":"""",""posSide"":""long"",""side"":""sell"",""sz"":""56433"",""ts"":""1788123724058""}"
2026-08-30T21:02:15.373847Z,1788123733209,WLD-USDT-SWAP,sell,long,4032,0.373,"{""bkLoss"":""0"",""bkPx"":""0.373"",""ccy"":"""",""posSide"":""long"",""side"":""sell"",""sz"":""4032"",""ts"":""1788123733209""}"
2026-08-30T21:02:15.503747Z,1788123734409,ZKP-USDT-SWAP,sell,long,2141,0.05159,"{""bkLoss"":""0"",""bkPx"":""0.05159"",""ccy"":"""",""posSide"":""long"",""side"":""sell"",""sz"":""2141"",""ts"":""1788123734409""}"
2026-08-30T21:02:15.507028Z,1788123734474,BTC-USDT-SWAP,sell,long,4.5,78252.8,"{""bkLoss"":""0"",""bkPx"":""78252.8"",""ccy"":"""",""posSide"":""long"",""side"":""sell"",""sz"":""4.5"",""ts"":""1788123734474""}"
2026-08-30T21:02:16.240226Z,1788123697424,BLUR-USDT-SWAP,sell,long,43,0.01591,"{""bkLoss"":""0"",""bkPx"":""0.01591"",""ccy"":"""",""posSide"":""long"",""side"":""sell"",""sz"":""43"",""ts"":""1788123697424""}"
2026-08-30T21:02:16.245945Z,1788123697551,SENT-USDT-SWAP,sell,long,19,0.01253,"{""bkLoss"":""0"",""bkPx"":""0.01253"",""ccy"":"""",""posSide"":""long"",""side"":""sell"",""sz"":""19"",""ts"":""1788123697551""}"
2026-08-30T21:02:16.248571Z,1788123706929,DOGE-USDT-SWAP,sell,long,200,0.08433,"{""bkLoss"":""0"",""bkPx"":""0.08433"",""ccy"":"""",""posSide"":""long"",""side"":""sell"",""sz"":""200"",""ts"":""1788123706929""}"
2026-08-30T21:02:16.250984Z,1788123697956,ENSO-USDT-SWAP,sell,long,8,0.8584,"{""bkLoss"":""0"",""bkPx"":""0.8584"",""ccy"":"""",""posSide"":""long"",""side"":""sell"",""sz"":""8"",""ts"":""1788123697956""}"
2026-08-30T21:02:16.254693Z,1788123706929,BTC-USDT-SWAP,sell,long,44,78335.9,"{""bkLoss"":""0"",""bkPx"":""78335.9"",""ccy"":"""",""posSide"":""long"",""side"":""sell"",""sz"":""44"",""ts"":""1788123706929""}"
2026-08-30T21:02:17.300118Z,1788123707819,HUMA-USDT-SWAP,sell,long,26,0.0194,"{""bkLoss"":""0"",""bkPx"":""0.0194"",""ccy"":"""",""posSide"":""long"",""side"":""sell"",""sz"":""26"",""ts"":""1788123707819""}"
2026-08-30T21:02:17.315593Z,1788123698662,NEAR-USDT-SWAP,sell,long,0.9,1.858,"{""bkLoss"":""0"",""bkPx"":""1.858"",""ccy"":"""",""posSide"":""long"",""side"":""sell"",""sz"":""0.9"",""ts"":""1788123698662""}"
2026-08-30T21:02:18.021410Z,1788123736898,BAT-USDT-SWAP,sell,long,20,0.0676,"{""bkLoss"":""0"",""bkPx"":""0.0676"",""ccy"":"""",""posSide"":""long"",""side"":""sell"",""sz"":""20"",""ts"":""1788123736898""}"
2026-08-30T21:02:18.238396Z,1788123697894,PROVE-USDT-SWAP,sell,long,542,0.1746,"{""bkLoss"":""0"",""bkPx"":""0.1746"",""ccy"":"""",""posSide"":""long"",""side"":""sell"",""sz"":""542"",""ts"":""1788123697894""}"
2026-08-30T21:02:18.248399Z,1788123697897,ICP-USDT-SWAP,sell,long,477431,2.393,"{""bkLoss"":""0"",""bkPx"":""2.393"",""ccy"":"""",""posSide"":""long"",""side"":""sell"",""sz"":""477431"",""ts"":""1788123697897""}"
2026-08-30T21:02:18.349029Z,1788123708568,LINK-USDT-SWAP,sell,long,16.3,11.398,"{""bkLoss"":""0"",""bkPx"":""11.398"",""ccy"":"""",""posSide"":""long"",""side"":""sell"",""sz"":""16.3"",""ts"":""1788123708568""}"
2026-08-30T21:02:18.435035Z,1788123737317,BTC-USDT-SWAP,sell,long,1.34,78244.8,"{""bkLoss"":""0"",""bkPx"":""78244.8"",""ccy"":"""",""posSide"":""long"",""side"":""sell"",""sz"":""1.34"",""ts"":""1788123737317""}"
2026-08-30T21:02:18.596668Z,1788123732564,SEI-USDT-SWAP,sell,long,1,0.04491,"{""bkLoss"":""0"",""bkPx"":""0.04491"",""ccy"":"""",""posSide"":""long"",""side"":""sell"",""sz"":""1"",""ts"":""1788123732564""}"
2026-08-30T21:02:19.397883Z,1788123708996,SLX-USDT-SWAP,sell,long,3146,0.0707,"{""bkLoss"":""0"",""bkPx"":""0.0707"",""ccy"":"""",""posSide"":""long"",""side"":""sell"",""sz"":""3146"",""ts"":""1788123708996""}"
2026-08-30T21:02:20.029815Z,1788123723387,OFC-USDT-SWAP,sell,long,186,0.008662,"{""bkLoss"":""0"",""bkPx"":""0.008662"",""ccy"":"""",""posSide"":""long"",""side"":""sell"",""sz"":""186"",""ts"":""1788123723387""}"
2026-08-30T21:02:21.552900Z,1788123740362,BTC-USDT-SWAP,sell,long,0.67,78238.8,"{""bkLoss"":""0"",""bkPx"":""78238.8"",""ccy"":"""",""posSide"":""long"",""side"":""sell"",""sz"":""0.67"",""ts"":""1788123740362""}"
2026-08-30T21:02:22.060914Z,1788123740996,SOL-USDT-SWAP,sell,long,33.27,103.43,"{""bkLoss"":""0"",""bkPx"":""103.43"",""ccy"":"""",""posSide"":""long"",""side"":""sell"",""sz"":""33.27"",""ts"":""1788123740996""}"
2026-08-30T21:02:22.932748Z,1788123741268,ZEC-USDT-SWAP,sell,long,24,845.46,"{""bkLoss"":""0"",""bkPx"":""845.46"",""ccy"":"""",""posSide"":""long"",""side"":""sell"",""sz"":""24"",""ts"":""1788123741268""}"
2026-08-30T21:02:23.030329Z,1788123699355,PEPE-USDT-SWAP,sell,long,1.4,0.000003626,"{""bkLoss"":""0"",""bkPx"":""0.000003626"",""ccy"":"""",""posSide"":""long"",""side"":""sell"",""sz"":""1.4"",""ts"":""1788123699355""}"
2026-08-30T21:02:23.096671Z,1788123738833,SNDK-USDT-SWAP,sell,long,0.266,1490.41,"{""bkLoss"":""0"",""bkPx"":""1490.41"",""ccy"":"""",""posSide"":""long"",""side"":""sell"",""sz"":""0.266"",""ts"":""1788123738833""}"
2026-08-30T21:02:23.184876Z,1788123742273,XRP-USDT-SWAP,sell,long,0.03,1.3827,"{""bkLoss"":""0"",""bkPx"":""1.3827"",""ccy"":"""",""posSide"":""long"",""side"":""sell"",""sz"":""0.03"",""ts"":""1788123742273""}"
2026-08-30T21:02:23.398489Z,1788123742185,WLD-USDT-SWAP,sell,long,27,0.3726,"{""bkLoss"":""0"",""bkPx"":""0.3726"",""ccy"":"""",""posSide"":""long"",""side"":""sell"",""sz"":""27"",""ts"":""1788123742185""}"
2026-08-30T21:02:23.403777Z,1788123742282,BTC-USDT-SWAP,sell,long,14.21,78227.9,"{""bkLoss"":""0"",""bkPx"":""78227.9"",""ccy"":"""",""posSide"":""long"",""side"":""sell"",""sz"":""14.21"",""ts"":""1788123742282""}"
2026-08-30T21:02:23.572321Z,1788123739149,NES-USDT-SWAP,sell,long,3,0.1175,"{""bkLoss"":""0"",""bkPx"":""0.1175"",""ccy"":"""",""posSide"":""long"",""side"":""sell"",""sz"":""3"",""ts"":""1788123739149""}"
2026-08-30T21:02:23.662293Z,1788123723003,ORDI-USDT-SWAP,sell,long,50,3.895,"{""bkLoss"":""0"",""bkPx"":""3.895"",""ccy"":"""",""posSide"":""long"",""side"":""sell"",""sz"":""50"",""ts"":""1788123723003""}"
2026-08-30T21:02:23.704741Z,1788123724027,ORDI-USDT-SWAP,sell,long,19318,3.888,"{""bkLoss"":""0"",""bkPx"":""3.888"",""ccy"":"""",""posSide"":""long"",""side"":""sell"",""sz"":""19318"",""ts"":""1788123724027""}"
2026-08-30T21:02:23.836472Z,1788123742492,SOL-USDT-SWAP,sell,long,319.67,103.39,"{""bkLoss"":""0"",""bkPx"":""103.39"",""ccy"":"""",""posSide"":""long"",""side"":""sell"",""sz"":""319.67"",""ts"":""1788123742492""}"
2026-08-30T21:02:24.377204Z,1788123743223,SOL-USDT-SWAP,sell,long,52.3,103.34,"{""bkLoss"":""0"",""bkPx"":""103.34"",""ccy"":"""",""posSide"":""long"",""side"":""sell"",""sz"":""52.3"",""ts"":""1788123743223""}"
2026-08-30T21:02:24.377793Z,1788123743378,BTC-USDT-SWAP,sell,long,2.57,78192.5,"{""bkLoss"":""0"",""bkPx"":""78192.5"",""ccy"":"""",""posSide"":""long"",""side"":""sell"",""sz"":""2.57"",""ts"":""1788123743378""}"
2026-08-30T21:02:24.382924Z,1788123743477,ONDO-USDT-SWAP,sell,long,9,0.3518,"{""bkLoss"":""0"",""bkPx"":""0.3518"",""ccy"":"""",""posSide"":""long"",""side"":""sell"",""sz"":""9"",""ts"":""1788123743477""}"
2026-08-30T21:02:24.719472Z,1788123743261,TRUMP-USDT-SWAP,sell,long,111,2.479,"{""bkLoss"":""0"",""bkPx"":""2.479"",""ccy"":"""",""posSide"":""long"",""side"":""sell"",""sz"":""111"",""ts"":""1788123743261""}"
2026-08-30T21:02:24.744995Z,1788123724237,EDGE-USDT-SWAP,sell,long,1500,0.3552,"{""bkLoss"":""0"",""bkPx"":""0.3552"",""ccy"":"""",""posSide"":""long"",""side"":""sell"",""sz"":""1500"",""ts"":""1788123724237""}"
2026-08-30T21:02:24.746500Z,1788123741102,SOL-USDT-SWAP,sell,long,0.46,103.43,"{""bkLoss"":""0"",""bkPx"":""103.43"",""ccy"":"""",""posSide"":""long"",""side"":""sell"",""sz"":""0.46"",""ts"":""1788123741102""}"
2026-08-30T21:02:25.470309Z,1788123743549,ETH-USDT-SWAP,sell,long,200,2460.88,"{""bkLoss"":""0"",""bkPx"":""2460.88"",""ccy"":"""",""posSide"":""long"",""side"":""sell"",""sz"":""200"",""ts"":""1788123743549""}"
2026-08-30T21:02:25.475598Z,1788123743549,XRP-USDT-SWAP,sell,long,300,1.3822,"{""bkLoss"":""0"",""bkPx"":""1.3822"",""ccy"":"""",""posSide"":""long"",""side"":""sell"",""sz"":""300"",""ts"":""1788123743549""}"
2026-08-30T21:02:25.792354Z,1788123726302,TRUMP-USDT-SWAP,sell,long,11,2.48,"{""bkLoss"":""0"",""bkPx"":""2.48"",""ccy"":"""",""posSide"":""long"",""side"":""sell"",""sz"":""11"",""ts"":""1788123726302""}"
2026-08-30T21:02:28.171392Z,1788123746882,NOT-USDT-SWAP,sell,long,485,0.0004066,"{""bkLoss"":""0"",""bkPx"":""0.0004066"",""ccy"":"""",""posSide"":""long"",""side"":""sell"",""sz"":""485"",""ts"":""1788123746882""}"
2026-08-30T21:02:28.175286Z,1788123746882,BREV-USDT-SWAP,sell,long,143,0.07298,"{""bkLoss"":""0"",""bkPx"":""0.07298"",""ccy"":"""",""posSide"":""long"",""side"":""sell"",""sz"":""143"",""ts"":""1788123746882""}"
2026-08-30T21:02:28.179213Z,1788123746882,SPK-USDT-SWAP,sell,long,10,0.0191,"{""bkLoss"":""0"",""bkPx"":""0.0191"",""ccy"":"""",""posSide"":""long"",""side"":""sell"",""sz"":""10"",""ts"":""1788123746882""}"
2026-08-30T21:02:28.185344Z,1788123746882,AUCTION-USDT-SWAP,sell,long,79,3.811,"{""bkLoss"":""0"",""bkPx"":""3.811"",""ccy"":"""",""posSide"":""long"",""side"":""sell"",""sz"":""79"",""ts"":""1788123746882""}"
2026-08-30T21:02:28.189558Z,1788123746882,ZORA-USDT-SWAP,buy,short,487,0.008035,"{""bkLoss"":""0"",""bkPx"":""0.008035"",""ccy"":"""",""posSide"":""short"",""side"":""buy"",""sz"":""487"",""ts"":""1788123746882""}"
2026-08-30T21:02:28.193203Z,1788123746882,RLS-USDT-SWAP,buy,short,153,0.001956,"{""bkLoss"":""0"",""bkPx"":""0.001956"",""ccy"":"""",""posSide"":""short"",""side"":""buy"",""sz"":""153"",""ts"":""1788123746882""}"
2026-08-30T21:02:29.412179Z,1788123742066,AAVE-USDT-SWAP,sell,long,6,124.85,"{""bkLoss"":""0"",""bkPx"":""124.85"",""ccy"":"""",""posSide"":""long"",""side"":""sell"",""sz"":""6"",""ts"":""1788123742066""}"
2026-08-30T21:02:32.034469Z,1788123751063,H-USDT-SWAP,sell,long,280,0.07359,"{""bkLoss"":""0"",""bkPx"":""0.07359"",""ccy"":"""",""posSide"":""long"",""side"":""sell"",""sz"":""280"",""ts"":""1788123751063""}"
2026-08-30T21:02:32.260417Z,1788123690821,BEAT-USDT-SWAP,sell,long,367.4,0.1302,"{""bkLoss"":""0"",""bkPx"":""0.1302"",""ccy"":"""",""posSide"":""long"",""side"":""sell"",""sz"":""367.4"",""ts"":""1788123690821""}"
2026-08-30T21:02:32.290549Z,1788123743264,ZEC-USDT-SWAP,sell,long,47,844.03,"{""bkLoss"":""0"",""bkPx"":""844.03"",""ccy"":"""",""posSide"":""long"",""side"":""sell"",""sz"":""47"",""ts"":""1788123743264""}"
2026-08-30T21:02:33.619043Z,1788123743692,BCH-USDT-SWAP,sell,long,0.7,248.6,"{""bkLoss"":""0"",""bkPx"":""248.6"",""ccy"":"""",""posSide"":""long"",""side"":""sell"",""sz"":""0.7"",""ts"":""1788123743692""}"
2026-08-30T21:02:35.309094Z,1788123706838,SPACE-USDT-SWAP,sell,long,359,0.004802,"{""bkLoss"":""0"",""bkPx"":""0.004802"",""ccy"":"""",""posSide"":""long"",""side"":""sell"",""sz"":""359"",""ts"":""1788123706838""}"
2026-08-30T21:02:35.339793Z,1788123707124,BCH-USDT-SWAP,sell,long,96,249.2,"{""bkLoss"":""0"",""bkPx"":""249.2"",""ccy"":"""",""posSide"":""long"",""side"":""sell"",""sz"":""96"",""ts"":""1788123707124""}"
2026-08-30T21:02:36.673304Z,1788123696286,BICO-USDT-SWAP,sell,long,439,0.02148,"{""bkLoss"":""0"",""bkPx"":""0.02148"",""ccy"":"""",""posSide"":""long"",""side"":""sell"",""sz"":""439"",""ts"":""1788123696286""}"
2026-08-30T21:02:40.028088Z,1788123708281,FIL-USDT-SWAP,sell,long,686,0.6742,"{""bkLoss"":""0"",""bkPx"":""0.6742"",""ccy"":"""",""posSide"":""long"",""side"":""sell"",""sz"":""686"",""ts"":""1788123708281""}"
2026-08-30T21:02:40.037036Z,1788123708282,WLD-USDT-SWAP,sell,long,1,0.3738,"{""bkLoss"":""0"",""bkPx"":""0.3738"",""ccy"":"""",""posSide"":""long"",""side"":""sell"",""sz"":""1"",""ts"":""1788123708282""}"
2026-08-30T21:02:40.045773Z,1788123708295,ICP-USDT-SWAP,sell,long,57000,2.392,"{""bkLoss"":""0"",""bkPx"":""2.392"",""ccy"":"""",""posSide"":""long"",""side"":""sell"",""sz"":""57000"",""ts"":""1788123708295""}"
2026-08-30T21:02:40.053109Z,1788123708295,DOT-USDT-SWAP,sell,long,1270,0.842,"{""bkLoss"":""0"",""bkPx"":""0.842"",""ccy"":"""",""posSide"":""long"",""side"":""sell"",""sz"":""1270"",""ts"":""1788123708295""}"
2026-08-30T21:02:40.077018Z,1788123708295,AVAX-USDT-SWAP,sell,long,327,7.291,"{""bkLoss"":""0"",""bkPx"":""7.291"",""ccy"":"""",""posSide"":""long"",""side"":""sell"",""sz"":""327"",""ts"":""1788123708295""}"
2026-08-30T21:02:40.141558Z,1788123709137,RESOLV-USDT-SWAP,sell,long,22299,0.01745,"{""bkLoss"":""0"",""bkPx"":""0.01745"",""ccy"":"""",""posSide"":""long"",""side"":""sell"",""sz"":""22299"",""ts"":""1788123709137""}"
2026-08-30T21:02:41.108477Z,1788123691051,BEAT-USDT-SWAP,sell,long,30,0.1302,"{""bkLoss"":""0"",""bkPx"":""0.1302"",""ccy"":"""",""posSide"":""long"",""side"":""sell"",""sz"":""30"",""ts"":""1788123691051""}"
2026-08-30T21:02:45.682670Z,1788123711670,ALGO-USDT-SWAP,sell,long,595,0.08641,"{""bkLoss"":""0"",""bkPx"":""0.08641"",""ccy"":"""",""posSide"":""long"",""side"":""sell"",""sz"":""595"",""ts"":""1788123711670""}"
2026-08-30T21:02:45.690123Z,1788123711815,ONT-USDT-SWAP,sell,long,1755,0.05376,"{""bkLoss"":""0"",""bkPx"":""0.05376"",""ccy"":"""",""posSide"":""long"",""side"":""sell"",""sz"":""1755"",""ts"":""1788123711815""}"
2026-08-30T21:02:45.730081Z,1788123712562,CL-USDT-SWAP,buy,short,445,84.89,"{""bkLoss"":""0"",""bkPx"":""84.89"",""ccy"":"""",""posSide"":""short"",""side"":""buy"",""sz"":""445"",""ts"":""1788123712562""}"
2026-08-30T21:02:45.734330Z,1788123712562,PENGU-USDT-SWAP,sell,long,5106,0.008923,"{""bkLoss"":""0"",""bkPx"":""0.008923"",""ccy"":"""",""posSide"":""long"",""side"":""sell"",""sz"":""5106"",""ts"":""1788123712562""}"
2026-08-30T21:02:46.683762Z,1788123712438,PEPE-USDT-SWAP,sell,long,17.6,0.000003619,"{""bkLoss"":""0"",""bkPx"":""0.000003619"",""ccy"":"""",""posSide"":""long"",""side"":""sell"",""sz"":""17.6"",""ts"":""1788123712438""}"
2026-08-30T21:02:46.695424Z,1788123712439,XPL-USDT-SWAP,sell,long,1350,0.08625,"{""bkLoss"":""0"",""bkPx"":""0.08625"",""ccy"":"""",""posSide"":""long"",""side"":""sell"",""sz"":""1350"",""ts"":""1788123712439""}"
2026-08-30T21:02:47.899567Z,1788123743254,UNI-USDT-SWAP,sell,long,7,5.249,"{""bkLoss"":""0"",""bkPx"":""5.249"",""ccy"":"""",""posSide"":""long"",""side"":""sell"",""sz"":""7"",""ts"":""1788123743254""}"
2026-08-30T21:02:48.378794Z,1788123743279,WLD-USDT-SWAP,sell,long,1699,0.3724,"{""bkLoss"":""0"",""bkPx"":""0.3724"",""ccy"":"""",""posSide"":""long"",""side"":""sell"",""sz"":""1699"",""ts"":""1788123743279""}"
2026-08-30T21:02:48.382209Z,1788123743279,CHIP-USDT-SWAP,sell,long,55,0.03856,"{""bkLoss"":""0"",""bkPx"":""0.03856"",""ccy"":"""",""posSide"":""long"",""side"":""sell"",""sz"":""55"",""ts"":""1788123743279""}"
2026-08-30T21:02:51.443656Z,1788123710399,OP-USDT-SWAP,sell,long,369,0.08771,"{""bkLoss"":""0"",""bkPx"":""0.08771"",""ccy"":"""",""posSide"":""long"",""side"":""sell"",""sz"":""369"",""ts"":""1788123710399""}"
2026-08-30T21:02:55.743329Z,1788123742326,PUMP-USDT-SWAP,sell,long,1493,0.004598,"{""bkLoss"":""0"",""bkPx"":""0.004598"",""ccy"":"""",""posSide"":""long"",""side"":""sell"",""sz"":""1493"",""ts"":""1788123742326""}"
2026-08-30T21:02:59.430187Z,1788123756173,BEAT-USDT-SWAP,sell,long,1000,0.1302,"{""bkLoss"":""0"",""bkPx"":""0.1302"",""ccy"":"""",""posSide"":""long"",""side"":""sell"",""sz"":""1000"",""ts"":""1788123756173""}"
2026-08-30T21:03:00.565341Z,1788123724061,STRK-USDT-SWAP,sell,long,314,0.02558,"{""bkLoss"":""0"",""bkPx"":""0.02558"",""ccy"":"""",""posSide"":""long"",""side"":""sell"",""sz"":""314"",""ts"":""1788123724061""}"
2026-08-30T21:03:00.569630Z,1788123724170,SAND-USDT-SWAP,sell,long,1206,0.0379,"{""bkLoss"":""0"",""bkPx"":""0.0379"",""ccy"":"""",""posSide"":""long"",""side"":""sell"",""sz"":""1206"",""ts"":""1788123724170""}"
2026-08-30T21:03:00.575685Z,1788123724170,BCH-USDT-SWAP,sell,long,18.8,249.2,"{""bkLoss"":""0"",""bkPx"":""249.2"",""ccy"":"""",""posSide"":""long"",""side"":""sell"",""sz"":""18.8"",""ts"":""1788123724170""}"
2026-08-30T21:03:00.581078Z,1788123724170,SENT-USDT-SWAP,sell,long,353,0.01249,"{""bkLoss"":""0"",""bkPx"":""0.01249"",""ccy"":"""",""posSide"":""long"",""side"":""sell"",""sz"":""353"",""ts"":""1788123724170""}"
2026-08-30T21:03:00.593160Z,1788123724170,WLFI-USDT-SWAP,sell,long,832,0.0573,"{""bkLoss"":""0"",""bkPx"":""0.0573"",""ccy"":"""",""posSide"":""long"",""side"":""sell"",""sz"":""832"",""ts"":""1788123724170""}"
2026-08-30T21:03:01.570077Z,1788123725132,MON-USDT-SWAP,sell,long,3545,0.02745,"{""bkLoss"":""0"",""bkPx"":""0.02745"",""ccy"":"""",""posSide"":""long"",""side"":""sell"",""sz"":""3545"",""ts"":""1788123725132""}"
2026-08-30T21:03:02.247392Z,1788123696077,BICO-USDT-SWAP,sell,long,413,0.02154,"{""bkLoss"":""0"",""bkPx"":""0.02154"",""ccy"":"""",""posSide"":""long"",""side"":""sell"",""sz"":""413"",""ts"":""1788123696077""}"
2026-08-30T21:03:02.534991Z,1788123726352,APT-USDT-SWAP,sell,long,3000,0.5326,"{""bkLoss"":""0"",""bkPx"":""0.5326"",""ccy"":"""",""posSide"":""long"",""side"":""sell"",""sz"":""3000"",""ts"":""1788123726352""}"
2026-08-30T21:03:06.955540Z,1788123761179,BEAT-USDT-SWAP,sell,long,125,0.1302,"{""bkLoss"":""0"",""bkPx"":""0.1302"",""ccy"":"""",""posSide"":""long"",""side"":""sell"",""sz"":""125"",""ts"":""1788123761179""}"
2026-08-30T21:03:08.372272Z,1788123733926,BTC-USDT-SWAP,sell,long,6.88,78260.5,"{""bkLoss"":""0"",""bkPx"":""78260.5"",""ccy"":"""",""posSide"":""long"",""side"":""sell"",""sz"":""6.88"",""ts"":""1788123733926""}"
2026-08-30T21:03:09.435870Z,1788123723792,PARTI-USDT-SWAP,sell,long,79,0.024,"{""bkLoss"":""0"",""bkPx"":""0.024"",""ccy"":"""",""posSide"":""long"",""side"":""sell"",""sz"":""79"",""ts"":""1788123723792""}"
2026-08-30T21:03:09.449650Z,1788123723853,FIL-USDT-SWAP,sell,long,29687,0.6731,"{""bkLoss"":""0"",""bkPx"":""0.6731"",""ccy"":"""",""posSide"":""long"",""side"":""sell"",""sz"":""29687"",""ts"":""1788123723853""}"
2026-08-30T21:03:10.762595Z,1788123766186,BEAT-USDT-SWAP,sell,long,1000,0.1302,"{""bkLoss"":""0"",""bkPx"":""0.1302"",""ccy"":"""",""posSide"":""long"",""side"":""sell"",""sz"":""1000"",""ts"":""1788123766186""}"
2026-08-30T21:03:11.312478Z,1788123724135,WLD-USDT-SWAP,sell,long,78750,0.3731,"{""bkLoss"":""0"",""bkPx"":""0.3731"",""ccy"":"""",""posSide"":""long"",""side"":""sell"",""sz"":""78750"",""ts"":""1788123724135""}"
2026-08-30T21:03:15.349760Z,1788123771189,BEAT-USDT-SWAP,sell,long,1000,0.1302,"{""bkLoss"":""0"",""bkPx"":""0.1302"",""ccy"":"""",""posSide"":""long"",""side"":""sell"",""sz"":""1000"",""ts"":""1788123771189""}"
2026-08-30T21:03:15.493899Z,1788123743706,PNUT-USDT-SWAP,sell,long,5,0.04925,"{""bkLoss"":""0"",""bkPx"":""0.04925"",""ccy"":"""",""posSide"":""long"",""side"":""sell"",""sz"":""5"",""ts"":""1788123743706""}"
2026-08-30T21:03:16.935709Z,1788123692541,HYPE-USDT-SWAP,sell,long,41,81.522,"{""bkLoss"":""0"",""bkPx"":""81.522"",""ccy"":"""",""posSide"":""long"",""side"":""sell"",""sz"":""41"",""ts"":""1788123692541""}"
2026-08-30T21:03:17.043594Z,1788123740477,BSB-USDT-SWAP,sell,long,29,0.10442,"{""bkLoss"":""0"",""bkPx"":""0.10442"",""ccy"":"""",""posSide"":""long"",""side"":""sell"",""sz"":""29"",""ts"":""1788123740477""}"
2026-08-30T21:03:17.053930Z,1788123740477,XRP-USDT-SWAP,sell,long,2.74,1.3841,"{""bkLoss"":""0"",""bkPx"":""1.3841"",""ccy"":"""",""posSide"":""long"",""side"":""sell"",""sz"":""2.74"",""ts"":""1788123740477""}"
2026-08-30T21:03:18.198408Z,1788123796649,LIT-USDT-SWAP,buy,short,3,3.8118,"{""bkLoss"":""0"",""bkPx"":""3.8118"",""ccy"":"""",""posSide"":""short"",""side"":""buy"",""sz"":""3"",""ts"":""1788123796649""}"
2026-08-30T21:03:20.924495Z,1788123776196,BEAT-USDT-SWAP,sell,long,1000,0.1302,"{""bkLoss"":""0"",""bkPx"":""0.1302"",""ccy"":"""",""posSide"":""long"",""side"":""sell"",""sz"":""1000"",""ts"":""1788123776196""}"
2026-08-30T21:03:26.473663Z,1788123781200,BEAT-USDT-SWAP,sell,long,1000,0.1302,"{""bkLoss"":""0"",""bkPx"":""0.1302"",""ccy"":"""",""posSide"":""long"",""side"":""sell"",""sz"":""1000"",""ts"":""1788123781200""}"
2026-08-30T21:03:32.029959Z,1788123786204,BEAT-USDT-SWAP,sell,long,1000,0.1302,"{""bkLoss"":""0"",""bkPx"":""0.1302"",""ccy"":"""",""posSide"":""long"",""side"":""sell"",""sz"":""1000"",""ts"":""1788123786204""}"
2026-08-30T21:03:34.843985Z,1788123791211,BEAT-USDT-SWAP,sell,long,1000,0.1302,"{""bkLoss"":""0"",""bkPx"":""0.1302"",""ccy"":"""",""posSide"":""long"",""side"":""sell"",""sz"":""1000"",""ts"":""1788123791211""}"
2026-08-30T21:03:35.591995Z,1788123695823,PUMP-USDT-SWAP,sell,long,1983,0.004614,"{""bkLoss"":""0"",""bkPx"":""0.004614"",""ccy"":"""",""posSide"":""long"",""side"":""sell"",""sz"":""1983"",""ts"":""1788123695823""}"
2026-08-30T21:03:35.612668Z,1788123696082,RAVE-USDT-SWAP,sell,long,10,0.2638,"{""bkLoss"":""0"",""bkPx"":""0.2638"",""ccy"":"""",""posSide"":""long"",""side"":""sell"",""sz"":""10"",""ts"":""1788123696082""}"
2026-08-30T21:03:35.649084Z,1788123696206,BICO-USDT-SWAP,sell,long,30823,0.02148,"{""bkLoss"":""0"",""bkPx"":""0.02148"",""ccy"":"""",""posSide"":""long"",""side"":""sell"",""sz"":""30823"",""ts"":""1788123696206""}"
2026-08-30T21:03:35.729732Z,1788123696230,DYDX-USDT-SWAP,sell,long,416,0.10839,"{""bkLoss"":""0"",""bkPx"":""0.10839"",""ccy"":"""",""posSide"":""long"",""side"":""sell"",""sz"":""416"",""ts"":""1788123696230""}"
2026-08-30T21:03:35.740317Z,1788123696230,BASED-USDT-SWAP,sell,long,491,0.07054,"{""bkLoss"":""0"",""bkPx"":""0.07054"",""ccy"":"""",""posSide"":""long"",""side"":""sell"",""sz"":""491"",""ts"":""1788123696230""}"
2026-08-30T21:03:36.774324Z,1788123737344,SNDK-USDT-SWAP,sell,long,0.458,1490.48,"{""bkLoss"":""0"",""bkPx"":""1490.48"",""ccy"":"""",""posSide"":""long"",""side"":""sell"",""sz"":""0.458"",""ts"":""1788123737344""}"
2026-08-30T21:03:38.658178Z,1788123696230,TIA-USDT-SWAP,sell,long,611,0.334,"{""bkLoss"":""0"",""bkPx"":""0.334"",""ccy"":"""",""posSide"":""long"",""side"":""sell"",""sz"":""611"",""ts"":""1788123696230""}"
2026-08-30T21:03:38.710997Z,1788123696499,GALA-USDT-SWAP,sell,long,33877,0.001715,"{""bkLoss"":""0"",""bkPx"":""0.001715"",""ccy"":"""",""posSide"":""long"",""side"":""sell"",""sz"":""33877"",""ts"":""1788123696499""}"
2026-08-30T21:03:38.871029Z,1788123697778,DATA-USDT-SWAP,sell,long,136,0.1855,"{""bkLoss"":""0"",""bkPx"":""0.1855"",""ccy"":"""",""posSide"":""long"",""side"":""sell"",""sz"":""136"",""ts"":""1788123697778""}"
2026-08-30T21:03:40.283558Z,1788123796215,BEAT-USDT-SWAP,sell,long,1000,0.1302,"{""bkLoss"":""0"",""bkPx"":""0.1302"",""ccy"":"""",""posSide"":""long"",""side"":""sell"",""sz"":""1000"",""ts"":""1788123796215""}"
2026-08-30T21:03:43.080662Z,1788123801221,BEAT-USDT-SWAP,sell,long,1000,0.1302,"{""bkLoss"":""0"",""bkPx"":""0.1302"",""ccy"":"""",""posSide"":""long"",""side"":""sell"",""sz"":""1000"",""ts"":""1788123801221""}"
2026-08-30T21:03:45.814909Z,1788123691161,BEAT-USDT-SWAP,sell,long,380,0.1302,"{""bkLoss"":""0"",""bkPx"":""0.1302"",""ccy"":"""",""posSide"":""long"",""side"":""sell"",""sz"":""380"",""ts"":""1788123691161""}"
2026-08-30T21:04:05.314423Z,1788123695857,S-USDT-SWAP,sell,long,71,0.02844,"{""bkLoss"":""0"",""bkPx"":""0.02844"",""ccy"":"""",""posSide"":""long"",""side"":""sell"",""sz"":""71"",""ts"":""1788123695857""}"
2026-08-30T21:04:15.861850Z,1788123704931,MAGIC-USDT-SWAP,sell,long,2750,0.04664,"{""bkLoss"":""0"",""bkPx"":""0.04664"",""ccy"":"""",""posSide"":""long"",""side"":""sell"",""sz"":""2750"",""ts"":""1788123704931""}"
2026-08-30T21:04:16.135088Z,1788123795228,LIT-USDT-SWAP,buy,short,161,3.8102,"{""bkLoss"":""0"",""bkPx"":""3.8102"",""ccy"":"""",""posSide"":""short"",""side"":""buy"",""sz"":""161"",""ts"":""1788123795228""}"
2026-08-30T21:04:22.700477Z,1788123861527,ZORA-USDT-SWAP,buy,short,1203,0.008136,"{""bkLoss"":""0"",""bkPx"":""0.008136"",""ccy"":"""",""posSide"":""short"",""side"":""buy"",""sz"":""1203"",""ts"":""1788123861527""}"
2026-08-30T21:04:24.069193Z,1788123705779,FIL-USDT-SWAP,sell,long,5000,0.6747,"{""bkLoss"":""0"",""bkPx"":""0.6747"",""ccy"":"""",""posSide"":""long"",""side"":""sell"",""sz"":""5000"",""ts"":""1788123705779""}"
2026-08-30T21:04:35.484793Z,1788123708647,SPACE-USDT-SWAP,sell,long,787,0.004795,"{""bkLoss"":""0"",""bkPx"":""0.004795"",""ccy"":"""",""posSide"":""long"",""side"":""sell"",""sz"":""787"",""ts"":""1788123708647""}"
2026-08-30T21:04:37.570024Z,1788123708928,ASTER-USDT-SWAP,sell,long,371,0.6931,"{""bkLoss"":""0"",""bkPx"":""0.6931"",""ccy"":"""",""posSide"":""long"",""side"":""sell"",""sz"":""371"",""ts"":""1788123708928""}"
2026-08-30T21:04:42.928416Z,1788123881588,ZORA-USDT-SWAP,buy,short,47000,0.008166,"{""bkLoss"":""0"",""bkPx"":""0.008166"",""ccy"":"""",""posSide"":""short"",""side"":""buy"",""sz"":""47000"",""ts"":""1788123881588""}"
2026-08-30T21:05:47.711583Z,1788123727595,HYPE-USDT-SWAP,sell,long,6,81.374,"{""bkLoss"":""0"",""bkPx"":""81.374"",""ccy"":"""",""posSide"":""long"",""side"":""sell"",""sz"":""6"",""ts"":""1788123727595""}"
2026-08-30T21:06:03.645721Z,1788123962597,ANIME-USDT-SWAP,sell,long,1183,0.002779,"{""bkLoss"":""0"",""bkPx"":""0.002779"",""ccy"":"""",""posSide"":""long"",""side"":""sell"",""sz"":""1183"",""ts"":""1788123962597""}"
2026-08-30T21:06:13.379751Z,1788123732926,XRP-USDT-SWAP,sell,long,526.25,1.3831,"{""bkLoss"":""0"",""bkPx"":""1.3831"",""ccy"":"""",""posSide"":""long"",""side"":""sell"",""sz"":""526.25"",""ts"":""1788123732926""}"
2026-08-30T21:07:29.380642Z,1788124048098,ANIME-USDT-SWAP,sell,long,863,0.002772,"{""bkLoss"":""0"",""bkPx"":""0.002772"",""ccy"":"""",""posSide"":""long"",""side"":""sell"",""sz"":""863"",""ts"":""1788124048098""}"
2026-08-30T21:07:34.536303Z,1788124053138,ANIME-USDT-SWAP,sell,long,3,0.002767,"{""bkLoss"":""0"",""bkPx"":""0.002767"",""ccy"":"""",""posSide"":""long"",""side"":""sell"",""sz"":""3"",""ts"":""1788124053138""}"
2026-08-30T21:07:55.543779Z,1788124074001,ZORA-USDT-SWAP,buy,short,18,0.008183,"{""bkLoss"":""0"",""bkPx"":""0.008183"",""ccy"":"""",""posSide"":""short"",""side"":""buy"",""sz"":""18"",""ts"":""1788124074001""}"
2026-08-30T21:08:03.062725Z,1788124082395,ZORA-USDT-SWAP,buy,short,21622,0.008235,"{""bkLoss"":""0"",""bkPx"":""0.008235"",""ccy"":"""",""posSide"":""short"",""side"":""buy"",""sz"":""21622"",""ts"":""1788124082395""}"
2026-08-30T21:08:04.382056Z,1788124083151,ZORA-USDT-SWAP,buy,short,8,0.008264,"{""bkLoss"":""0"",""bkPx"":""0.008264"",""ccy"":"""",""posSide"":""short"",""side"":""buy"",""sz"":""8"",""ts"":""1788124083151""}"
2026-08-30T21:08:23.747964Z,1788124102257,ANIME-USDT-SWAP,sell,long,117187,0.002754,"{""bkLoss"":""0"",""bkPx"":""0.002754"",""ccy"":"""",""posSide"":""long"",""side"":""sell"",""sz"":""117187"",""ts"":""1788124102257""}"
2026-08-30T21:10:14.039635Z,1788124213014,ZEC-USDT-SWAP,buy,short,1000,857.88,"{""bkLoss"":""0"",""bkPx"":""857.88"",""ccy"":"""",""posSide"":""short"",""side"":""buy"",""sz"":""1000"",""ts"":""1788124213014""}"
2026-08-30T21:10:54.100918Z,1788124252550,ENSO-USDT-SWAP,sell,long,339,0.8558,"{""bkLoss"":""0"",""bkPx"":""0.8558"",""ccy"":"""",""posSide"":""long"",""side"":""sell"",""sz"":""339"",""ts"":""1788124252550""}"
2026-08-30T21:10:56.658962Z,1788124255503,EGLD-USDT-SWAP,sell,long,10,3.75,"{""bkLoss"":""0"",""bkPx"":""3.75"",""ccy"":"""",""posSide"":""long"",""side"":""sell"",""sz"":""10"",""ts"":""1788124255503""}"
2026-08-30T21:11:06.643525Z,1788124265577,SKHYNIX-USDT-SWAP,sell,long,38.606,1225.68,"{""bkLoss"":""0"",""bkPx"":""1225.68"",""ccy"":"""",""posSide"":""long"",""side"":""sell"",""sz"":""38.606"",""ts"":""1788124265577""}"
2026-08-30T21:14:40.076878Z,1788124479188,ZORA-USDT-SWAP,buy,short,5536,0.008309,"{""bkLoss"":""0"",""bkPx"":""0.008309"",""ccy"":"""",""posSide"":""short"",""side"":""buy"",""sz"":""5536"",""ts"":""1788124479188""}"
2026-08-30T21:14:41.853092Z,1788124480965,ZORA-USDT-SWAP,buy,short,35,0.008355,"{""bkLoss"":""0"",""bkPx"":""0.008355"",""ccy"":"""",""posSide"":""short"",""side"":""buy"",""sz"":""35"",""ts"":""1788124480965""}"
2026-08-30T21:14:51.871587Z,1788124490992,ZORA-USDT-SWAP,buy,short,2551,0.008359,"{""bkLoss"":""0"",""bkPx"":""0.008359"",""ccy"":"""",""posSide"":""short"",""side"":""buy"",""sz"":""2551"",""ts"":""1788124490992""}"
2026-08-30T21:14:52.217400Z,1788124491490,ZORA-USDT-SWAP,buy,short,750,0.008397,"{""bkLoss"":""0"",""bkPx"":""0.008397"",""ccy"":"""",""posSide"":""short"",""side"":""buy"",""sz"":""750"",""ts"":""1788124491490""}"
2026-08-30T21:14:53.645681Z,1788124492617,ZORA-USDT-SWAP,buy,short,3204,0.008432,"{""bkLoss"":""0"",""bkPx"":""0.008432"",""ccy"":"""",""posSide"":""short"",""side"":""buy"",""sz"":""3204"",""ts"":""1788124492617""}"
2026-08-30T21:14:54.970270Z,1788124493970,ZORA-USDT-SWAP,buy,short,85000,0.008449,"{""bkLoss"":""0"",""bkPx"":""0.008449"",""ccy"":"""",""posSide"":""short"",""side"":""buy"",""sz"":""85000"",""ts"":""1788124493970""}"
2026-08-30T21:14:55.318534Z,1788124494112,ZORA-USDT-SWAP,buy,short,350,0.00846,"{""bkLoss"":""0"",""bkPx"":""0.00846"",""ccy"":"""",""posSide"":""short"",""side"":""buy"",""sz"":""350"",""ts"":""1788124494112""}"
2026-08-30T21:15:18.540979Z,1788124517682,ZORA-USDT-SWAP,buy,short,3366,0.008492,"{""bkLoss"":""0"",""bkPx"":""0.008492"",""ccy"":"""",""posSide"":""short"",""side"":""buy"",""sz"":""3366"",""ts"":""1788124517682""}"
2026-08-30T21:15:18.986150Z,1788124518014,ZORA-USDT-SWAP,buy,short,596,0.008503,"{""bkLoss"":""0"",""bkPx"":""0.008503"",""ccy"":"""",""posSide"":""short"",""side"":""buy"",""sz"":""596"",""ts"":""1788124518014""}"
2026-08-30T21:15:20.421232Z,1788124519109,ZORA-USDT-SWAP,buy,short,628,0.008519,"{""bkLoss"":""0"",""bkPx"":""0.008519"",""ccy"":"""",""posSide"":""short"",""side"":""buy"",""sz"":""628"",""ts"":""1788124519109""}"
2026-08-30T21:15:50.446931Z,1788124549257,ZEN-USDT-SWAP,buy,short,650,5.477,"{""bkLoss"":""0"",""bkPx"":""5.477"",""ccy"":"""",""posSide"":""short"",""side"":""buy"",""sz"":""650"",""ts"":""1788124549257""}"
2026-08-30T21:16:47.850173Z,1788124606809,ZORA-USDT-SWAP,buy,short,1165,0.008533,"{""bkLoss"":""0"",""bkPx"":""0.008533"",""ccy"":"""",""posSide"":""short"",""side"":""buy"",""sz"":""1165"",""ts"":""1788124606809""}"
2026-08-30T21:18:17.401859Z,1788124696282,RIVER-USDT-SWAP,buy,short,11390,1.704,"{""bkLoss"":""0"",""bkPx"":""1.704"",""ccy"":"""",""posSide"":""short"",""side"":""buy"",""sz"":""11390"",""ts"":""1788124696282""}"
2026-08-30T21:19:23.446572Z,1788124762090,UNI-USDT-SWAP,sell,long,77,5.244,"{""bkLoss"":""0"",""bkPx"":""5.244"",""ccy"":"""",""posSide"":""long"",""side"":""sell"",""sz"":""77"",""ts"":""1788124762090""}"
2026-08-30T21:19:31.922588Z,1788124770622,ANIME-USDT-SWAP,sell,long,14239,0.002743,"{""bkLoss"":""0"",""bkPx"":""0.002743"",""ccy"":"""",""posSide"":""long"",""side"":""sell"",""sz"":""14239"",""ts"":""1788124770622""}"
2026-08-30T21:21:58.899419Z,1788124917980,CL-USDT-SWAP,buy,short,356,85.08,"{""bkLoss"":""0"",""bkPx"":""85.08"",""ccy"":"""",""posSide"":""short"",""side"":""buy"",""sz"":""356"",""ts"":""1788124917980""}"
2026-08-30T21:22:06.373659Z,1788124925081,CL-USDT-SWAP,buy,short,240,85.1,"{""bkLoss"":""0"",""bkPx"":""85.1"",""ccy"":"""",""posSide"":""short"",""side"":""buy"",""sz"":""240"",""ts"":""1788124925081""}"
2026-08-30T21:22:09.346004Z,1788124928182,DOS-USDT-SWAP,sell,long,3,0.3073,"{""bkLoss"":""0"",""bkPx"":""0.3073"",""ccy"":"""",""posSide"":""long"",""side"":""sell"",""sz"":""3"",""ts"":""1788124928182""}"
2026-08-30T21:22:09.794457Z,1788124928817,ZKP-USDT-SWAP,sell,long,2300,0.05243,"{""bkLoss"":""0"",""bkPx"":""0.05243"",""ccy"":"""",""posSide"":""long"",""side"":""sell"",""sz"":""2300"",""ts"":""1788124928817""}"
2026-08-30T21:22:09.866320Z,1788124929056,DOS-USDT-SWAP,sell,long,80,0.3037,"{""bkLoss"":""0"",""bkPx"":""0.3037"",""ccy"":"""",""posSide"":""long"",""side"":""sell"",""sz"":""80"",""ts"":""1788124929056""}"
2026-08-30T21:22:46.435055Z,1788124965358,UNI-USDT-SWAP,sell,long,7,5.235,"{""bkLoss"":""0"",""bkPx"":""5.235"",""ccy"":"""",""posSide"":""long"",""side"":""sell"",""sz"":""7"",""ts"":""1788124965358""}"
2026-08-30T21:23:04.593329Z,1788124983736,GIGGLE-USDT-SWAP,sell,long,247,39.6,"{""bkLoss"":""0"",""bkPx"":""39.6"",""ccy"":"""",""posSide"":""long"",""side"":""sell"",""sz"":""247"",""ts"":""1788124983736""}"
2026-08-30T21:23:08.349883Z,1788124987329,AUCTION-USDT-SWAP,sell,long,65,3.788,"{""bkLoss"":""0"",""bkPx"":""3.788"",""ccy"":"""",""posSide"":""long"",""side"":""sell"",""sz"":""65"",""ts"":""1788124987329""}"
2026-08-30T21:23:40.883366Z,1788125020045,UB-USDT-SWAP,sell,long,464,0.12705,"{""bkLoss"":""0"",""bkPx"":""0.12705"",""ccy"":"""",""posSide"":""long"",""side"":""sell"",""sz"":""464"",""ts"":""1788125020045""}"
2026-08-30T21:24:00.258306Z,1788125038776,ZORA-USDT-SWAP,buy,short,644,0.008436,"{""bkLoss"":""0"",""bkPx"":""0.008436"",""ccy"":"""",""posSide"":""short"",""side"":""buy"",""sz"":""644"",""ts"":""1788125038776""}"
2026-08-30T21:24:00.262511Z,1788125038776,FARTCOIN-USDT-SWAP,sell,long,1406,0.18,"{""bkLoss"":""0"",""bkPx"":""0.18"",""ccy"":"""",""posSide"":""long"",""side"":""sell"",""sz"":""1406"",""ts"":""1788125038776""}"
2026-08-30T21:24:02.209342Z,1788125040919,ENA-USDT-SWAP,sell,long,532,0.1572,"{""bkLoss"":""0"",""bkPx"":""0.1572"",""ccy"":"""",""posSide"":""long"",""side"":""sell"",""sz"":""532"",""ts"":""1788125040919""}"
2026-08-30T21:24:03.319936Z,1788125041975,ENA-USDT-SWAP,sell,long,1135,0.15716,"{""bkLoss"":""0"",""bkPx"":""0.15716"",""ccy"":"""",""posSide"":""long"",""side"":""sell"",""sz"":""1135"",""ts"":""1788125041975""}"
2026-08-30T21:24:10.128472Z,1788125049071,ZORA-USDT-SWAP,buy,short,1844,0.008547,"{""bkLoss"":""0"",""bkPx"":""0.008547"",""ccy"":"""",""posSide"":""short"",""side"":""buy"",""sz"":""1844"",""ts"":""1788125049071""}"
2026-08-30T21:24:11.690314Z,1788125050804,ZORA-USDT-SWAP,buy,short,3400,0.008598,"{""bkLoss"":""0"",""bkPx"":""0.008598"",""ccy"":"""",""posSide"":""short"",""side"":""buy"",""sz"":""3400"",""ts"":""1788125050804""}"
2026-08-30T21:24:12.739358Z,1788125051832,ZORA-USDT-SWAP,buy,short,1415,0.00861,"{""bkLoss"":""0"",""bkPx"":""0.00861"",""ccy"":"""",""posSide"":""short"",""side"":""buy"",""sz"":""1415"",""ts"":""1788125051832""}"
2026-08-30T21:24:13.224196Z,1788125052059,ZORA-USDT-SWAP,buy,short,47000,0.008624,"{""bkLoss"":""0"",""bkPx"":""0.008624"",""ccy"":"""",""posSide"":""short"",""side"":""buy"",""sz"":""47000"",""ts"":""1788125052059""}"
2026-08-30T21:24:26.610888Z,1788125065691,XAG-USDT-SWAP,sell,long,500,66.5,"{""bkLoss"":""0"",""bkPx"":""66.5"",""ccy"":"""",""posSide"":""long"",""side"":""sell"",""sz"":""500"",""ts"":""1788125065691""}"
2026-08-30T21:24:32.268915Z,1788125070922,BZ-USDT-SWAP,buy,short,767,90.34,"{""bkLoss"":""0"",""bkPx"":""90.34"",""ccy"":"""",""posSide"":""short"",""side"":""buy"",""sz"":""767"",""ts"":""1788125070922""}"
2026-08-30T21:24:35.694419Z,1788125074588,XAG-USDT-SWAP,sell,long,1820,66.47,"{""bkLoss"":""0"",""bkPx"":""66.47"",""ccy"":"""",""posSide"":""long"",""side"":""sell"",""sz"":""1820"",""ts"":""1788125074588""}"
2026-08-30T21:24:41.646666Z,1788125080861,XAG-USDT-SWAP,sell,long,5035,66.46,"{""bkLoss"":""0"",""bkPx"":""66.46"",""ccy"":"""",""posSide"":""long"",""side"":""sell"",""sz"":""5035"",""ts"":""1788125080861""}"
2026-08-30T21:24:43.175701Z,1788125082138,XAG-USDT-SWAP,sell,long,955,66.45,"{""bkLoss"":""0"",""bkPx"":""66.45"",""ccy"":"""",""posSide"":""long"",""side"":""sell"",""sz"":""955"",""ts"":""1788125082138""}"
2026-08-30T21:24:44.375455Z,1788125083448,XAG-USDT-SWAP,sell,long,142500,66.44,"{""bkLoss"":""0"",""bkPx"":""66.44"",""ccy"":"""",""posSide"":""long"",""side"":""sell"",""sz"":""142500"",""ts"":""1788125083448""}"
2026-08-30T21:28:57.505409Z,1788125336283,ICX-USDT-SWAP,sell,long,851,0.01108,"{""bkLoss"":""0"",""bkPx"":""0.01108"",""ccy"":"""",""posSide"":""long"",""side"":""sell"",""sz"":""851"",""ts"":""1788125336283""}"
2026-08-30T21:28:58.659330Z,1788125338044,ICX-USDT-SWAP,sell,long,6,0.01095,"{""bkLoss"":""0"",""bkPx"":""0.01095"",""ccy"":"""",""posSide"":""long"",""side"":""sell"",""sz"":""6"",""ts"":""1788125338044""}"
2026-08-30T21:28:59.831567Z,1788125338335,ICX-USDT-SWAP,sell,long,3720,0.01093,"{""bkLoss"":""0"",""bkPx"":""0.01093"",""ccy"":"""",""posSide"":""long"",""side"":""sell"",""sz"":""3720"",""ts"":""1788125338335""}"
2026-08-30T21:29:01.203734Z,1788125336873,ICX-USDT-SWAP,sell,long,1820,0.01105,"{""bkLoss"":""0"",""bkPx"":""0.01105"",""ccy"":"""",""posSide"":""long"",""side"":""sell"",""sz"":""1820"",""ts"":""1788125336873""}"
2026-08-30T21:29:03.007265Z,1788125336658,ICX-USDT-SWAP,sell,long,7398,0.01109,"{""bkLoss"":""0"",""bkPx"":""0.01109"",""ccy"":"""",""posSide"":""long"",""side"":""sell"",""sz"":""7398"",""ts"":""1788125336658""}"
2026-08-30T21:31:26.613030Z,1788125485392,SOL-USDT-SWAP,buy,short,1000,104.35,"{""bkLoss"":""0"",""bkPx"":""104.35"",""ccy"":"""",""posSide"":""short"",""side"":""buy"",""sz"":""1000"",""ts"":""1788125485392""}"
